0.00000000,-10.31948566,-0.29806823,7.81129456,4.43964291,3.29853606,12.12514496,-4.13797951,-1.33049715,-1.31853318,14.18764210,-0.61379707,-17.71222687,-9.18669319,12.09259987,8.05437756,-8.38410473
0.00000000,-10.54512215,-0.35779622,7.96308422,4.48449850,3.11519790,12.45610619,-4.23156643,-1.48472738,-1.40309107,14.33568478,-0.44661546,-17.89656067,-9.42834854,12.26250458,8.20998669,-8.49994564
0.00000000,-10.17489338,-0.30381531,7.80490494,4.41345024,3.17189407,12.05942822,-4.13456917,-1.30710495,-1.33056903,14.11115837,-0.60252017,-17.60983086,-9.05484676,12.00532722,7.99763393,-8.33167934
0.00000000,-10.39207935,-0.31235439,7.88057280,4.45188332,3.22039390,12.26975155,-4.16361141,-1.41254950,-1.36824489,14.22303581,-0.59352922,-17.79166412,-9.29421806,12.15507221,8.11419868,-8.42411423
0.00000000,-10.59755993,-0.31507564,7.98039770,4.50063229,3.19464254,12.39280891,-4.19558239,-1.44180989,-1.39983642,14.40869331,-0.54125130,-17.96719933,-9.40771675,12.28266048,8.31510639,-8.60018826
0.00000000,-10.40988731,-0.31700838,7.87446404,4.43202209,3.22660255,12.35500717,-4.16295862,-1.47988343,-1.42611587,14.37067413,-0.52803135,-17.83269501,-9.28521538,12.21883965,8.23787498,-8.48313141
0.00000000,-10.74511528,-0.32143843,8.12935066,4.55064964,3.19776773,12.67380714,-4.24028778,-1.56681156,-1.43611264,14.59627914,-0.48919052,-18.14067459,-9.57497883,12.47317886,8.43531609,-8.66514778
0.00000000,-10.62046337,-0.33216280,8.08969498,4.49093819,3.20441246,12.54289532,-4.18323803,-1.56156492,-1.38744068,14.49467278,-0.49192089,-17.89404106,-9.47431183,12.33173466,8.31576252,-8.60886288
0.00000000,-10.87944698,-0.26841098,8.23955727,4.65544558,3.22651243,12.76449394,-4.17442226,-1.47510111,-1.39869821,14.73036861,-0.46735027,-18.34840012,-9.69872379,12.54967976,8.36728001,-8.75640678
0.00000000,-10.47856617,-0.36053216,7.91796160,4.48122883,3.20081830,12.24403381,-4.11789799,-1.30947876,-1.40910852,14.24422073,-0.51795340,-17.79924583,-9.24891567,12.16337967,8.09962559,-8.42085457
0.00000000,-10.59866810,-0.23817232,8.01660252,4.41368723,3.18987250,12.45437431,-4.22059059,-1.44744909,-1.38007843,14.44477367,-0.56171572,-17.98608208,-9.44916725,12.28852081,8.23599529,-8.46670914
0.00000000,-10.63253117,-0.30719161,8.04376888,4.54913807,3.17994905,12.49498653,-4.25806475,-1.40747869,-1.44218409,14.41123390,-0.58921361,-18.04154587,-9.44294739,12.39907837,8.37301350,-8.60530186
0.00000000,-10.45967674,-0.35451096,7.87970543,4.48910236,3.22897506,12.31232929,-4.14833641,-1.42594302,-1.33721817,14.26689816,-0.53736234,-17.83646965,-9.30486298,12.17220306,8.13631725,-8.45609856
0.00000000,-10.47990990,-0.31377453,7.94622564,4.41370678,3.14629388,12.37957001,-4.13612652,-1.44352710,-1.42249334,14.31210232,-0.53002405,-17.85493279,-9.31201267,12.25607300,8.18348503,-8.53678989
0.00000000,-10.50396156,-0.32297409,7.96071196,4.48039341,3.18899179,12.36682415,-4.14937305,-1.46206701,-1.37184715,14.28695679,-0.58539712,-17.83190346,-9.31735611,12.21198273,8.21022701,-8.47990131
0.00000000,-10.61843395,-0.36895174,7.99853516,4.46683693,3.20017242,12.36725998,-4.20304203,-1.47985041,-1.37814546,14.41990280,-0.54364812,-17.98493195,-9.41537666,12.32783985,8.24598980,-8.57438946
0.00000000,-10.49875546,-0.33916420,7.97702456,4.49104309,3.17462420,12.35677338,-4.16656208,-1.40140355,-1.36726654,14.36318111,-0.53334689,-17.85527229,-9.24382687,12.23577881,8.27180195,-8.50052357
0.00000000,-10.72442341,-0.33631161,8.15036392,4.54349947,3.24115610,12.64422989,-4.12647343,-1.47345853,-1.43778884,14.56830025,-0.50032306,-18.04319763,-9.55228996,12.40752983,8.35737514,-8.69811726
0.00000000,-10.65794563,-0.32093275,8.03125000,4.51738119,3.23425245,12.45762825,-4.25490856,-1.47701287,-1.38016701,14.43784237,-0.47065431,-17.98203659,-9.51560688,12.34835339,8.31577587,-8.61077690
0.00000000,-10.56589603,-0.26368174,7.95718241,4.45782518,3.24014616,12.39971352,-4.13393307,-1.47610199,-1.39465189,14.43037224,-0.58082521,-18.01567650,-9.42996025,12.26241016,8.31023502,-8.54619408
0.00000000,-10.56893826,-0.28316855,8.02791595,4.47657585,3.21891975,12.46733475,-4.14810991,-1.46498489,-1.41926825,14.41930771,-0.46258926,-17.95433044,-9.46903992,12.31431007,8.16324520,-8.55474472
0.00000000,-10.53951550,-0.36963344,7.92100716,4.47945929,3.22259617,12.32008743,-4.05724621,-1.43506193,-1.29988253,14.37187099,-0.49706519,-17.82073975,-9.30463696,12.22347069,8.17386341,-8.53879356
0.00000000,-10.46443844,-0.32250071,7.92344713,4.40872955,3.19388604,12.33041382,-4.12907410,-1.43737042,-1.30770051,14.31235886,-0.50527358,-17.85690117,-9.25513840,12.15733719,8.15273952,-8.48052883
0.00000000,-10.53241539,-0.27965191,7.88263369,4.40098953,3.28984141,12.32325840,-4.17002106,-1.39981520,-1.38790834,14.34953690,-0.50354457,-17.81280708,-9.26273918,12.19128132,8.21464157,-8.54972553
0.00000000,-10.27542305,-0.36035722,7.79192543,4.42506409,3.20395851,12.01531029,-4.11408997,-1.33841574,-1.37453616,14.11188412,-0.59706712,-17.59299088,-9.12195492,12.03647327,8.12000847,-8.35289478
0.00000000,-10.41579533,-0.29986823,7.89084530,4.49463177,3.19842482,12.23980141,-4.21044254,-1.41873848,-1.36346292,14.32424164,-0.55447340,-17.83629417,-9.30240440,12.16959858,8.20659256,-8.45607185
0.00000000,-10.44678402,-0.26082954,7.87373114,4.53151178,3.19586992,12.25054932,-4.15888739,-1.37345219,-1.35387230,14.25162601,-0.58906126,-17.81818390,-9.31568241,12.15628052,8.15604687,-8.47269249
0.00000000,-10.43841267,-0.30526307,7.90424442,4.38971710,3.19260240,12.25133610,-4.10199499,-1.37806880,-1.37879014,14.34299946,-0.56741285,-17.74780273,-9.28589630,12.24060249,8.18477345,-8.48794937
0.00000000,-10.60647964,-0.35567051,7.99666786,4.48293686,3.20841789,12.41268635,-4.22011757,-1.47443092,-1.36694646,14.45246220,-0.46947333,-17.93594551,-9.43519878,12.28608513,8.27684021,-8.56204414
0.00000000,-10.27508926,-0.32383943,7.81298447,4.40395355,3.25756001,12.08624935,-4.12919664,-1.30968249,-1.33732378,14.08251476,-0.60522592,-17.61891747,-9.09307384,11.99708080,7.97168875,-8.30035496
0.00000000,-10.58914757,-0.31789386,7.97113943,4.48974562,3.20094752,12.45328903,-4.13335133,-1.44537282,-1.37235880,14.46752930,-0.54156625,-17.91942406,-9.46165180,12.30819702,8.21863651,-8.63933372
0.00000000,-10.65241528,-0.30524486,8.05203819,4.48130274,3.18622494,12.51272011,-4.19167519,-1.50491798,-1.36184371,14.45544338,-0.49938881,-18.03337479,-9.50917149,12.33330059,8.34018040,-8.56075096
0.00000000,-10.45989132,-0.30990618,7.94943190,4.45887661,3.27640057,12.24996185,-4.13948345,-1.39680803,-1.35796750,14.33699131,-0.59408331,-17.83600616,-9.31483078,12.26537037,8.16878796,-8.52389526
0.00000000,-10.48169899,-0.24046464,7.95810366,4.41827536,3.18894458,12.35889626,-4.15304661,-1.39540708,-1.42854512,14.30211258,-0.54927695,-17.90359879,-9.33169937,12.23237038,8.18911552,-8.47683334
0.00000000,-10.24409199,-0.28497094,7.76668072,4.36302853,3.21491504,12.00517178,-4.11102486,-1.30549765,-1.31419575,14.12664032,-0.64329970,-17.59346581,-9.05863380,12.00066185,7.97524405,-8.29836655
0.00000000,-10.49158478,-0.28137416,7.85811138,4.40833187,3.22631407,12.23906136,-4.16714478,-1.45281065,-1.40515006,14.30410767,-0.57789564,-17.84291840,-9.34309864,12.16079426,8.09855556,-8.44339657
0.00000000,-10.53929615,-0.27037108,8.01096153,4.48037052,3.22584534,12.41896152,-4.23421383,-1.43407810,-1.36134219,14.42163086,-0.50125563,-18.02487755,-9.40771580,12.29021835,8.19304180,-8.53965092
0.00000000,-10.63392067,-0.34211141,7.98542166,4.42166328,3.23296404,12.40927315,-4.13586807,-1.43730545,-1.44339252,14.40369701,-0.54634154,-17.98444939,-9.37374210,12.35704517,8.30689430,-8.61192036
0.00000000,-10.53203106,-0.31460008,7.94942331,4.43254614,3.22709370,12.37711143,-4.10957146,-1.47468603,-1.36075139,14.38797092,-0.51961881,-17.86641502,-9.27681255,12.28541946,8.26267242,-8.61070538
0.00000000,-10.49878979,-0.32306153,7.92643309,4.49912262,3.16802526,12.29828930,-4.16116428,-1.45062888,-1.37094402,14.32379436,-0.54238462,-17.86088943,-9.33570385,12.26856232,8.15996933,-8.53403473
0.00000000,-10.65516376,-0.21100959,8.04147911,4.47266483,3.25972033,12.47546196,-4.15532732,-1.46817839,-1.39984930,14.55208588,-0.48354590,-18.03864670,-9.49291515,12.40387058,8.29670620,-8.58966541
0.00000000,-10.45540714,-0.32639462,7.91033220,4.48729324,3.23466086,12.34102726,-4.17884636,-1.44121957,-1.29478717,14.37152481,-0.59246200,-17.88820648,-9.29888535,12.22366142,8.22088623,-8.51242065
0.00000000,-10.58592319,-0.28512937,8.00275707,4.47347260,3.24025011,12.42965412,-4.13512611,-1.47187293,-1.42440319,14.49818516,-0.50040507,-17.95131683,-9.40305042,12.30391884,8.22368908,-8.58730793
0.00000000,-10.54378700,-0.31881636,8.03617954,4.47130775,3.18290591,12.44119644,-4.16638517,-1.49779332,-1.36106253,14.49698830,-0.50762725,-17.96996880,-9.44536877,12.28929424,8.29341125,-8.59650517
0.00000000,-10.45537567,-0.31031787,7.88061047,4.43577385,3.22434497,12.22966480,-4.18073273,-1.43523228,-1.36862290,14.26781273,-0.49863631,-17.79493713,-9.25889397,12.12649155,8.11988163,-8.41497517
0.00000000,-10.33692932,-0.28371590,7.84684896,4.45854473,3.18284345,12.12668133,-4.14052677,-1.29400575,-1.32496202,14.15208912,-0.59907442,-17.66954231,-9.09347534,12.07453442,7.96807384,-8.39837074
0.00000000,-10.42980385,-0.25207919,7.87927580,4.45142365,3.30626583,12.23516846,-4.11518097,-1.40832245,-1.32765055,14.29835415,-0.57429028,-17.80442810,-9.23217678,12.14299583,8.12571812,-8.52627087
0.00000000,-10.43615055,-0.36034256,7.93615484,4.49153662,3.23923635,12.28397465,-4.16989326,-1.41783738,-1.38272250,14.33504200,-0.58582443,-17.80628395,-9.29250526,12.23978519,8.16419792,-8.39268208
0.00000000,-10.40448380,-0.32055730,7.85252094,4.39154339,3.23299170,12.25209618,-4.15225649,-1.42608714,-1.32082200,14.23124599,-0.53685766,-17.74319458,-9.19844818,12.09583759,8.08443737,-8.39447975
0.00000000,-10.38195324,-0.22079287,7.90487814,4.42575741,3.17129230,12.28639603,-4.15339851,-1.32862401,-1.36085916,14.24885845,-0.55279422,-17.81377220,-9.27422333,12.15873337,8.06645298,-8.41359043
0.00000000,-10.33941746,-0.27518183,7.80208588,4.46029758,3.21845651,12.11183834,-4.10238743,-1.32020772,-1.30989516,14.15534019,-0.61135197,-17.71881294,-9.18546486,12.01817703,8.07708645,-8.39568996
0.00000000,-10.49212360,-0.29510319,7.96882820,4.41960144,3.22387004,12.32612991,-4.16910839,-1.37008452,-1.37033200,14.42580032,-0.50785285,-17.92593765,-9.34256840,12.22482109,8.15728855,-8.52054405
0.00000000,-10.55455875,-0.30220175,7.95253658,4.48324776,3.20160055,12.39342499,-4.22364330,-1.44798982,-1.39412284,14.34864902,-0.46881354,-17.95733070,-9.34740353,12.30915642,8.15304661,-8.53812599
0.00000000,-10.53570175,-0.25498483,7.97179890,4.54597759,3.20006609,12.40931511,-4.17782307,-1.41753972,-1.35204971,14.34836197,-0.51825190,-17.92831230,-9.28084660,12.26208687,8.21615696,-8.48685074
0.00000000,-10.50969219,-0.31225473,7.92816448,4.50510454,3.19463205,12.41141033,-4.14136314,-1.47936857,-1.36487746,14.39935684,-0.56654567,-17.94097710,-9.37389183,12.25240612,8.28454113,-8.52371311
0.00000000,-10.43818569,-0.30824691,7.89818478,4.41852856,3.16756988,12.24027824,-4.17932606,-1.37725842,-1.34881938,14.21923447,-0.61784315,-17.79186821,-9.16689396,12.19482422,8.19102192,-8.44651985
0.00000000,-10.35360813,-0.33916748,7.82595778,4.46082306,3.21178961,12.20726681,-4.12937021,-1.44018912,-1.37707901,14.23421192,-0.55040866,-17.66752243,-9.22700500,12.08432484,8.13661766,-8.41316319
0.00000000,-10.65175915,-0.26886705,8.07009697,4.47499752,3.18463731,12.49861526,-4.13571119,-1.48499930,-1.39047134,14.43961906,-0.44215560,-18.06114769,-9.39860439,12.35343266,8.34518242,-8.59580994
0.00000000,-10.61869621,-0.29090112,7.98533487,4.51978588,3.19876862,12.38818455,-4.13829327,-1.41102719,-1.39314723,14.32023525,-0.52769470,-17.90269279,-9.43542862,12.24375343,8.15304852,-8.52073288
0.00000000,-10.62368774,-0.25952253,8.10105991,4.51320410,3.27944279,12.48236847,-4.21316147,-1.47369003,-1.44141757,14.56520557,-0.47814393,-18.04784203,-9.45147419,12.35631847,8.39744568,-8.61853981
0.00000000,-10.42553616,-0.32445085,7.93897247,4.47231197,3.19606543,12.41149235,-4.15824413,-1.46256208,-1.38270426,14.34689140,-0.49766195,-17.83855057,-9.31400871,12.26898193,8.22659111,-8.46560383
0.00000000,-10.50828362,-0.29062709,7.97457409,4.42233181,3.19453621,12.37524605,-4.16269398,-1.42538917,-1.40657461,14.35692501,-0.56073749,-17.93732262,-9.37220573,12.27889824,8.23421383,-8.55651665
0.00000000,-10.65603256,-0.35297239,8.10988617,4.53051758,3.15404749,12.59027004,-4.14694929,-1.50483835,-1.37206078,14.46591663,-0.46518654,-18.02886581,-9.54235649,12.41894436,8.38477421,-8.62095928
0.00000000,-10.29721737,-0.36231008,7.78349066,4.41693735,3.19762349,12.04379463,-4.13805199,-1.36397421,-1.34357858,14.09070206,-0.58068287,-17.60290337,-9.09813690,12.02630520,8.08298397,-8.41919899
0.00000000,-10.42425728,-0.32588387,7.91811848,4.40388107,3.17381191,12.26543808,-4.14516449,-1.41125739,-1.35422349,14.27889061,-0.56878972,-17.88179398,-9.27691650,12.18663120,8.11438465,-8.47347450
0.00000000,-10.88323784,-0.25396529,8.19062424,4.52913284,3.25327539,12.70453930,-4.20904207,-1.53131557,-1.44677544,14.75153446,-0.48203278,-18.20298958,-9.70153046,12.57343960,8.44511127,-8.74213314
0.00000000,-10.25410366,-0.28333312,7.84705496,4.41109848,3.20197415,12.15643501,-4.07438374,-1.34501219,-1.35542607,14.18281460,-0.55663753,-17.74667358,-9.12996578,12.09602070,8.05456448,-8.38571644
0.00000000,-10.51630783,-0.21690544,8.01229477,4.53765869,3.26718664,12.43735790,-4.18723917,-1.45039082,-1.36150396,14.48910522,-0.48680300,-18.07237816,-9.53362274,12.37299061,8.23437977,-8.55915737
0.00000000,-10.70508671,-0.26091194,8.07926655,4.61435032,3.28022218,12.61510849,-4.18640614,-1.48014212,-1.34217346,14.58945847,-0.50650573,-18.14811134,-9.59868717,12.41927338,8.34305286,-8.64299393
0.00000000,-10.63162136,-0.27958554,8.04108047,4.49136925,3.17734575,12.53302097,-4.15596581,-1.50215399,-1.38506532,14.45947361,-0.50023329,-17.95320892,-9.40210342,12.31162834,8.30192089,-8.63564110
0.00000000,-10.56967926,-0.28820741,8.05258083,4.41386127,3.15511250,12.45604992,-4.19247150,-1.48528099,-1.43760633,14.43298244,-0.45271766,-18.01469612,-9.52451134,12.37835217,8.28501034,-8.54984474
0.00000000,-10.38486290,-0.33679271,7.83584547,4.38589668,3.15322900,12.16073036,-4.19175577,-1.34317350,-1.38424540,14.10961056,-0.54680145,-17.77713394,-9.12331772,12.10216045,8.01813412,-8.36943626
0.00000000,-10.37610340,-0.28345931,7.83453512,4.46983862,3.19390035,12.20655441,-4.17889833,-1.36404145,-1.29063094,14.28061676,-0.58255804,-17.77781487,-9.24974537,12.09379387,8.09243870,-8.41053200
0.00000000,-10.46651363,-0.30849040,7.96920586,4.41236973,3.17642379,12.35618019,-4.20962763,-1.43736899,-1.34774065,14.38696003,-0.51647067,-17.88869476,-9.41738605,12.26432133,8.18634892,-8.52784061
0.00000000,-10.58284760,-0.28401348,8.01889992,4.50924969,3.23795748,12.48367405,-4.20470142,-1.37202227,-1.42636514,14.40001488,-0.52826762,-18.05602074,-9.36990452,12.29635525,8.20275784,-8.55073071
0.00000000,-10.36970425,-0.32459676,7.90436029,4.49073792,3.29696918,12.29115009,-4.11524534,-1.38087332,-1.35189545,14.30606174,-0.55035591,-17.74148369,-9.20558548,12.13430691,8.15305519,-8.46400070
0.00000000,-10.73893452,-0.33237886,8.09649086,4.47552490,3.24484730,12.55616760,-4.14772606,-1.48026288,-1.41891026,14.60565948,-0.42044362,-18.08543777,-9.54288101,12.44349003,8.30077553,-8.65620518
0.00000000,-10.39269352,-0.26032078,7.94077063,4.47836685,3.19666123,12.28729343,-4.10755157,-1.40568352,-1.34642196,14.26552200,-0.59878170,-17.80888176,-9.31925106,12.14794445,8.18183613,-8.47620964
0.00000000,-10.59072304,-0.32427627,8.12042046,4.61557293,3.18730545,12.61131477,-4.26380825,-1.44811320,-1.40729249,14.57817459,-0.50642228,-18.05048180,-9.50705338,12.39371967,8.38020420,-8.61315918
0.00000000,-10.50231647,-0.32109857,8.01512909,4.43815041,3.11266899,12.35421276,-4.18863201,-1.39012647,-1.37072861,14.30984020,-0.55784184,-17.84335899,-9.35381603,12.25955009,8.18362713,-8.44546986
0.00000000,-10.70736313,-0.32431895,8.08739853,4.59294319,3.17811465,12.53835201,-4.23681259,-1.39545012,-1.43596172,14.53818417,-0.44560724,-18.04886055,-9.51744938,12.42210579,8.29256439,-8.61078262
0.00000000,-10.59853363,-0.32484591,7.97181940,4.52907801,3.18577147,12.43937111,-4.18798971,-1.40488052,-1.37166417,14.37532520,-0.49680051,-17.99600792,-9.34393692,12.30084133,8.29070568,-8.56552982
0.00000000,-10.47406673,-0.32657269,7.95996141,4.41723013,3.26651907,12.32243824,-4.17334223,-1.46106470,-1.39923358,14.38200569,-0.53072333,-17.88766098,-9.34223557,12.27418137,8.15601635,-8.51080799
0.00000000,-10.68042278,-0.37413159,8.07310486,4.51868773,3.21020412,12.56696701,-4.30672073,-1.49695575,-1.42789602,14.48206520,-0.47355717,-18.08838844,-9.46932125,12.37636375,8.35625076,-8.64976406
0.00000000,-10.46183300,-0.35127896,7.91726971,4.41751480,3.16701794,12.25980854,-4.16710663,-1.42730260,-1.40508366,14.27720547,-0.55569136,-17.83269501,-9.26486111,12.19241619,8.15723896,-8.48808479
0.00000000,-10.56455612,-0.33641088,7.99357986,4.56112194,3.14273262,12.35854053,-4.24966717,-1.38004553,-1.37764359,14.36379147,-0.52864289,-17.84822464,-9.30810356,12.20793915,8.17020321,-8.45719719
0.00000000,-10.41318703,-0.32219678,7.87009430,4.48894691,3.21339583,12.22366810,-4.11772060,-1.35943651,-1.35520947,14.26502514,-0.55274218,-17.77352142,-9.26024437,12.11361217,8.15145016,-8.42922592
0.00000000,-10.59204102,-0.31271636,8.04197884,4.50595093,3.16933513,12.52633286,-4.20389128,-1.53200495,-1.35654974,14.51160240,-0.47778463,-17.93438911,-9.43869591,12.32365227,8.26854420,-8.60293198
0.00000000,-10.50041866,-0.33533341,7.91285563,4.43046045,3.22496724,12.33393860,-4.15671539,-1.39185202,-1.38143682,14.41037846,-0.54583836,-17.82605743,-9.39455891,12.21978855,8.19007492,-8.55378151
0.00000000,-10.43589783,-0.29641342,7.88087797,4.39685917,3.22422838,12.28182793,-4.15540457,-1.37802935,-1.37059832,14.29027462,-0.51377141,-17.84534454,-9.30927753,12.16667461,8.13476849,-8.38950920
0.00000000,-10.70554638,-0.25664073,8.07345009,4.54780197,3.27512145,12.53337860,-4.19042110,-1.40316331,-1.41348219,14.53472519,-0.45794243,-18.02984810,-9.45856476,12.37362576,8.40380096,-8.59351158
0.00000000,-10.56607246,-0.36091971,8.00305080,4.51668549,3.16759849,12.40603065,-4.22175598,-1.48620296,-1.44197619,14.40340137,-0.51652789,-17.92193985,-9.45270348,12.25346279,8.22995663,-8.57444859
0.00000000,-10.35271454,-0.38506600,7.80580187,4.42520428,3.21786380,12.15771389,-4.14257050,-1.43862689,-1.40751636,14.15394020,-0.46594161,-17.66172028,-9.20779705,12.09556389,8.12789345,-8.35334587
0.00000000,-10.32422733,-0.37143257,7.84172726,4.42516994,3.18115687,12.17311287,-4.15315723,-1.35573363,-1.35706174,14.20079994,-0.58205026,-17.72311592,-9.27974796,12.11632919,8.16464996,-8.40774632
0.00000000,-10.53727627,-0.27093574,7.94040871,4.50938988,3.18228841,12.38061810,-4.21441460,-1.39084172,-1.42985320,14.38935757,-0.52509046,-17.97621346,-9.42893410,12.27988625,8.27396774,-8.59292316
0.00000000,-10.44678879,-0.30725121,7.91015387,4.42777491,3.20018673,12.28844166,-4.19320774,-1.34491193,-1.37876308,14.25476646,-0.55555612,-17.77274895,-9.22914982,12.18361187,8.12993145,-8.40681267
0.00000000,-10.25613213,-0.29115903,7.83839560,4.52546930,3.17315078,12.15797806,-4.14531422,-1.32816291,-1.36542928,14.14829063,-0.57764167,-17.65390587,-9.13484001,12.03593063,8.06870365,-8.38754272
0.00000000,-10.50814629,-0.23793264,7.98958778,4.50366974,3.20217061,12.43536091,-4.15912628,-1.43996501,-1.38861930,14.36209679,-0.51255387,-17.95970726,-9.41151142,12.28697777,8.23289967,-8.50779247
0.00000000,-10.42662334,-0.30309695,7.90486336,4.44814825,3.24344110,12.22094059,-4.11206341,-1.40591681,-1.36301577,14.23049164,-0.59417641,-17.84657669,-9.32330418,12.17566776,8.14475822,-8.43554497
0.00000000,-10.55337048,-0.26334113,7.97498655,4.52297592,3.26805592,12.41176414,-4.20287609,-1.45880103,-1.37468743,14.39943123,-0.47246516,-17.87902069,-9.40099144,12.23867416,8.22173882,-8.54990292
0.00000000,-10.28488541,-0.22165377,7.77508926,4.37161493,3.25782394,12.13558197,-4.11912537,-1.36141694,-1.33246291,14.19077492,-0.64679402,-17.80221939,-9.14409542,12.10516167,8.06773663,-8.42350292
0.00000000,-10.60942936,-0.30486947,8.07956314,4.50646210,3.21882081,12.54265594,-4.14342785,-1.44602859,-1.40647340,14.52378559,-0.50904107,-18.00395966,-9.38852596,12.38786507,8.31250286,-8.59936714
0.00000000,-10.48191833,-0.31169075,7.96973658,4.51867819,3.17547393,12.38933372,-4.17485189,-1.39927423,-1.37840581,14.35404015,-0.56002748,-17.89971161,-9.30032158,12.31622887,8.24089336,-8.52317715
0.00000000,-10.72413254,-0.25354567,8.06574821,4.57031155,3.19991899,12.57858658,-4.25576925,-1.43827271,-1.38322902,14.47982693,-0.50339770,-18.10696602,-9.41732597,12.45901966,8.28455639,-8.59594536
0.00000000,-10.58589458,-0.23085208,8.04352093,4.42901993,3.13370991,12.49806213,-4.25790024,-1.43345428,-1.39722097,14.58605385,-0.48893711,-18.07987213,-9.51793957,12.39819527,8.28925037,-8.58716774
0.00000000,-10.19851685,-0.38199160,7.80760431,4.43807888,3.20126915,12.06221390,-4.12443924,-1.31765008,-1.35612297,14.07334900,-0.59418142,-17.57848930,-9.11563301,12.02288818,7.97930813,-8.38461590
0.00000000,-10.48874569,-0.32241392,7.93968010,4.46169186,3.26958752,12.34626389,-4.13117886,-1.44990754,-1.36370707,14.36758804,-0.55849779,-17.90604782,-9.37167263,12.22922993,8.18061447,-8.47742367
0.00000000,-10.41524792,-0.29836562,7.90528107,4.49280834,3.24030232,12.24650574,-4.08551979,-1.37596333,-1.37955177,14.28464603,-0.51441979,-17.78549194,-9.20574570,12.19892979,8.17356300,-8.49213409
0.00000000,-10.59811974,-0.21079800,8.02587891,4.50349236,3.23066449,12.47180080,-4.18435335,-1.42727208,-1.39968908,14.49570465,-0.49104065,-17.95761299,-9.50936508,12.35187912,8.30701637,-8.57071209
0.00000000,-10.76553535,-0.29842696,8.11295700,4.57415867,3.16835618,12.52619362,-4.20272446,-1.45419300,-1.39695859,14.46284294,-0.47671396,-18.05467415,-9.45880508,12.43061733,8.38768482,-8.66373825
0.00000000,-10.10142899,-0.31199688,7.71798086,4.45826197,3.10806441,11.97854424,-4.12017441,-1.30009484,-1.37209797,13.98186493,-0.67089784,-17.53273201,-8.99059963,11.92602634,7.94868040,-8.21880436
0.00000000,-10.50900745,-0.35203436,7.99773645,4.56770515,3.24442458,12.39944839,-4.17327023,-1.51321793,-1.37559092,14.40983009,-0.47914591,-17.95353889,-9.44485950,12.24199104,8.26863003,-8.53919220
0.00000000,-10.48657036,-0.32894069,7.97729635,4.51761389,3.22217464,12.34059048,-4.17904568,-1.34634602,-1.36881065,14.30773258,-0.52933979,-17.87786674,-9.30041885,12.32173634,8.22691536,-8.53174019
0.00000000,-10.39669609,-0.31200346,7.83269310,4.49219704,3.24831820,12.12651157,-4.13764858,-1.37934411,-1.35824394,14.13383675,-0.49633962,-17.75370598,-9.18978500,12.05566311,8.07227802,-8.42000103
0.00000000,-10.48637676,-0.31118011,7.94088507,4.51199532,3.22322059,12.34799862,-4.16283989,-1.46089721,-1.38428652,14.39830017,-0.49891311,-17.92842674,-9.39865017,12.24951458,8.21757317,-8.51983643
0.00000000,-10.60189629,-0.22868034,8.00454903,4.52701950,3.19326258,12.50182056,-4.19217014,-1.43310821,-1.40837622,14.47079086,-0.52646446,-17.99128532,-9.46309471,12.38443851,8.28623962,-8.59845352
0.00000000,-10.22559071,-0.35157084,7.80370712,4.45360565,3.22008610,12.07654572,-4.16671228,-1.30738342,-1.35475397,13.99957943,-0.58257049,-17.60543823,-9.02490139,12.00005150,7.99182987,-8.24978161
0.00000000,-10.57781982,-0.23615611,7.96324635,4.43072224,3.15409255,12.39715862,-4.24483681,-1.42938411,-1.34719837,14.41111565,-0.50389314,-17.86465073,-9.40361786,12.26395702,8.19214249,-8.45613098
0.00000000,-10.32202530,-0.25479913,7.83830547,4.38990021,3.24778199,12.13090134,-4.14183235,-1.35589409,-1.27279115,14.22922802,-0.62840044,-17.69969368,-9.18378162,12.01690578,8.08478642,-8.38842583
0.00000000,-10.50660896,-0.32361615,7.92892981,4.42982864,3.20705843,12.34535885,-4.13696671,-1.42759383,-1.41605091,14.39840508,-0.51803923,-17.81857491,-9.34180832,12.26652431,8.18974781,-8.51057434
0.00000000,-10.64548397,-0.37576365,8.04899979,4.56527519,3.23161149,12.52610874,-4.16216373,-1.44485927,-1.40151072,14.47368431,-0.53522813,-17.99057961,-9.44042397,12.43419838,8.30841064,-8.60361576
0.00000000,-10.93838120,-0.34547728,8.22097111,4.61115265,3.15118384,12.83606529,-4.20936966,-1.52933156,-1.44017434,14.76864433,-0.39352012,-18.29661369,-9.70150185,12.62118053,8.60676861,-8.83790112
0.00000000,-10.67428589,-0.31351227,8.05109596,4.54544020,3.18557525,12.53385258,-4.15969849,-1.43403888,-1.40438759,14.53614807,-0.45945144,-17.99495888,-9.52060890,12.33949566,8.31116867,-8.56800175
0.00000000,-10.64205933,-0.29811001,8.01060963,4.49860668,3.15704679,12.45219612,-4.24374485,-1.42571819,-1.34571648,14.40302086,-0.46679527,-17.99445343,-9.35630131,12.31653881,8.27631855,-8.53585148
0.00000000,-10.57996941,-0.32321534,7.99215078,4.43880653,3.18971229,12.34529305,-4.19765949,-1.45715046,-1.40524042,14.33156872,-0.47137412,-17.98520660,-9.39593697,12.28492737,8.18425369,-8.49298286
0.00000000,-10.47984791,-0.30067617,8.05087280,4.40243626,3.24492764,12.44150448,-4.16714048,-1.51892042,-1.42732716,14.32423210,-0.51584798,-18.01249695,-9.33078480,12.34305573,8.25257492,-8.57510567
0.00000000,-10.43441296,-0.34290493,7.98571396,4.49294376,3.24540496,12.38796711,-4.19567251,-1.48624766,-1.31789398,14.31827068,-0.53792459,-17.84863091,-9.30036068,12.22268581,8.19982243,-8.47432327
0.00000000,-10.62491322,-0.24661583,8.02549744,4.40667295,3.19359112,12.49997711,-4.21121788,-1.49954069,-1.34170699,14.50696278,-0.51192236,-18.08997917,-9.46637249,12.36530972,8.30248547,-8.58428955
0.00000000,-10.53010368,-0.28711957,8.02896118,4.63185501,3.25224423,12.42907619,-4.18664837,-1.41724753,-1.37754607,14.43006516,-0.47854868,-18.06039619,-9.42578220,12.37897110,8.29203320,-8.60398865
0.00000000,-10.71746063,-0.25128442,8.09990501,4.50654888,3.18436503,12.60170650,-4.22709799,-1.50460541,-1.39564562,14.57014942,-0.50619525,-18.15336037,-9.54777050,12.41129684,8.37551308,-8.63883209
0.00000000,-10.60755062,-0.28123772,8.02535534,4.47651386,3.22214317,12.49800587,-4.20206928,-1.50398111,-1.37927651,14.42749119,-0.52775538,-18.01741982,-9.45127296,12.25815010,8.28657818,-8.62802792
0.00000000,-10.48302174,-0.31560445,7.91114998,4.38636780,3.15126252,12.25096512,-4.12705135,-1.40797400,-1.30329084,14.29251099,-0.57986695,-17.81356430,-9.32943249,12.17728138,8.18376160,-8.50664330
0.00000000,-10.62963486,-0.27720669,7.97379351,4.45371914,3.22048974,12.32420158,-4.24092102,-1.48506904,-1.35518372,14.45053864,-0.53515702,-18.08015442,-9.40625000,12.38907433,8.23982525,-8.56273556
0.00000000,-10.66189194,-0.33030295,8.03603363,4.43072510,3.21688414,12.41395092,-4.18273830,-1.42649472,-1.35093188,14.50430202,-0.53984249,-17.94836044,-9.41863823,12.31371403,8.21586227,-8.56341553
0.00000000,-10.64615154,-0.33701968,7.99676180,4.47370625,3.18701792,12.44776821,-4.17917347,-1.47501063,-1.50353968,14.38420582,-0.48006070,-18.02988625,-9.40907192,12.35341835,8.25572300,-8.53646088
0.00000000,-10.65818214,-0.25142390,8.02732277,4.45589161,3.15971065,12.45773888,-4.20629501,-1.42605138,-1.41629720,14.46679783,-0.57211250,-17.95410919,-9.54548359,12.34504986,8.27110195,-8.59552956
0.00000000,-10.60384846,-0.24070700,7.99924517,4.51695919,3.20596600,12.50622845,-4.27063274,-1.44223726,-1.36868536,14.42890263,-0.47760558,-17.97837067,-9.47800636,12.31544971,8.30187607,-8.50111580
0.00000000,-10.42061901,-0.34540069,7.85234785,4.42415905,3.20270085,12.24193382,-4.17361736,-1.42253077,-1.38620389,14.26754189,-0.60620695,-17.82228661,-9.26017284,12.20235538,8.16127872,-8.42513084
0.00000000,-10.75745487,-0.25262618,8.15995598,4.55111408,3.17072368,12.72292233,-4.17734623,-1.49318910,-1.47788334,14.63130951,-0.42022222,-18.17467117,-9.70761204,12.52142906,8.38197422,-8.70934391
0.00000000,-10.30892754,-0.22944751,7.80967903,4.48569727,3.19297576,12.11999416,-4.19550610,-1.29439509,-1.33241558,14.12901115,-0.59387159,-17.63683128,-9.12010193,11.94260311,8.00101376,-8.32608223
0.00000000,-10.55104542,-0.32303184,7.96149588,4.41149616,3.11049104,12.41053867,-4.16573858,-1.49708116,-1.38273573,14.32927704,-0.47238076,-17.88986588,-9.38912296,12.31049538,8.24373913,-8.52941036
0.00000000,-10.40065479,-0.33270532,7.88809395,4.36261272,3.20976686,12.24031639,-4.16169167,-1.36004162,-1.36465943,14.23290157,-0.61988223,-17.70183372,-9.24542332,12.11305332,8.11279202,-8.35580635
0.00000000,-10.68269730,-0.30367947,8.03722572,4.52833271,3.14306450,12.48843384,-4.22201061,-1.52165163,-1.48238266,14.47594833,-0.41996211,-18.09637642,-9.39925575,12.40061378,8.31755733,-8.54095364
0.00000000,-10.59402370,-0.35781175,8.00142288,4.53952408,3.20775008,12.49894428,-4.21028519,-1.38047278,-1.38888693,14.45067120,-0.47461936,-18.00400734,-9.39949989,12.29356670,8.22212410,-8.56656647
0.00000000,-10.42368507,-0.35614747,7.87923336,4.45040512,3.17488027,12.18180656,-4.11396503,-1.36751688,-1.35887742,14.20638752,-0.59325373,-17.76990318,-9.19442081,12.10249233,8.08246899,-8.45989513
0.00000000,-10.43537521,-0.28895366,7.96992636,4.41375875,3.21432567,12.41719532,-4.25538063,-1.42579305,-1.34903824,14.37227345,-0.52904642,-17.92831802,-9.24312115,12.24285221,8.19463539,-8.46005344
0.00000000,-10.53565407,-0.32990551,7.94974613,4.45930958,3.14931560,12.34461021,-4.20992470,-1.46181107,-1.38675165,14.38366032,-0.53998196,-17.88003159,-9.39047432,12.23942757,8.16183949,-8.44633579
0.00000000,-10.51195240,-0.31751308,8.02677155,4.52263260,3.25044370,12.52577782,-4.19938374,-1.48832071,-1.39720607,14.47987366,-0.52515292,-17.90386391,-9.41771412,12.26185417,8.28677464,-8.51413441
0.00000000,-10.14068031,-0.35522544,7.68812275,4.33287144,3.21592546,11.95737267,-4.08802128,-1.31755114,-1.27359402,14.00025463,-0.60173672,-17.45193672,-9.00579548,11.87025261,7.94351482,-8.26389599
0.00000000,-10.68541145,-0.27762169,8.01964283,4.49487591,3.21312952,12.46040726,-4.22868252,-1.42606759,-1.40637004,14.50483036,-0.52429307,-17.94865036,-9.49328136,12.35105610,8.28781414,-8.54539204
0.00000000,-10.41518211,-0.32098538,7.92500353,4.56167984,3.19825220,12.23965931,-4.12426043,-1.39488411,-1.38816369,14.27098942,-0.48601711,-17.80501938,-9.26130390,12.19196987,8.23383427,-8.48944187
0.00000000,-10.61460686,-0.30989450,8.04093361,4.43206120,3.23845077,12.40979099,-4.19724274,-1.49255872,-1.44518554,14.40500259,-0.52356243,-17.96041298,-9.37797928,12.34645271,8.33584023,-8.56276989
0.00000000,-10.59483051,-0.26624876,7.99190187,4.43835831,3.28691387,12.42562580,-4.19792557,-1.52802229,-1.33284354,14.43041229,-0.54652357,-18.00913811,-9.50234127,12.25290871,8.24749279,-8.53992271
0.00000000,-10.33884907,-0.29416978,7.85231113,4.42352295,3.27287388,12.21350479,-4.16926861,-1.34678328,-1.37977266,14.22211552,-0.52911985,-17.79604149,-9.17976379,12.16559315,8.12603378,-8.32470131
0.00000000,-10.46898556,-0.27931172,7.89639664,4.45506096,3.14560509,12.24883652,-4.15438652,-1.36894286,-1.36286247,14.24099445,-0.61420196,-17.85034370,-9.27637577,12.12846279,8.12257862,-8.45582867
0.00000000,-10.71988297,-0.31995428,8.06734085,4.52102137,3.19264650,12.67176342,-4.23872948,-1.50095975,-1.39218163,14.58115005,-0.47644484,-18.01245499,-9.52216339,12.44022751,8.36579990,-8.60447693
0.00000000,-10.47908688,-0.33870742,7.90992451,4.48853683,3.14089108,12.37049389,-4.22145939,-1.37390959,-1.40370572,14.33484554,-0.55229902,-17.86249733,-9.25586033,12.22264862,8.15654659,-8.52266312
0.00000000,-10.62756538,-0.35235471,8.05843258,4.53603458,3.18931222,12.43800354,-4.24607801,-1.50347817,-1.39826918,14.34130287,-0.49174094,-17.98237991,-9.38621902,12.29992962,8.30173874,-8.58356857
0.00000000,-10.50314999,-0.31716111,7.99363613,4.49549770,3.21428990,12.32506561,-4.16850090,-1.39768410,-1.42993820,14.33688736,-0.52687508,-17.90264893,-9.29526520,12.25335217,8.26794052,-8.56667042
0.00000000,-10.52805424,-0.30412167,7.98374987,4.43511581,3.15409255,12.35604382,-4.24840546,-1.45729673,-1.41411293,14.42020988,-0.49762923,-17.93281174,-9.43029499,12.22321510,8.29889488,-8.53553391
0.00000000,-10.28663540,-0.37212473,7.78894377,4.41263866,3.15986347,12.12625694,-4.06910038,-1.32768035,-1.22572219,14.20007896,-0.68016315,-17.69367790,-9.17180157,12.08064747,8.07400799,-8.45235062
0.00000000,-10.34357262,-0.32158291,7.82120132,4.44482803,3.30047607,12.28200436,-4.07262802,-1.44781351,-1.34700763,14.23739052,-0.53387940,-17.75968170,-9.18897152,12.16037273,8.18541908,-8.48027515
0.00000000,-10.57740498,-0.24974272,7.93513775,4.45840740,3.22654605,12.30092049,-4.12620163,-1.47098219,-1.35630071,14.41597652,-0.52830058,-17.88858032,-9.36918640,12.25179195,8.21673965,-8.55255032
0.00000000,-10.72178173,-0.29534984,8.15238190,4.54643631,3.24839187,12.49451828,-4.22163200,-1.44327271,-1.40316725,14.51787949,-0.46999988,-18.13833618,-9.47406387,12.46437168,8.32339382,-8.59689999
0.00000000,-10.41658020,-0.27522227,7.96490002,4.42317295,3.15467691,12.32303047,-4.19992447,-1.41375184,-1.35424900,14.39313602,-0.57596469,-17.87017441,-9.39098358,12.21969414,8.15419483,-8.49651909
0.00000000,-10.74661827,-0.30239075,8.11956692,4.58316040,3.17990541,12.59100056,-4.22801399,-1.50589871,-1.44276047,14.63547993,-0.41845834,-18.05068588,-9.58236217,12.51042175,8.41731453,-8.71959209
0.00000000,-10.45147991,-0.27544472,7.96976376,4.48692894,3.19198298,12.33062267,-4.15201139,-1.39457440,-1.38933516,14.25903511,-0.50842166,-17.86299515,-9.36686516,12.20340824,8.18523216,-8.39165020
0.00000000,-10.44128609,-0.28631300,7.93148136,4.51440287,3.23120737,12.31577015,-4.19553757,-1.42532980,-1.37123072,14.31729317,-0.55256951,-17.83620834,-9.28799057,12.20603561,8.20426464,-8.47408199
0.00000000,-10.58248806,-0.31353647,8.05922794,4.39749050,3.20599675,12.52726078,-4.24582481,-1.42689645,-1.31980944,14.47912312,-0.51633835,-18.04792023,-9.42996979,12.33583069,8.25933933,-8.59583759
0.00000000,-10.86820221,-0.34210128,8.17461872,4.60459423,3.19503832,12.80604267,-4.23867655,-1.55185306,-1.43489993,14.61705494,-0.37166774,-18.15979576,-9.62700462,12.52204227,8.41989326,-8.71072865
0.00000000,-10.46604824,-0.29818255,7.93090820,4.46678352,3.20745301,12.34338284,-4.15658379,-1.37642741,-1.37957966,14.26560116,-0.50543565,-17.80951118,-9.28733063,12.24390602,8.11820221,-8.48041630
0.00000000,-10.51618862,-0.26721537,7.97293425,4.51250458,3.18736100,12.38837528,-4.14990997,-1.48201597,-1.37450361,14.36266899,-0.52481067,-17.87665558,-9.34015465,12.26578236,8.26405525,-8.52455044
0.00000000,-10.23989677,-0.38012612,7.80705261,4.39464998,3.23635650,12.18682575,-4.13711357,-1.38979864,-1.29396999,14.15837765,-0.59131491,-17.58846855,-9.14975262,12.01964760,8.03607368,-8.30845356
0.00000000,-10.40925598,-0.32180494,7.90096807,4.47913933,3.20162225,12.21709442,-4.14523792,-1.36143339,-1.43810010,14.11460018,-0.52662361,-17.82640266,-9.22457123,12.14099979,8.05852127,-8.35282993
0.00000000,-10.48001575,-0.35203183,7.92848110,4.43356228,3.21070313,12.24015427,-4.11949253,-1.44142795,-1.39096642,14.29645729,-0.51395470,-17.82584381,-9.28662205,12.15339661,8.08606625,-8.48927689
0.00000000,-10.33096600,-0.34515107,7.82454443,4.47637653,3.17198491,12.13887501,-4.14305592,-1.40415764,-1.32752335,14.26483631,-0.59357744,-17.72153282,-9.20585442,12.04144192,8.08682728,-8.41018391
0.00000000,-10.56484890,-0.26854032,8.00506210,4.53102684,3.17001867,12.41232491,-4.19422531,-1.43544602,-1.39447534,14.40263271,-0.48827645,-17.89950752,-9.37544250,12.25622082,8.23409939,-8.53879833
0.00000000,-10.52933884,-0.24244364,7.93558693,4.41554451,3.20152974,12.41312599,-4.16820621,-1.47101319,-1.37979090,14.41756821,-0.45959756,-17.85665131,-9.35373974,12.26954651,8.20788574,-8.52942944
0.00000000,-10.31876278,-0.38298374,7.81709433,4.38445568,3.18178630,12.10847855,-4.08036232,-1.40261650,-1.38576531,14.16417694,-0.60968775,-17.64824486,-9.10313511,12.06766319,8.09125996,-8.40045738
0.00000000,-10.57009411,-0.33211514,7.98245859,4.43923664,3.20044923,12.43142986,-4.14813805,-1.47522736,-1.41029418,14.34318733,-0.50136232,-17.87368965,-9.40449333,12.24310017,8.16475773,-8.51460075
0.00000000,-10.93472099,-0.22518668,8.17951775,4.57354450,3.11304164,12.77806759,-4.30716515,-1.57076597,-1.48038006,14.74660683,-0.38777137,-18.33220291,-9.74874210,12.63388729,8.50571918,-8.78807831
0.00000000,-10.45105553,-0.32356393,7.93148422,4.45090961,3.15920472,12.19660568,-4.24776936,-1.31690252,-1.38420916,14.18896198,-0.51900530,-17.78592682,-9.19149017,12.20652962,8.22741699,-8.46214676
0.00000000,-10.56376266,-0.29923862,8.00011635,4.42360878,3.21299362,12.42456627,-4.19692373,-1.47644889,-1.38048172,14.42571545,-0.51910913,-17.89272308,-9.41525650,12.27363968,8.19761562,-8.52258301
0.00000000,-10.47615910,-0.28070515,7.94722652,4.51533508,3.20123935,12.34875011,-4.13225031,-1.42675459,-1.38745618,14.38326263,-0.51471829,-17.80334282,-9.36794758,12.17867184,8.25742149,-8.49213028
0.00000000,-10.53460121,-0.26473880,8.05315304,4.57641411,3.19940925,12.41590691,-4.21451473,-1.36320841,-1.38589239,14.41413498,-0.52255994,-17.94721794,-9.37364388,12.32707787,8.29220676,-8.51966476
0.00000000,-10.62292385,-0.25343078,8.05577278,4.57384014,3.24610162,12.48163223,-4.25319386,-1.39411414,-1.36867988,14.48242664,-0.46503103,-18.08843803,-9.49980831,12.38558197,8.28656578,-8.64998055
0.00000000,-10.27452183,-0.28872475,7.82603502,4.47476292,3.23230791,12.23056507,-4.16808701,-1.34584105,-1.33458233,14.17173576,-0.60580289,-17.67047882,-9.10894394,12.02887630,8.13979340,-8.39403439
0.00000000,-10.37480831,-0.30866995,7.89850855,4.41291666,3.29148674,12.20018101,-4.19323874,-1.41004002,-1.39362419,14.19449520,-0.55323100,-17.80287552,-9.26682472,12.15315342,8.18556499,-8.42355251
0.00000000,-10.60840321,-0.30932146,8.04749489,4.45345688,3.23733640,12.46785736,-4.21592140,-1.44284499,-1.37375975,14.53547859,-0.47834480,-18.09370995,-9.47235775,12.37688732,8.26191902,-8.67053795
0.00000000,-10.56381226,-0.36859894,8.00193119,4.49839020,3.17063451,12.38480377,-4.10486698,-1.42703676,-1.39727557,14.37723351,-0.43763667,-17.85403633,-9.31472206,12.25422478,8.10853672,-8.47844696
0.00000000,-10.53014278,-0.35451174,8.00363064,4.47786427,3.20848632,12.45822239,-4.15198708,-1.48771107,-1.37927997,14.36308861,-0.49751019,-17.86839676,-9.40149021,12.27150345,8.23925495,-8.64671230
0.00000000,-10.43884468,-0.30134439,7.90414715,4.39755583,3.16231847,12.32571793,-4.12990856,-1.40722728,-1.29552555,14.21707726,-0.56944531,-17.79686928,-9.21957302,12.16241360,8.15701771,-8.44437122
0.00000000,-10.45198727,-0.28899348,7.94990730,4.48709011,3.19726586,12.34601593,-4.21295834,-1.44824004,-1.36784065,14.34572029,-0.47088876,-17.93814659,-9.30406189,12.24108601,8.21151352,-8.48690224
0.00000000,-10.66485405,-0.31417406,8.00415039,4.41168928,3.17398834,12.50036812,-4.18722010,-1.52310073,-1.34751081,14.41119862,-0.54701793,-17.98620605,-9.43113708,12.27792072,8.25134373,-8.61876965
0.00000000,-10.54727650,-0.32003301,8.02191544,4.50955677,3.19703889,12.42197514,-4.10256481,-1.47390854,-1.41826832,14.32948971,-0.51957816,-17.88953400,-9.35057449,12.27556610,8.21637249,-8.58525372
0.00000000,-10.55108356,-0.22968595,7.98924541,4.44594097,3.17646456,12.44603062,-4.21322346,-1.49794686,-1.39243317,14.43577576,-0.55119085,-17.95584869,-9.40333748,12.30764389,8.29608822,-8.54890060
0.00000000,-10.69404888,-0.22249502,8.10284615,4.48502922,3.20563889,12.56581879,-4.18407822,-1.45798635,-1.35035026,14.59577847,-0.49148470,-18.09584236,-9.43723297,12.40251541,8.36353207,-8.58570766
0.00000000,-10.43964386,-0.30150521,7.91066265,4.39672375,3.15817714,12.31171989,-4.16122723,-1.48469341,-1.40557325,14.39329243,-0.48946112,-17.79685593,-9.36951542,12.25879002,8.18767452,-8.45002270
0.00000000,-10.33699989,-0.34731925,7.85964537,4.48109770,3.16212749,12.20171928,-4.16547155,-1.33271801,-1.31147587,14.20351124,-0.52852559,-17.67502213,-9.14029598,12.02060032,8.10314274,-8.34732342
0.00000000,-10.43340111,-0.32612187,7.90232801,4.49024200,3.18801284,12.26495934,-4.19341564,-1.37005806,-1.44063497,14.24616528,-0.48828277,-17.79953194,-9.26103592,12.16657543,8.14544868,-8.42943192
0.00000000,-10.44477463,-0.34534815,7.92803335,4.45700121,3.23914409,12.31221581,-4.14791298,-1.46974981,-1.30812633,14.38841248,-0.50547868,-17.82494545,-9.33230877,12.22430515,8.21018028,-8.52153206
0.00000000,-10.57997990,-0.23713371,7.95909977,4.49355984,3.18450594,12.36818123,-4.19454861,-1.46817303,-1.38205850,14.35713100,-0.56484652,-17.91083336,-9.29935169,12.28517342,8.19981289,-8.48227692
0.00000000,-10.38280010,-0.31896609,7.90758896,4.44620275,3.22435975,12.16477585,-4.21079731,-1.33210766,-1.37029195,14.14910126,-0.57427609,-17.77253342,-9.13565540,12.17124081,8.14055538,-8.44857025
0.00000000,-10.60615635,-0.22605772,7.98448801,4.54489899,3.27063751,12.38904762,-4.21118927,-1.40055966,-1.38923204,14.42078400,-0.39843899,-17.92288017,-9.40615940,12.29496384,8.25860405,-8.52342701
0.00000000,-10.33494759,-0.33349705,7.83744049,4.45646381,3.23074293,12.21956158,-4.13735104,-1.37009084,-1.34176934,14.28271866,-0.60766566,-17.77902412,-9.25111771,12.13650894,8.10508633,-8.37534714
0.00000000,-10.47634697,-0.35657424,7.95992565,4.55344391,3.21741843,12.29318047,-4.17110157,-1.35714364,-1.38354504,14.31845188,-0.49298638,-17.83020210,-9.34390545,12.20699215,8.16964912,-8.50667191
0.00000000,-10.51468849,-0.23079206,7.97716665,4.47382736,3.17840791,12.47958755,-4.20350838,-1.42814350,-1.43209338,14.49557495,-0.53029549,-17.96662903,-9.37877274,12.37956238,8.30698490,-8.54860306
0.00000000,-10.49407005,-0.31065112,7.94640064,4.48046160,3.21855235,12.28570843,-4.18374348,-1.37210834,-1.39779603,14.29679489,-0.50985074,-17.91205597,-9.37947178,12.27371025,8.17651558,-8.49394226
0.00000000,-10.21945095,-0.34899059,7.72730207,4.42442894,3.22594118,12.03940105,-4.04656029,-1.32554996,-1.35602868,14.10154438,-0.53800654,-17.58129120,-9.01894665,11.97749996,8.00382328,-8.27112961
0.00000000,-10.40506268,-0.28342062,7.91387701,4.48355865,3.19954753,12.25009632,-4.12492561,-1.40165567,-1.36290538,14.19517517,-0.54813123,-17.82625008,-9.10873508,12.11988354,8.13268661,-8.37391376
0.00000000,-10.46169853,-0.33539003,7.97356033,4.46740818,3.17848516,12.32187748,-4.11809492,-1.42304206,-1.39399171,14.33764935,-0.55823731,-17.86289024,-9.36091328,12.22424793,8.13086224,-8.48149681
0.00000000,-10.50425243,-0.31634265,7.95424318,4.49028301,3.22197938,12.30527687,-4.18570328,-1.41518211,-1.37349164,14.30381775,-0.52830088,-17.79978752,-9.29489040,12.24281693,8.24413395,-8.51945686
0.00000000,-10.80728149,-0.35385668,8.17287922,4.57039785,3.18825746,12.67162228,-4.22373152,-1.53451538,-1.49025583,14.58255577,-0.43732446,-18.19693375,-9.62441444,12.54880047,8.46178913,-8.75821686
0.00000000,-10.37065506,-0.30891848,7.88229561,4.41817284,3.15230346,12.34107208,-4.16189098,-1.42410290,-1.33483553,14.30044174,-0.59320623,-17.83735275,-9.32401371,12.21044064,8.16796303,-8.40568352
0.00000000,-10.39413261,-0.30927527,7.83111858,4.43825293,3.18679333,12.23450470,-4.14053440,-1.38868678,-1.33246064,14.24471569,-0.56278980,-17.73210335,-9.21054649,12.09711552,8.11694431,-8.42382240
0.00000000,-10.46345901,-0.30119133,7.84485722,4.52712774,3.24462533,12.30439377,-4.14521885,-1.48654532,-1.37114716,14.35368633,-0.47729218,-17.88388443,-9.41255665,12.18946838,8.19710541,-8.47485733
0.00000000,-10.43832684,-0.29406852,7.89401674,4.39642906,3.24156761,12.26978970,-4.07153416,-1.39480340,-1.36259019,14.23536777,-0.55092293,-17.77834511,-9.29078484,12.17137527,8.08536816,-8.44948006
0.00000000,-10.45501137,-0.35814655,7.95480204,4.37515163,3.14974952,12.30300713,-4.18797874,-1.48954320,-1.34678721,14.24149227,-0.52810168,-17.81714249,-9.25291252,12.17497063,8.16148376,-8.44899940
0.00000000,-10.29296780,-0.34160107,7.81971169,4.44432545,3.18472147,12.09655571,-4.12793922,-1.34660292,-1.33639348,14.10727501,-0.52680862,-17.62517548,-9.05103016,11.98801613,8.01667500,-8.33967113
0.00000000,-10.44120502,-0.28360736,7.95509672,4.42568827,3.21478724,12.29212761,-4.15699625,-1.38819826,-1.41576147,14.22630596,-0.55534577,-17.88381767,-9.30852318,12.16828918,8.07016277,-8.39975929
0.00000000,-10.40312862,-0.33200550,7.89064360,4.52533531,3.22072649,12.20484161,-4.12621450,-1.33630955,-1.34157050,14.23533249,-0.57779765,-17.76876640,-9.20860100,12.12800694,8.17127419,-8.41503239
0.00000000,-10.62588596,-0.30440927,8.03884888,4.47331905,3.18514109,12.41652489,-4.14655495,-1.37583697,-1.37147141,14.39686394,-0.57508600,-17.94234467,-9.37522316,12.37907219,8.24798012,-8.60294151
0.00000000,-10.31640244,-0.33098829,7.86385107,4.41926670,3.18349004,12.22319984,-4.11595488,-1.37853122,-1.37156343,14.08565235,-0.53360707,-17.63635635,-9.18728352,12.07197380,8.08705807,-8.34022713
0.00000000,-10.38342571,-0.32674059,7.80185413,4.41372538,3.21924758,12.19639301,-4.11137533,-1.40199018,-1.35384429,14.26419449,-0.61954224,-17.73698807,-9.22971630,12.12760448,8.09339905,-8.42273140
0.00000000,-10.53430557,-0.32196301,7.97419977,4.37747812,3.20528197,12.39617825,-4.19366837,-1.37042522,-1.37922955,14.34894943,-0.50475234,-17.88743973,-9.28072834,12.17501926,8.11721134,-8.48665047
0.00000000,-10.58730698,-0.29135585,7.99013519,4.47384357,3.23298192,12.36841488,-4.19814301,-1.42245662,-1.44060814,14.34986687,-0.49540824,-17.91833687,-9.37450027,12.25271130,8.26011848,-8.49817657
0.00000000,-10.47417736,-0.23713481,7.92464495,4.51638699,3.22457576,12.38043785,-4.17390585,-1.36952615,-1.34560859,14.36943340,-0.56929785,-17.84404945,-9.32485580,12.22421551,8.26178169,-8.49598503
0.00000000,-10.36901188,-0.30946368,7.85091209,4.32508659,3.17089438,12.20979786,-4.20865440,-1.37976027,-1.34054732,14.17273521,-0.54342413,-17.71917343,-9.13157654,12.08334160,8.08243084,-8.38647747
0.00000000,-10.46345139,-0.36092871,7.91860628,4.38308764,3.16708112,12.36610031,-4.11129427,-1.34862113,-1.34659362,14.30888462,-0.58790475,-17.83302307,-9.31212521,12.26355171,8.13148308,-8.50842381
0.00000000,-10.55298519,-0.30035853,8.04857063,4.48908520,3.21471596,12.46822548,-4.15235615,-1.41771126,-1.39686501,14.44656849,-0.49287009,-17.95473862,-9.38619995,12.29771328,8.15328407,-8.52289867
0.00000000,-10.67156029,-0.30703092,8.07736206,4.47737503,3.16901278,12.60853004,-4.21092606,-1.56257069,-1.41484141,14.56138706,-0.45766532,-18.07856750,-9.54916096,12.39789677,8.34000111,-8.65365219
0.00000000,-10.58291531,-0.29212886,7.99035978,4.46737957,3.19826555,12.41568756,-4.26153278,-1.41055191,-1.37176037,14.42842579,-0.53897822,-17.92866707,-9.37228394,12.25341320,8.21448231,-8.57595158
0.00000000,-10.70625973,-0.27093685,8.11236572,4.48967505,3.18128943,12.55312538,-4.21647835,-1.42861629,-1.43434882,14.56117535,-0.49425375,-18.12951088,-9.58022118,12.39278412,8.34098721,-8.54953003
0.00000000,-10.41522789,-0.28775713,7.93647528,4.44195843,3.19693065,12.33592892,-4.19029713,-1.42888606,-1.34433377,14.34491825,-0.53991717,-17.87174797,-9.35251522,12.24262142,8.14935780,-8.48950958
0.00000000,-10.60502911,-0.32091168,8.03110313,4.48085976,3.25580001,12.45861053,-4.12801170,-1.48475564,-1.43890977,14.47314930,-0.48852801,-17.94425583,-9.35974884,12.37772369,8.28203964,-8.57904720
0.00000000,-10.58459187,-0.29257411,8.06487656,4.41297579,3.15799809,12.44099617,-4.19298792,-1.42719364,-1.35782576,14.42044735,-0.48760557,-17.99680901,-9.40213203,12.33941364,8.23693562,-8.59474182
0.00000000,-10.94278526,-0.26501060,8.17844772,4.55545950,3.28228688,12.64492130,-4.27436447,-1.49999714,-1.44105804,14.68410873,-0.45022577,-18.22822380,-9.79863834,12.52550983,8.46848869,-8.76722717
0.00000000,-10.51883698,-0.34894487,7.92051888,4.34784794,3.14995027,12.40747261,-4.21197128,-1.47721481,-1.44642711,14.40449333,-0.54385829,-17.95980453,-9.38178062,12.32829475,8.21989536,-8.54554558
1.00000000,-11.64931202,-0.12820056,8.73831367,4.71491718,3.27012634,13.63625622,-4.38352108,-1.78018963,-1.31012928,15.53411770,-0.18266885,-19.03205872,-10.49799919,13.25606346,9.05627155,-9.33183670
1.00000000,-11.10621166,-0.27084836,8.34252739,4.54437160,3.13325262,12.88864326,-4.29166269,-1.52515352,-1.49794710,14.96338844,-0.30648094,-18.53848076,-10.09096909,12.89902687,8.61286736,-8.83909607
1.00000000,-12.01931095,-0.10161649,8.76815510,4.73471737,3.34012818,13.88022709,-4.60804749,-1.50085294,-1.44512594,15.82544804,-0.19458845,-19.66634750,-10.80453587,13.70889568,9.35122871,-9.62424660
1.00000000,-11.50569439,-0.25396904,8.42120171,4.71490288,3.28635049,13.34398556,-4.38927364,-1.63230872,-1.52302766,15.37769413,-0.22669911,-19.01839256,-10.24111080,13.16064358,8.77289581,-9.21701813
1.00000000,-11.38176346,-0.14152934,8.34970665,4.74546337,3.36611104,13.22971725,-4.23679543,-1.37214589,-1.40044415,15.20551682,-0.30560783,-18.88360405,-10.01101112,12.91368484,8.68048096,-9.19321156
1.00000000,-11.79019356,-0.24358144,8.59259224,4.73803520,3.19417715,13.37504768,-4.29399061,-1.67745912,-1.50408411,15.45191574,-0.23280643,-19.07663155,-10.48554230,13.21126652,8.86601162,-9.34367180
1.00000000,-11.55425930,-0.20579365,8.42546463,4.45537043,3.18268847,13.13640022,-4.35338593,-1.58196962,-1.46333289,15.14765453,-0.22447172,-18.83833885,-10.22432137,13.12637520,8.65961075,-9.03959560
1.00000000,-11.40633488,-0.15949450,8.49127769,4.65605545,3.22980070,13.43019104,-4.38130951,-1.60972953,-1.48601079,15.46952629,-0.32190362,-18.95694733,-10.32369614,13.37809181,8.85508633,-9.17415142
1.00000000,-11.53569698,-0.12764110,8.53746414,4.56749249,3.27104688,13.36647892,-4.31162262,-1.69359529,-1.47451746,15.34883881,-0.38270137,-19.08989334,-10.37705708,13.21844578,9.09749699,-9.19311714
1.00000000,-11.38236332,-0.27988988,8.53017998,4.59424829,3.15497923,13.21979427,-4.48269892,-1.59817445,-1.49328887,15.15856552,-0.31101424,-18.77797318,-10.07750416,13.01500130,8.78831291,-9.14212799
1.00000000,-12.05122185,-0.11877374,8.67364311,4.62649345,3.14469767,13.74772453,-4.48232174,-1.83548009,-1.65218139,15.89618015,-0.00061572,-19.20353699,-10.84231281,13.55055714,8.95220661,-9.42865181
1.00000000,-11.30284595,-0.23554118,8.34424591,4.65883875,3.11425877,13.03567219,-4.36435032,-1.51630986,-1.45194256,15.01024055,-0.39946169,-18.75381470,-9.96345615,12.81507397,8.66870880,-9.05504417
1.00000000,-11.34312439,-0.30033821,8.32940865,4.66979694,3.22399855,12.89294624,-4.30494165,-1.43423593,-1.54656994,14.91819763,-0.24357201,-18.67375183,-9.79121780,12.96425629,8.60852051,-8.96503735
1.00000000,-11.66740608,-0.08959986,8.64418983,4.66382504,3.24035835,13.42824936,-4.35565090,-1.74377346,-1.53130782,15.39321232,-0.22006384,-19.15836906,-10.36638641,13.16781902,9.01866341,-9.39853668
1.00000000,-11.46262360,-0.16513604,8.54470825,4.74593210,3.22852111,13.34724712,-4.45090294,-1.55594492,-1.69356692,15.37250233,-0.24369460,-18.91814423,-10.24632359,13.25125790,8.90874577,-9.25115585
1.00000000,-11.85243225,-0.05209361,8.70591164,4.77321148,3.33896971,13.61684704,-4.37717724,-1.72820354,-1.58373809,15.56797886,-0.09795074,-19.34349442,-10.41637230,13.39313507,9.08321571,-9.65702343
1.00000000,-11.54899216,-0.09816983,8.51825428,4.67900372,3.19209075,13.40878201,-4.24713898,-1.58617735,-1.52992535,15.57640171,-0.25275636,-19.05170059,-10.38688183,13.35716248,8.81506443,-9.34746838
1.00000000,-11.28085327,-0.14507271,8.38378334,4.59105301,3.23813462,13.19607639,-4.23068857,-1.54364276,-1.45445216,15.14663124,-0.41352874,-18.93052292,-10.15716076,13.06836224,8.70640755,-9.15081882
1.00000000,-11.46502304,-0.06477700,8.44616699,4.54758739,3.12080932,13.14914513,-4.27825069,-1.53559279,-1.46796453,15.24218369,-0.33920413,-18.78287506,-10.25349712,13.14236641,8.63897800,-9.19303608
1.00000000,-11.44828510,-0.16490631,8.42398071,4.59737301,3.29108334,13.20603561,-4.35012388,-1.42559552,-1.45962846,15.33511639,-0.41585636,-18.86536598,-10.20347500,13.07268524,8.62967205,-9.08141994
1.00000000,-11.35002613,-0.25745019,8.30406857,4.49121618,3.16834140,13.03671360,-4.24771500,-1.62539363,-1.46628189,15.05518627,-0.24132913,-18.61081696,-10.10423374,12.91864777,8.61408520,-9.04447365
1.00000000,-11.37200165,-0.35245013,8.28363228,4.63618374,3.26703453,12.97500992,-4.22149181,-1.58199871,-1.55239177,15.10605526,-0.20677175,-18.71850014,-9.96717644,12.89743423,8.76813126,-9.10206604
1.00000000,-11.48719692,-0.25300753,8.47897720,4.66867256,3.19177485,13.37288380,-4.49442196,-1.60708344,-1.60377908,15.53972721,-0.28136548,-18.81445312,-10.34145260,13.19700241,8.89629459,-9.18302441
1.00000000,-11.10351849,-0.22710921,8.21419525,4.62624741,3.11031389,12.81880951,-4.25860977,-1.47277045,-1.40517879,14.93694782,-0.39710706,-18.45457649,-9.75357437,12.81011295,8.46013260,-8.90644073
1.00000000,-11.61681080,-0.05633944,8.63885021,4.64584017,3.45286274,13.49389553,-4.34157848,-1.63777733,-1.52306402,15.40003967,-0.26487157,-19.09211349,-10.41636086,13.41297626,8.99693680,-9.37482643
1.00000000,-11.13713646,-0.21043789,8.32104492,4.69367790,3.15034795,12.98650551,-4.20924902,-1.50755239,-1.40728354,15.06403923,-0.37915877,-18.63062477,-9.95154953,12.81331253,8.55733204,-9.03052711
1.00000000,-11.55721378,0.00792250,8.57613182,4.70377493,3.16613770,13.38996601,-4.42325497,-1.52212155,-1.68836451,15.50755787,-0.22461259,-19.10819817,-10.37164879,13.43976974,8.85113049,-9.23405361
1.00000000,-11.68681717,-0.09040714,8.59014320,4.64846802,3.13714695,13.25947094,-4.42054653,-1.50464237,-1.47155488,15.42193890,-0.13726327,-19.12653542,-10.35964489,13.33681393,8.91707039,-9.44274998
1.00000000,-11.45544815,-0.15017100,8.45562267,4.59546185,3.20515847,13.23423958,-4.34660149,-1.54084873,-1.36272883,15.41838932,-0.33247340,-19.00335503,-10.32269669,13.19979286,8.87272835,-9.11035252
1.00000000,-11.37273884,-0.27401617,8.44879150,4.48946285,3.19924498,13.14821339,-4.40234995,-1.39803159,-1.46254957,15.07600021,-0.33692741,-18.95042801,-10.16594028,13.06130695,8.72039413,-9.14705753
1.00000000,-11.71644974,-0.10904894,8.58294868,4.74617481,3.24198103,13.33189392,-4.30772161,-1.60227096,-1.42957139,15.45247173,-0.20894861,-18.97573090,-10.40352154,13.26477718,8.93200302,-9.30825806
1.00000000,-11.18867683,-0.28331983,8.33382225,4.63935757,3.13237810,13.05989456,-4.23050547,-1.39051163,-1.47429681,15.05342484,-0.32371402,-18.62642097,-10.01782417,12.93539238,8.58397102,-8.99565220
1.00000000,-11.22677994,-0.11370522,8.25898552,4.70861816,3.26364207,12.91474342,-4.27168465,-1.52404320,-1.43139517,15.07495308,-0.47463596,-18.46395874,-9.98934937,12.82900143,8.53338051,-8.99675179
1.00000000,-11.15518761,-0.04890119,8.29590988,4.46753597,3.10073042,12.93202114,-4.28686428,-1.56760466,-1.46280980,15.06962395,-0.41302818,-18.57745743,-10.02957726,12.92551613,8.47409344,-8.99342632
1.00000000,-11.90928650,-0.11657769,8.78059769,4.87304783,3.37063408,13.60576344,-4.49690342,-1.62304544,-1.54892945,15.67843246,-0.03440936,-19.46118546,-10.47920322,13.41533375,9.06289196,-9.34281540
1.00000000,-11.56963825,-0.17758615,8.53659058,4.68130302,3.34534955,13.47103786,-4.27614498,-1.62055063,-1.46880400,15.43028450,-0.24948899,-18.94276810,-10.35446453,13.22186089,8.99271202,-9.20874310
1.00000000,-11.70614719,0.00530900,8.58670044,4.66742039,3.30425239,13.50921154,-4.36541510,-1.59083807,-1.59762907,15.46308041,-0.10499750,-19.06236458,-10.41253281,13.40770531,9.05038166,-9.48546600
1.00000000,-11.81234455,-0.06168749,8.57967854,4.70323706,3.31440043,13.52298832,-4.33125162,-1.58626318,-1.61568224,15.61372948,-0.14436500,-19.24375916,-10.55266285,13.39647007,8.99483490,-9.42441559
1.00000000,-11.61510849,-0.15420568,8.66557121,4.63877439,3.30120635,13.69033909,-4.22665405,-1.66912568,-1.54354489,15.48543072,-0.17840989,-19.19249344,-10.43381786,13.18826103,8.76987648,-9.41378021
1.00000000,-11.66472149,0.01375221,8.61971283,4.72693443,3.18010592,13.55854607,-4.39704370,-1.64617467,-1.52166629,15.58154106,-0.20499089,-19.15781212,-10.47617149,13.44050598,8.95671272,-9.44589043
1.00000000,-11.09235096,-0.18950148,8.34753990,4.64422321,3.25773311,13.05332184,-4.17563200,-1.52837706,-1.36439204,14.96762657,-0.38976759,-18.52546501,-9.99200439,12.89449215,8.49522400,-8.85401058
1.00000000,-11.38510895,-0.09588116,8.40586090,4.57984161,3.14361048,13.30828667,-4.38620186,-1.62144351,-1.46165526,15.36037827,-0.44974124,-19.00317192,-10.33288574,13.09206772,8.84432602,-9.26272202
1.00000000,-11.56046677,-0.17662306,8.44505787,4.51655245,3.26566958,13.30853939,-4.30951548,-1.59234500,-1.48257840,15.23570824,-0.22781307,-19.18029404,-10.19561958,13.15296078,8.94962597,-9.39399529
1.00000000,-11.57635593,-0.05814301,8.56197929,4.89559746,3.47101927,13.38024044,-4.52193213,-1.52361357,-1.50239182,15.51668072,-0.23738098,-19.05873108,-10.46630859,13.18747234,8.94105244,-9.28110790
1.00000000,-11.28669739,-0.32825792,8.33133793,4.48199606,3.13015723,12.94248104,-4.25144005,-1.49690926,-1.46907496,14.83100414,-0.29355997,-18.76268768,-10.01766872,12.79505348,8.63963604,-9.03359509
1.00000000,-11.55309582,-0.04984420,8.50304604,4.72302866,3.28027654,13.26626110,-4.39769554,-1.32746744,-1.28661776,15.38602257,-0.32879815,-19.12548637,-10.24857903,13.30564594,8.74571705,-9.27622700
1.00000000,-11.40683365,-0.10336296,8.50058556,4.68448544,3.09698725,13.24708652,-4.27011967,-1.48033738,-1.67305803,15.22851086,-0.24886692,-18.91223335,-10.17267609,13.15621185,8.67741489,-9.11921120
1.00000000,-11.56892109,-0.17045920,8.53149796,4.61558294,3.25554013,13.32641888,-4.18177986,-1.68279266,-1.54397953,15.28758240,-0.32364410,-19.01096344,-10.25736713,13.03766918,8.73875332,-9.23677731
1.00000000,-11.42560482,-0.28699821,8.40983772,4.55851793,3.21554089,13.14849854,-4.35028982,-1.49077642,-1.55944169,15.08439064,-0.29015326,-18.93778229,-10.02661228,13.01692390,8.84398174,-9.23934555
1.00000000,-11.79461384,-0.06194294,8.59469986,4.69792938,3.17577338,13.49339008,-4.38881302,-1.64488113,-1.50968003,15.49994469,-0.11981954,-19.08927727,-10.55315971,13.36308575,8.87772465,-9.48419571
1.00000000,-11.88611317,-0.13894321,8.71905899,4.73522568,3.21949244,13.62996769,-4.57769251,-1.70412028,-1.54592204,15.79518127,-0.12618563,-19.31583023,-10.50639725,13.31676483,9.09388638,-9.45363045
1.00000000,-11.35246944,-0.20324723,8.44821262,4.78262043,3.15039873,13.07256031,-4.47900200,-1.45538378,-1.44158852,15.39039707,-0.27648282,-19.02268791,-10.18880844,13.19501019,8.73899937,-9.18068314
1.00000000,-11.49290180,-0.06517504,8.47311783,4.61008549,3.24671125,13.29888821,-4.39067364,-1.44714177,-1.56012881,15.34738159,-0.40608090,-19.04050446,-10.30061531,13.08960056,8.82024384,-9.35812855
1.00000000,-11.42450905,-0.25500330,8.38647366,4.60286522,3.08862877,13.36559010,-4.21297836,-1.58682919,-1.54831779,15.13735867,-0.16834848,-18.95252037,-10.22742939,13.09387875,8.90563297,-9.18283653
1.00000000,-12.06889629,-0.04453898,8.89745522,4.78037167,3.11083055,13.96322346,-4.41176558,-1.94063294,-1.62584567,15.97759151,-0.35134098,-19.56826591,-10.90171909,13.71850681,9.30364609,-9.58469772
1.00000000,-11.65789413,-0.05364447,8.68987942,4.57093191,3.22653389,13.51469040,-4.45234728,-1.56714642,-1.57515836,15.56710529,-0.29046792,-19.10382843,-10.44966507,13.43808460,8.86427307,-9.54242229
1.00000000,-11.38984966,-0.20333242,8.42471504,4.71015215,3.25506449,13.40446949,-4.46034622,-1.54351985,-1.50489402,15.42609692,-0.25664511,-18.76511192,-10.22190189,13.21552563,8.87456226,-9.20348930
1.00000000,-11.64837933,0.01012680,8.60986328,4.69620514,3.26609993,13.48595524,-4.42435265,-1.63909948,-1.39258194,15.63584328,-0.30403483,-19.27796173,-10.41937065,13.29962540,8.89635468,-9.37067318
1.00000000,-12.16915798,0.00371651,8.90506172,4.76979828,3.32390022,13.88650417,-4.45274067,-1.84566331,-1.44534743,15.86510849,-0.16513106,-19.54896927,-10.75051117,13.55671024,9.14334679,-9.63625240
1.00000000,-11.41573429,-0.06426064,8.56282711,4.66876602,3.20851707,13.08819103,-4.40790129,-1.61135685,-1.59293628,15.24584198,-0.26165757,-18.74144936,-10.15479946,13.08456326,8.73486042,-9.13768578
1.00000000,-11.32569885,-0.11070902,8.57667732,4.61975193,3.27383399,13.35859299,-4.22450495,-1.45938289,-1.31285024,15.42081165,-0.43953487,-18.88673973,-10.32119370,13.12016106,8.73344421,-9.23441505
1.00000000,-11.36861610,-0.13127033,8.46859741,4.56962585,3.09794736,13.10247421,-4.33007812,-1.46991265,-1.52220118,15.07669926,-0.33139163,-18.93007278,-10.19938946,13.15397358,8.67292976,-9.19134998
1.00000000,-11.15942001,-0.05997275,8.27322006,4.60466099,3.12896085,12.87866783,-4.37645149,-1.46495032,-1.39022183,14.96253777,-0.43394768,-18.60484886,-9.88346481,12.85445309,8.58833790,-8.88261414
1.00000000,-11.33806705,-0.07708646,8.31934071,4.63493538,3.27508235,13.10390568,-4.17083263,-1.64033186,-1.47376347,15.08601665,-0.40822536,-18.89689445,-10.05090523,13.05113506,8.69231701,-9.11515617
1.00000000,-11.53747463,-0.12707910,8.57168293,4.70755291,3.14761615,13.43520927,-4.41102695,-1.60371220,-1.43572772,15.28192234,-0.36326677,-18.96881294,-10.32000065,13.31333160,8.87471008,-9.11143684
1.00000000,-11.46668720,-0.12567225,8.49198341,4.63267136,3.34587073,13.38459778,-4.41902447,-1.52548981,-1.50697815,15.35341358,-0.16454580,-19.05292892,-10.28870106,13.09817314,8.79788780,-9.27335167
1.00000000,-11.65645599,-0.02098827,8.72161865,4.72368240,3.27511072,13.60782433,-4.46189165,-1.62336147,-1.58305109,15.58945179,-0.29902610,-18.94196701,-10.24716377,13.39482307,8.90563869,-9.28360176
1.00000000,-11.33573437,-0.14536157,8.39031506,4.67493534,3.27452159,13.18557549,-4.38864231,-1.53419340,-1.44262767,15.26235294,-0.26372921,-18.70995140,-10.14406681,12.92408657,8.68614864,-9.13377476
1.00000000,-11.12360954,-0.37125376,8.26532650,4.58112907,3.19811249,12.75342941,-4.20648861,-1.48152530,-1.54201913,14.61135292,-0.26946864,-18.30456161,-9.79194069,12.72977829,8.53160667,-8.77994823
1.00000000,-11.09615612,-0.19984044,8.22223663,4.65524006,3.17326546,12.89680386,-4.27284861,-1.33630848,-1.39321983,15.05459499,-0.30971196,-18.61387062,-9.84163189,12.80901814,8.57730770,-8.84772015
1.00000000,-11.26657963,-0.29219306,8.36871243,4.56803560,3.12853909,13.25536346,-4.32679844,-1.46961474,-1.42765772,15.25157070,-0.40596458,-18.74639702,-10.11198139,13.05328274,8.80728817,-9.20524216
1.00000000,-11.30552864,-0.11343589,8.40048599,4.65992451,3.25766015,13.04329586,-4.38046741,-1.51772881,-1.53651237,15.12949371,-0.42767078,-18.59336090,-9.92154312,13.02721119,8.72793388,-9.08775520
1.00000000,-11.59350204,-0.19746515,8.52414513,4.61853027,3.06962681,13.34061337,-4.39798355,-1.65930748,-1.65555549,15.36081982,-0.15279038,-18.92824936,-10.35565472,13.29761791,8.78721714,-9.19012737
1.00000000,-11.34654045,-0.20142183,8.42643738,4.72145462,3.18143487,13.18998051,-4.30532742,-1.60921490,-1.58799422,15.14244843,-0.26941404,-18.98377991,-10.14580727,13.13956261,8.68639469,-9.23271561
1.00000000,-11.25213051,-0.13872230,8.44270802,4.46614552,3.29633045,13.28252983,-4.18094158,-1.61240995,-1.44219780,15.12718582,-0.34358883,-18.84363174,-10.16169548,13.04171085,8.74547672,-9.27083206
1.00000000,-11.80414963,-0.05098861,8.64587402,4.74321461,3.08191752,13.51983929,-4.24538755,-1.70492148,-1.44801223,15.73371792,-0.25248161,-19.01035690,-10.61562061,13.48076534,8.91828632,-9.42948723
1.00000000,-11.59263897,-0.13784911,8.42184830,4.67849302,3.36304665,13.26986885,-4.42620850,-1.50109208,-1.43988264,15.30699539,-0.19479477,-19.18203545,-10.33209229,13.11931992,8.83410931,-9.29068851
1.00000000,-11.56110096,-0.06068849,8.55238152,4.63298798,3.12520552,13.53682995,-4.22213507,-1.71959805,-1.61644459,15.52346611,-0.16456658,-19.19851303,-10.49645233,13.31127644,9.05675888,-9.44433975
1.00000000,-11.48474407,-0.27210742,8.52178860,4.53126240,3.14609718,13.11291122,-4.33145905,-1.66919768,-1.51061749,15.08883667,-0.14606124,-18.63645744,-10.30333900,12.96626377,8.81207752,-9.13381958
1.00000000,-11.70910454,-0.11207525,8.53396988,4.82731628,3.19260812,13.36946201,-4.41079426,-1.44331861,-1.32449675,15.66655922,-0.19254881,-19.22688675,-10.40229130,13.31699848,8.96256065,-9.37743568
1.00000000,-11.33817577,-0.37999210,8.46326828,4.46141052,3.23762298,13.10540771,-4.32012558,-1.60859811,-1.64503551,15.00636482,-0.30010062,-18.61568069,-10.11933231,12.95279598,8.81624699,-9.15754604
1.00000000,-12.12749004,-0.01170400,9.05782700,4.70714569,3.08913779,14.18564892,-4.65961456,-1.91536796,-1.63639998,15.96514988,-0.16493982,-19.79588699,-10.75254822,13.75255775,9.42772675,-9.58240891
1.00000000,-11.74065590,-0.23693803,8.67845058,4.61847830,3.15533900,13.46523952,-4.33837271,-1.67145801,-1.70787024,15.35814953,-0.24131951,-19.05759048,-10.38045311,13.45730019,8.99565792,-9.33028793
1.00000000,-11.29742336,-0.27923262,8.26542282,4.47246647,3.22003007,12.87310219,-4.36475563,-1.56156445,-1.43141627,14.92981911,-0.39840907,-18.62758636,-9.92266464,12.83475971,8.54649448,-8.92243385
1.00000000,-11.58253288,-0.13901964,8.66413307,4.47332573,2.97734308,13.54280090,-4.37368202,-1.66462958,-1.59152079,15.55494976,-0.26167846,-19.02824783,-10.47898769,13.38642216,8.95718765,-9.43557739
1.00000000,-11.35467815,-0.00672431,8.46109962,4.69756365,3.06048679,13.32113934,-4.33052635,-1.46757436,-1.55760014,15.49133396,-0.36680573,-18.93439102,-10.27829838,13.14800453,8.90824509,-9.38000488
1.00000000,-11.71256924,-0.09986209,8.68874550,4.61430073,3.29659700,13.39969444,-4.36436892,-1.56524670,-1.42974555,15.45391083,-0.22742999,-19.16720963,-10.32095909,13.29979515,8.93657494,-9.32019615
1.00000000,-11.61841488,-0.19697145,8.66948891,4.66378021,3.30892634,13.63398647,-4.46984768,-1.71396065,-1.58172488,15.38057899,-0.14249955,-19.35111427,-10.58961964,13.46622562,8.94193649,-9.46252537
1.00000000,-11.60800743,-0.03331073,8.64667988,4.68262005,3.24147892,13.17171764,-4.41579914,-1.65284622,-1.60393488,15.28373623,-0.31860173,-19.17619133,-10.40667343,13.16773605,8.82231331,-9.15974522
1.00000000,-11.27060890,-0.17296267,8.44517136,4.67298412,3.01820135,13.17145348,-4.50375557,-1.38882446,-1.51061070,15.11900616,-0.29117718,-18.56237221,-9.87578392,12.98009396,8.65596199,-9.09424782
1.00000000,-11.25686359,-0.30202627,8.27786636,4.47661114,3.29031229,13.02538395,-4.33530951,-1.62637532,-1.48422551,14.97157574,-0.26703557,-18.61264610,-10.05763149,12.86724854,8.55848122,-8.96614170
1.00000000,-11.85431480,-0.01975350,8.70183182,4.63813591,3.16345096,13.52293015,-4.43450642,-1.62809503,-1.49522138,15.56621552,-0.18658316,-19.28312302,-10.36154556,13.52999878,9.05510998,-9.40146351
1.00000000,-11.66726494,0.01675235,8.63215065,4.71992493,3.21827984,13.34950829,-4.32341433,-1.52211678,-1.67732394,15.35191154,-0.39163035,-18.88298225,-10.12103653,13.42308044,8.83272457,-9.24522209
1.00000000,-11.16891575,-0.19637920,8.28439713,4.76143789,3.34652090,12.90600777,-4.35952377,-1.47165549,-1.44647574,15.02325726,-0.20250988,-18.72057533,-9.91210175,12.94757271,8.62863922,-8.97840786
1.00000000,-11.54682350,-0.04716203,8.61399460,4.68473148,3.24532294,13.42952824,-4.29437542,-1.63032687,-1.62979615,15.43232632,-0.32826599,-19.02184677,-10.26292801,13.29234505,8.82826900,-9.34096909
1.00000000,-11.32436657,-0.19107574,8.33200932,4.58573627,3.23146701,13.11860752,-4.24099827,-1.60598552,-1.59321511,15.11370754,-0.34999385,-18.94688988,-10.11341572,13.10863781,8.60987568,-9.15712166
1.00000000,-11.69707489,-0.13995090,8.57068634,4.63583279,3.18861985,13.59606266,-4.44542027,-1.65588617,-1.60012746,15.45890331,-0.28776032,-19.09004402,-10.39208508,13.47494221,9.09489727,-9.30454636
1.00000000,-12.01909351,-0.17536697,8.86247826,4.72259521,3.25777721,13.78665352,-4.34247446,-1.87270272,-1.59014010,15.72427940,-0.09408954,-19.53721619,-10.81550884,13.49763393,9.08408260,-9.64658451
1.00000000,-11.64092064,-0.21028465,8.57540703,4.62335110,3.16469288,13.53030014,-4.21074247,-1.64248216,-1.57652044,15.42763519,-0.25347766,-18.95729637,-10.24995232,13.18529606,8.81455326,-9.34605598
1.00000000,-11.17601967,-0.05531254,8.36923313,4.68804836,3.16270232,13.10537910,-4.29376984,-1.38162720,-1.63084781,15.25099754,-0.25513595,-18.51739883,-10.05167198,13.00925446,8.71503830,-9.12881565
1.00000000,-11.34008694,-0.27319539,8.27593040,4.55143261,3.34478641,12.98993397,-4.39710712,-1.41454339,-1.43062699,14.94245911,-0.40451050,-18.65553856,-10.03306961,12.89682770,8.83395767,-9.03228855
1.00000000,-11.91766930,-0.14456862,8.61738205,4.70052814,3.34058619,13.46908760,-4.36637545,-1.60372889,-1.50076830,15.55650806,-0.23887490,-19.34042168,-10.40020466,13.39915657,8.96008015,-9.41986656
1.00000000,-11.18032169,-0.23101632,8.37665367,4.64042473,3.21645617,13.10904503,-4.25540257,-1.51578152,-1.49357891,15.01850891,-0.36886173,-18.73273087,-10.04288864,12.97603130,8.73054409,-9.07329369
1.00000000,-11.63090992,-0.13682741,8.55329514,4.72130394,3.19569445,13.32750225,-4.41178703,-1.66292059,-1.54048467,15.34969521,-0.17749292,-18.84558105,-10.17098141,13.23745060,8.94902039,-9.32179546
1.00000000,-11.72108650,-0.12573427,8.72813797,4.74626064,3.35202050,13.56025791,-4.38975811,-1.68949020,-1.39762473,15.55258751,-0.19799131,-19.44014359,-10.52021217,13.31864071,9.04358673,-9.50151634
1.00000000,-11.73047352,-0.11882832,8.78438377,4.88319492,3.21466088,13.69948292,-4.35155964,-1.70605922,-1.48600328,15.65719891,-0.11013034,-19.33420181,-10.53938007,13.42443085,9.02482128,-9.37629509
1.00000000,-11.60537815,-0.25784004,8.45190811,4.56024170,3.26919127,13.34566116,-4.38780308,-1.61531234,-1.46618640,15.43752670,-0.16257691,-18.99534225,-10.40204048,13.16937065,8.92600250,-9.27036858
1.00000000,-11.24956512,-0.09704928,8.50121689,4.65544128,3.12758279,13.24656105,-4.20221281,-1.54597127,-1.39880276,15.30792332,-0.33909738,-18.99386787,-10.37084770,13.21382809,8.77467632,-9.22765255
1.00000000,-11.79733372,-0.26856947,8.66367531,4.68660975,3.25831151,13.54397964,-4.38596344,-1.90672624,-1.70047522,15.49078560,-0.26789421,-19.25945282,-10.46411133,13.40697575,8.80189133,-9.23478985
1.00000000,-11.50596237,0.01113017,8.44585037,4.52014589,3.12456322,13.21835709,-4.42980957,-1.65372670,-1.52767599,15.23144436,-0.12216541,-18.87732124,-10.22131348,13.09711838,8.66223526,-8.99551868
1.00000000,-11.17501450,-0.24532063,8.37680054,4.52982521,3.34991360,12.93728161,-4.30608034,-1.52657819,-1.56396401,14.87859821,-0.27575082,-18.58646584,-9.94962788,12.82686520,8.67819309,-8.96636677
1.00000000,-11.44254875,0.03846925,8.69014168,4.69270802,3.28863597,13.60920143,-4.42670059,-1.60713661,-1.57220709,15.66795063,-0.32355303,-19.16827965,-10.51805019,13.47014141,8.94993019,-9.50824738
1.00000000,-11.37068176,-0.13892287,8.36027145,4.54909801,3.35689855,13.11588669,-4.34145260,-1.64586508,-1.54714453,15.05313301,-0.32751963,-18.88954735,-10.06966686,13.02301884,8.74553871,-9.19952106
1.00000000,-11.44242287,-0.16278809,8.52322197,4.75974274,3.13048959,13.41533661,-4.38100147,-1.41838706,-1.61609757,15.51002312,-0.25053084,-18.86904526,-10.18760490,13.32594204,8.60293007,-9.17891598
1.00000000,-11.54854202,0.08429098,8.39351845,4.66569424,3.10455060,13.20144653,-4.30773544,-1.50028396,-1.55236673,15.27198410,-0.25837851,-18.82266235,-10.20468712,13.19168568,8.79167747,-9.26554966
1.00000000,-11.69885635,-0.06119893,8.69974136,4.61039352,3.13852096,13.52863121,-4.38940859,-1.70028758,-1.42361724,15.59941196,-0.26496795,-19.26341057,-10.51680660,13.39329433,8.82428741,-9.35514927
1.00000000,-11.30231667,-0.16212705,8.31544685,4.57842779,3.22512650,12.99448109,-4.33828926,-1.39179623,-1.44700766,15.04284954,-0.41408300,-18.69593430,-10.05923557,12.89504719,8.66175175,-9.11316776
1.00000000,-11.61593056,0.00230825,8.61652946,4.65344524,3.32717133,13.31802654,-4.34162807,-1.52419662,-1.52512288,15.28265476,-0.20047386,-18.94598770,-10.24870586,13.25992203,8.77892971,-9.37494183
1.00000000,-11.78806305,0.08367018,8.78012848,4.63251400,3.26243138,13.69773579,-4.33483791,-1.72080779,-1.60241747,15.87455559,-0.17651704,-19.42214203,-10.73792076,13.66647720,8.94189644,-9.60216618
2.00000000,-15.06545734,-0.03038381,10.99499893,5.53617191,3.22773409,17.59858704,-5.28390598,-2.69612074,-2.18838906,19.12832642,1.09171462,-23.31336403,-14.06330013,16.62825966,11.93495941,-11.70453930
2.00000000,-15.72949409,-0.05369730,11.53511620,5.20967770,3.46907401,18.88486481,-5.21770859,-3.02406001,-2.27087069,20.17000580,1.33185065,-24.54739189,-15.18430042,17.44021034,12.73589420,-12.80681419
2.00000000,-15.01682186,0.05025235,11.03533936,5.01605988,3.31762600,18.48833656,-5.03726864,-2.96282101,-2.04880595,20.01054764,0.89023197,-23.64443970,-14.84820271,17.22482491,12.77385807,-12.44428921
2.00000000,-14.87610531,-0.00086206,10.74472046,5.14025211,3.47569346,17.53957367,-5.17146015,-2.68924403,-1.70937002,18.96054840,0.91153026,-23.20362663,-13.93324947,16.34147072,11.86680317,-11.71634769
2.00000000,-15.00080490,-0.14978866,10.78871918,4.79371643,3.30668354,17.67560768,-5.29825115,-2.73266268,-2.38176489,19.16151428,1.00007153,-23.14045334,-14.17588520,16.46639442,11.89773750,-11.97197247
2.00000000,-15.09099007,-0.08260681,10.99652672,5.04778767,3.18392825,17.81816483,-5.09961128,-2.72989368,-2.10661530,19.33693314,0.92500842,-23.31443405,-14.04087067,16.54549599,12.06979656,-12.19401455
2.00000000,-15.75316715,0.13932396,11.55338860,5.37736511,3.60806155,19.25804901,-4.95598412,-2.97638702,-2.44754004,20.45374680,1.28386486,-24.70349693,-15.48678303,17.63599396,12.99354935,-13.05016613
2.00000000,-15.21822166,0.11001377,10.99145317,5.11117458,3.35804248,17.96506119,-4.95869827,-2.84186840,-2.37332773,19.28747177,0.82407653,-23.59193230,-14.22951984,16.72489929,12.02898979,-12.37580299
2.00000000,-15.70585632,0.04877435,11.38873100,5.42183304,3.38149834,19.09175682,-5.23336697,-3.15802908,-2.29438448,20.27335739,1.39121854,-23.91789436,-15.31741905,17.28276062,12.81492043,-12.80237007
2.00000000,-14.33182335,-0.07668762,10.44044495,5.16744614,3.32534575,17.08236122,-4.95581722,-2.41413903,-2.02816844,18.59279633,0.79948592,-22.27456093,-13.42042160,16.09225655,11.47032547,-11.42899895
2.00000000,-15.20451164,0.02193572,10.96606255,5.09694195,3.63918853,18.49903870,-5.22719955,-2.69347858,-2.02606392,19.94926834,1.23190844,-23.54971504,-14.68508434,17.13651657,12.78513622,-12.37329960
2.00000000,-15.85211277,-0.13428549,11.38064384,5.27129841,3.46997166,19.27393150,-5.25190639,-3.18912530,-2.36791134,20.27949524,1.60308826,-24.82346725,-15.64187813,17.61735725,13.17839336,-13.03952885
2.00000000,-14.90289021,-0.04441240,10.61151695,5.29618168,2.99289846,17.88985062,-5.08233166,-2.96212411,-2.00105906,19.61255264,1.09144092,-23.09101677,-14.20748615,16.67748070,12.12034416,-11.97138786
2.00000000,-14.52577209,-0.20420003,10.76904488,5.13108158,3.52791739,17.71133041,-4.99750042,-2.52754664,-2.16211796,18.70431900,0.95529592,-23.30550194,-13.86827850,16.25687218,11.92012024,-11.86661339
2.00000000,-15.30984211,0.24762388,11.20454407,5.35656071,3.73908663,18.03812790,-5.06305313,-2.70519209,-2.06095672,19.45833588,0.90392971,-23.72668457,-14.42681122,16.78989029,11.96221256,-12.15412998
2.00000000,-15.00969028,0.14807184,11.10660934,5.35670471,3.22224903,18.05203438,-4.72545528,-2.58376622,-2.52647638,19.65777588,0.72527885,-23.49138451,-14.19432068,16.83259773,11.90240383,-12.31804085
2.00000000,-15.68208694,-0.05523258,11.37580109,5.27319241,3.80837464,18.50940132,-5.12978077,-2.83003139,-2.21643424,19.98404312,1.16145861,-24.31219101,-14.91257763,16.97555923,12.40067959,-12.68381119
2.00000000,-14.94417191,0.09385553,10.88149261,5.42444515,3.44795275,17.40326500,-5.25776958,-2.58571744,-1.69093072,18.91516495,0.80628943,-23.07334328,-13.97595596,16.41418266,11.76995659,-11.70932484
2.00000000,-14.76583195,0.04695465,10.93143845,5.48988914,3.35144377,17.61522865,-5.16295242,-2.55371547,-2.08870554,19.49449158,0.90482295,-23.33305359,-13.98830605,16.72455788,11.66746426,-11.95335674
2.00000000,-15.71957016,0.21523713,11.36800194,5.28935909,3.52337265,18.73384094,-4.88422394,-2.96911550,-2.28171682,20.17332077,1.50732362,-24.36485481,-15.07404518,17.28310013,12.84173775,-12.63164711
2.00000000,-14.16939735,0.04869671,10.47384071,5.14850044,3.38332868,16.61307526,-4.95715046,-2.38483238,-1.68545949,18.54308319,0.60489225,-22.30542564,-13.06217003,15.81895828,11.07770824,-11.19670582
2.00000000,-15.47542000,-0.17376597,11.44994354,5.32577515,3.27113271,18.80132675,-5.07474899,-3.07674503,-2.26490593,20.10047913,1.44563067,-23.89689445,-14.83493519,16.96262550,12.87750244,-12.47866440
2.00000000,-14.31933308,0.13807841,10.47578430,5.14690590,3.21050692,17.01489258,-4.81322670,-2.20995355,-1.98109818,18.47644043,0.61459494,-22.46545601,-13.08002281,15.90427780,11.27585506,-11.39869118
2.00000000,-14.58251476,0.21690913,11.18061066,5.19223499,3.69517970,17.81212234,-5.13177204,-2.50548315,-2.30269408,18.87777710,0.59879267,-23.04206276,-13.62266254,16.40386581,11.85080814,-12.17587471
2.00000000,-14.49537945,0.38871449,10.53812218,5.12285614,3.53933740,17.00645065,-4.82368279,-2.36358285,-1.60207200,18.83285141,0.65208673,-22.51246262,-13.30036354,15.94909191,11.54025459,-11.67874622
2.00000000,-14.74839020,0.07740575,10.76351166,5.39264107,3.24809694,17.47869873,-4.93069458,-2.46867728,-2.03243518,19.40446472,0.73908556,-23.31606293,-14.05891705,16.71226120,11.91386795,-11.95501423
2.00000000,-14.66022778,-0.02950794,10.73960304,5.18561459,3.77735758,17.64496231,-5.17075443,-2.58924198,-1.96184123,19.14079666,0.70382571,-23.21616173,-13.92297459,16.45046043,11.88971519,-11.92661572
2.00000000,-15.81083488,-0.07144864,11.29522705,5.40700722,3.22190261,18.68919754,-5.59345722,-3.22475076,-2.22905016,20.39368820,1.64088309,-23.82539749,-15.41587543,17.18875694,12.95420456,-12.51735115
2.00000000,-14.32005787,-0.00712977,10.78013611,5.41086578,3.16578889,17.45085907,-4.81027317,-2.52466369,-1.98501265,18.90720749,0.90378225,-22.93746948,-13.80723190,16.15009880,11.77448654,-11.65844250
2.00000000,-15.12188148,-0.20614153,10.88629150,5.04203796,3.10923219,18.47771645,-5.21496964,-3.04580688,-2.08435988,19.97508621,1.19875622,-23.65956879,-14.75996494,17.08291626,12.56828403,-12.10063457
2.00000000,-14.96825981,-0.03939014,10.77952003,5.07177639,3.30820775,17.84069633,-5.01218128,-2.68684888,-1.90128911,19.42728043,1.19234324,-23.16855812,-14.35934067,16.48945618,12.12418270,-12.05482769
2.00000000,-15.29085636,-0.16227223,10.84982491,5.16261959,3.31977892,18.08823586,-4.90040302,-3.07527852,-1.84334314,19.91452789,1.19985354,-23.17746544,-14.66143990,16.77554703,12.26671124,-12.05614471
2.00000000,-15.54379845,-0.19140930,11.44471741,5.10538960,3.41345239,18.93064308,-5.17767334,-2.76471162,-2.28552961,20.19954681,1.26026154,-24.15802002,-15.03052044,17.45331955,12.78344440,-12.95940495
2.00000000,-15.30984306,0.11973603,11.06830978,5.37459564,3.77995586,18.33233261,-5.42340946,-2.73080730,-2.10320854,19.59899902,0.88154888,-23.71326065,-14.46950626,16.90201569,12.34257030,-12.24944973
2.00000000,-15.01898766,-0.11890985,10.84399033,5.17504883,3.15825772,17.55717850,-5.13364315,-2.48356438,-2.27282619,19.49308777,0.76451516,-23.11456680,-14.03423691,16.55718803,11.92802334,-11.85450077
2.00000000,-15.79287243,-0.07666720,11.33074570,5.05333710,3.22888756,18.80492973,-5.30238342,-2.91041732,-2.51931262,20.06907272,1.29192150,-23.96987343,-15.19009590,17.37959862,12.61252022,-12.55700684
2.00000000,-14.78331280,-0.14146340,10.88815689,5.20914078,3.15399146,18.05280495,-4.96622849,-2.76094627,-2.09442139,19.72472000,1.17873549,-23.24437332,-14.51363087,16.87538910,12.37054920,-12.05591011
2.00000000,-15.68527508,0.02028851,11.43921089,5.28661919,3.64826632,19.10470581,-5.30086517,-3.17706466,-2.13614130,20.30094910,1.38926518,-24.22704697,-15.14014721,17.21149063,12.81431389,-12.80883884
2.00000000,-15.99341774,0.19409685,11.40902328,5.43649960,3.44891977,18.85536575,-5.39468765,-2.74532390,-2.27425718,20.32690430,1.21559501,-24.56941795,-15.22031021,17.79798698,12.90734196,-12.91092300
2.00000000,-15.62058735,-0.04674003,11.41572762,5.67078018,3.65019321,18.81203842,-5.38363171,-2.53107333,-2.02875233,20.10665131,1.18201554,-24.03516006,-14.89095879,17.11429977,12.89798832,-12.66768169
2.00000000,-15.32181454,0.02778421,11.39253426,5.48167038,3.51036024,18.53660965,-5.01061344,-2.68238473,-2.19038033,20.16750717,1.06623793,-23.79716110,-14.94691944,17.19083214,12.46511841,-12.58989143
2.00000000,-16.01781082,0.30619788,11.59841347,5.26964951,3.58628130,19.32688332,-5.35674286,-3.13958168,-2.10598969,20.42857361,1.28596938,-24.78090858,-15.65831566,17.71110344,13.14845657,-13.07507515
2.00000000,-14.73859406,0.22346969,10.92641830,5.03165436,3.44406438,17.76605225,-5.19588280,-2.62366295,-2.11117125,19.01124954,0.85346115,-23.27508545,-14.15914917,16.63476562,12.27008343,-12.05017662
2.00000000,-15.46902752,-0.00232010,11.16543961,5.12790871,3.50384593,18.55962944,-5.44592571,-2.90636516,-2.26191044,20.10579300,1.26930630,-23.84193611,-15.10412121,17.33201790,12.80985546,-12.24287987
2.00000000,-15.40075111,0.01312232,11.08339500,5.25414658,3.36189938,18.14153671,-5.20087814,-2.77513146,-2.10277748,19.83732224,0.93135333,-23.82136536,-14.66914845,16.79360580,12.09187031,-12.20253372
2.00000000,-14.54548550,-0.06518728,11.00109291,5.13600063,3.35990071,17.80776405,-5.11003876,-2.40682912,-2.47706771,19.02555847,0.68886125,-22.88886642,-13.81645489,16.59268761,11.86329460,-12.08087730
2.00000000,-15.38620281,-0.19849285,11.27016449,5.18992710,3.37946320,18.73698807,-5.42824554,-2.90627384,-2.31352830,20.06260681,1.17666984,-23.72611237,-14.83778667,17.14271736,12.59635544,-12.63703728
2.00000000,-15.77262115,-0.06703291,11.39520073,5.24061394,3.41269279,18.91979218,-5.26897144,-2.95480156,-2.12484455,20.28659821,1.15395975,-24.30833435,-15.35447884,17.17040062,12.72317123,-12.62899590
2.00000000,-15.34491158,-0.28392154,11.27372742,5.34181881,3.69268322,18.50193977,-5.08897877,-2.82232571,-2.07001424,19.62564468,1.31279504,-23.82183456,-14.83880615,17.01727676,12.54695988,-12.34548473
2.00000000,-15.28479576,0.18350111,11.16709328,5.42765999,3.53448987,18.37004662,-4.87245750,-2.79278946,-2.36247349,19.78742599,0.95490575,-24.02549744,-14.83996964,16.84160042,12.46812439,-12.36373997
2.00000000,-14.89583492,0.02967367,10.99153900,5.24324703,3.22251391,17.74056625,-5.08123684,-2.74217057,-2.17674351,19.09475327,0.92163372,-22.95515251,-13.87025356,16.44962692,11.86493015,-12.01572609
2.00000000,-15.38258362,0.05599998,11.25230980,5.51826668,3.56737876,18.59114647,-5.16582584,-2.77016664,-2.34161949,20.01626205,0.90975451,-23.86209488,-14.72681808,16.91804695,12.29784107,-12.45600891
2.00000000,-15.44643307,0.07675086,11.03316307,5.37392235,3.47093225,17.90196609,-5.10451603,-3.23000574,-2.02959776,19.62510300,1.21633637,-23.37006378,-14.58347797,16.78383636,12.20038509,-11.99697495
2.00000000,-14.82942104,0.28855640,10.67480469,5.31070805,3.52243853,17.97824860,-5.23640442,-2.57761335,-2.08306670,19.49295425,0.93939376,-23.09346390,-14.24978924,16.58616066,12.30412483,-11.94555855
2.00000000,-14.45303917,-0.06353437,10.71023750,5.03497696,3.51814890,17.25778389,-4.82131290,-2.20725560,-2.29393435,18.62344360,0.54945624,-22.66644669,-13.26541138,16.28048706,11.60440636,-11.88653851
2.00000000,-15.30843449,0.05319326,11.01194763,5.24108791,3.11778975,18.02817535,-4.87431622,-2.56820107,-2.24121284,19.62614059,0.90376759,-23.52147102,-14.57027626,16.80712891,12.17003155,-12.28378773
2.00000000,-15.04512978,0.03112040,11.07605553,5.12265873,3.28147507,17.91770935,-4.89251518,-2.54450035,-2.24212694,19.76857758,0.71408248,-23.19053078,-14.32075405,16.64027596,11.89143658,-12.15730190
2.00000000,-14.38271523,-0.04016392,10.54548836,5.31229591,3.52311826,17.26106071,-5.08053207,-2.56487751,-1.78413022,18.88970184,0.78266251,-22.71848869,-13.74314213,16.22261238,11.65268803,-11.56694889
2.00000000,-15.76857471,0.03203209,11.38675308,5.19893074,3.66496897,18.92048836,-5.31122684,-2.66978216,-2.12046552,20.18869019,1.09160602,-24.29228592,-15.31432724,17.63116455,12.84941959,-12.78599548
2.00000000,-14.92135620,0.17200281,11.08163261,5.00415802,3.37746906,18.16281509,-5.22621727,-2.70737886,-2.38688254,19.47511673,0.70357490,-23.38025475,-14.19900799,16.83719826,12.38958168,-12.11173916
2.00000000,-15.64242554,0.20252816,11.42591286,5.23287201,3.65626669,18.86398506,-5.39227962,-2.87682080,-1.90105700,20.11798477,1.17571735,-23.92743683,-15.22997379,17.12133408,12.91175461,-12.62707424
2.00000000,-14.87283134,0.25718695,10.98294830,5.21735287,3.42330337,17.28264618,-5.29099369,-2.43327594,-1.98108673,19.05510712,0.69971204,-22.79395866,-13.81048107,16.64496231,11.60731792,-11.50045872
2.00000000,-14.35946751,-0.31051630,10.65853882,5.03705883,3.17707944,17.48221970,-5.12563515,-2.49094391,-2.21079588,18.82231522,0.77133286,-22.59318733,-13.56136990,16.10110474,11.58977509,-11.59103107
2.00000000,-14.88225269,-0.27799833,11.00300026,5.28799248,3.31066322,17.80826950,-5.10685062,-2.63025045,-2.19350457,19.48595428,1.15105057,-23.15383339,-14.23642540,16.51149940,11.91929913,-11.93878651
2.00000000,-15.88569927,0.02070740,11.65103722,5.19450951,3.90389037,19.25573540,-4.98709679,-3.05213690,-2.26752543,20.59088135,1.15744925,-24.52657509,-15.61790562,17.56946754,12.95465374,-12.80611610
2.00000000,-14.92217255,0.08886924,11.03643990,5.23613358,3.12978554,17.95046043,-5.05739784,-2.59645271,-2.26157045,19.45178223,0.82232618,-23.61031914,-14.39372063,17.16943741,12.30536556,-12.07821560
2.00000000,-15.40214252,-0.07895368,11.22118378,4.89056206,3.67506075,18.22301102,-5.25551701,-2.73169398,-2.52541041,19.34095001,0.97784340,-23.88125420,-14.75294209,16.86088371,12.44665527,-12.12384510
2.00000000,-14.46809387,-0.06884476,10.75679779,5.10710907,3.44717240,17.40143585,-5.07282639,-2.18649077,-2.20665216,18.42623901,0.56840694,-22.87040710,-13.33293343,16.18996239,11.48891449,-11.99387264
2.00000000,-15.13772392,-0.03209011,11.09423065,5.22864914,3.22998405,18.20592117,-5.08023643,-2.90009880,-2.17509055,19.57217026,1.08408284,-23.54595566,-14.35151863,16.94627190,12.38838673,-12.30946445
2.00000000,-14.91939068,-0.03423231,10.87718964,5.08929348,3.28790283,17.66448784,-4.69190598,-2.48637414,-2.08961344,19.14835739,0.71841264,-23.33642197,-14.28343582,16.49283218,11.98719406,-12.03350163
2.00000000,-14.71005058,0.12257595,10.60279274,5.13461590,3.25841761,17.18749809,-4.87283707,-2.50784564,-1.70949602,18.86063004,0.71901882,-22.69917107,-13.67845058,16.20182800,11.66077900,-11.71989632
2.00000000,-15.71435642,-0.15835148,11.11990738,5.31089592,3.08967686,18.74761581,-5.26749992,-2.81779647,-1.97329545,20.27641678,1.32553506,-23.87067795,-14.81415558,17.10142326,12.50431824,-12.41197586
2.00000000,-15.10838223,0.02242173,11.08559990,5.23274231,3.58847308,18.43064690,-5.16403008,-2.70423007,-2.17950559,19.75679016,1.00704420,-23.71818924,-14.47314072,17.19624138,12.75945568,-12.52431679
2.00000000,-14.88111591,0.25473595,10.97831535,5.10151958,3.24696803,17.78992462,-5.35726929,-2.54379606,-2.10927105,19.12444305,0.63884103,-23.13688850,-13.84710312,16.60234261,11.92452335,-11.91392517
2.00000000,-14.63040733,0.13428335,10.82825279,5.02601624,3.31707191,17.50628090,-5.00010872,-2.52541876,-2.15059280,19.17304611,0.62150562,-22.84139824,-13.73927975,16.46354294,11.75171852,-11.91614819
2.00000000,-14.86119652,-0.07559863,10.90322304,5.41612148,3.43337250,17.91857338,-5.04782009,-2.69243026,-2.08255911,19.50658417,1.24926162,-23.16136932,-14.30001640,16.59407806,12.21214581,-12.02033234
2.00000000,-15.25374508,-0.19143622,11.17503738,5.40590858,3.34941077,18.55078125,-5.31784058,-2.88141823,-2.18829751,20.07953644,1.09918904,-23.70085335,-15.05315876,17.17903709,12.75868893,-12.37917709
2.00000000,-16.00421906,-0.05268596,11.44936943,5.45833874,3.50504923,19.23180389,-5.37290287,-3.01606488,-2.19468522,20.56271362,1.44928467,-24.32500267,-15.20620155,17.51225662,13.27026939,-12.86085415
2.00000000,-14.90611076,-0.12304702,10.90390396,5.21625233,3.05255198,17.94634056,-4.86521053,-2.88791943,-1.96288931,19.36609268,1.24296045,-23.29366684,-14.40623760,16.58537674,11.92798042,-12.19775009
2.00000000,-14.30000877,-0.14568940,10.53907394,5.26930809,3.20718122,17.31778908,-5.10621738,-2.64804959,-2.16797185,18.80016327,0.94124365,-22.56209755,-13.69180965,16.34111404,11.74811840,-11.61352158
2.00000000,-15.39062977,0.08443145,11.32701874,5.24347591,3.47175097,19.06700516,-4.95548630,-2.84149313,-2.20289660,20.28857803,0.95237792,-24.11392975,-14.98259640,17.22401047,12.74574757,-12.50425053
2.00000000,-15.60369682,-0.24168052,11.12647438,5.20757675,3.34385991,19.01608276,-5.30305195,-3.01736689,-2.14375544,20.27399445,1.51505876,-24.10620308,-15.38718987,17.47313118,12.99702740,-12.77169800
2.00000000,-15.12374496,-0.06614460,11.09879875,5.34424019,3.43800616,18.16877365,-5.21536446,-2.75659323,-2.06652260,19.58062363,1.09443378,-23.73528862,-14.57500553,16.70972061,12.08158207,-12.24154377
2.00000000,-14.92227745,0.07213934,10.69582748,5.18577290,3.55125976,17.69998932,-5.12964058,-2.42657614,-2.11919761,19.01100540,0.93844080,-23.12725067,-13.75197506,16.64020920,11.69385242,-11.99101257
2.00000000,-14.83767605,-0.02810170,10.99429893,5.01575661,3.27392983,17.84938622,-5.12682056,-2.62920952,-2.45272827,18.88408661,0.85591316,-22.88862991,-13.79303646,16.44091797,11.82141304,-12.01830292
2.00000000,-14.98306942,-0.14056112,11.14952660,5.39960384,3.25328565,17.95793915,-4.86107731,-2.79784417,-2.35907340,19.45579147,1.14149141,-23.37629128,-14.30624676,16.56401253,12.33519173,-11.99137306
2.00000000,-15.53094196,-0.12184723,11.13912582,5.08067799,3.59384322,18.69077110,-5.30343342,-2.80457139,-2.08246303,19.80482101,1.11867106,-24.07149124,-14.81451035,17.38797188,12.61349010,-12.72458458
2.00000000,-14.60227966,0.02306218,10.81090927,5.14781666,3.44327760,17.41823959,-4.95063972,-2.62203526,-2.28867149,18.96472168,0.61372936,-23.09843636,-13.66547775,16.33237076,11.83868122,-11.95702744
2.00000000,-14.87268925,-0.10656862,11.13021469,5.12331867,3.66800308,17.95931244,-5.26066113,-2.61889410,-2.16173124,19.34225845,0.90857959,-23.74263191,-14.35723972,16.66527367,12.35628033,-12.14226055
2.00000000,-15.73414612,-0.18810187,11.36387634,5.22280788,3.31874394,19.21360016,-5.35933685,-3.12143159,-2.25210690,20.56459427,1.37675083,-24.36669922,-15.56371975,17.71985435,13.11382008,-12.98198986
2.00000000,-15.45201111,-0.04413544,11.23747635,5.57560158,3.58694720,18.91695976,-5.11003971,-3.02323055,-2.07318640,20.02328110,1.41103268,-24.29316521,-15.16425800,17.41395187,12.87922001,-12.58726692
2.00000000,-15.36412907,-0.12688631,11.10272598,5.31354427,3.15492010,18.78583908,-5.22658062,-2.94688368,-2.13076782,20.28990936,1.49272120,-23.69583893,-15.25566196,17.23902702,12.73796177,-12.58989525
2.00000000,-14.81450653,0.13099508,10.67963791,5.31161785,3.27326941,17.32299995,-5.13293457,-2.59660864,-2.15382171,18.95985413,0.57757890,-23.00948524,-13.76325703,16.55532455,11.67217827,-11.88876057
2.00000000,-15.47789955,-0.13449506,11.19873428,5.14340210,3.32944536,18.22384834,-4.93027115,-2.95943356,-2.37284446,19.98275757,1.09105432,-23.66187477,-14.82310104,17.11618042,12.48194504,-12.38392258
2.00000000,-15.04446220,-0.01486664,10.59432793,5.36808586,3.28270268,17.26137161,-5.18240547,-2.90226531,-1.99230576,19.55611801,1.21841419,-22.88790894,-14.20693016,16.40627289,11.84492302,-11.47280312
2.00000000,-15.45475960,-0.01512243,11.09974098,5.18970394,3.15633082,18.24674988,-5.04518318,-2.86182785,-2.20103168,19.82113647,1.16670871,-23.60864830,-14.98596668,16.88215256,12.34749222,-12.05491734
2.00000000,-15.54416084,-0.15272965,11.04118347,5.63479805,3.14813209,17.68712616,-5.08730221,-2.72677159,-2.10193825,19.72047806,1.16246665,-23.57571220,-14.56820965,16.92605019,12.15809250,-12.19535542
2.00000000,-15.14197159,0.14937408,11.01828957,5.15819454,3.51146603,18.16456413,-5.07766056,-2.66734672,-2.25209069,19.64978027,0.93405378,-23.75627518,-14.30980206,16.85732841,12.16149998,-12.62483692
2.00000000,-14.55477047,0.23509966,10.77461433,5.14111614,3.54450083,17.34327888,-5.22701740,-2.36358142,-2.27093649,19.01858902,0.35767636,-22.87154579,-13.53107071,16.57513809,11.87676334,-11.96313190
2.00000000,-15.80255032,-0.11568332,11.63294792,5.34098244,3.37997437,19.36134338,-4.76618004,-3.08764100,-2.47829342,20.79091644,1.34579647,-24.84891510,-15.65036297,17.81746864,12.91757011,-13.09023285
2.00000000,-15.44491482,-0.06739856,11.12952423,5.07334042,3.30049467,18.74559975,-4.85407639,-2.85036588,-2.25884652,20.10036469,0.95484388,-24.03045464,-14.86429882,17.37160301,12.70112896,-12.59953117
2.00000000,-14.88161278,-0.07197766,10.85407829,5.21706772,3.66426301,17.76852798,-5.31316376,-2.75475287,-1.99426925,19.16491699,1.09642279,-23.31368828,-14.39628315,16.73068428,12.45681190,-12.20851040
2.00000000,-15.64865971,-0.04238191,11.25207901,5.39905357,3.27719927,18.75215149,-5.07418728,-3.05740404,-1.93649125,20.21538925,1.35265851,-23.98976135,-15.34151745,17.30765343,12.64718628,-12.36372375
2.00000000,-15.62612820,0.34429353,11.33086014,5.53893757,3.46357965,18.56551552,-5.11381149,-2.69366932,-2.35335755,20.07989120,1.07296872,-24.08614349,-14.83247566,17.28241539,12.64101982,-12.69459057
2.00000000,-14.82424068,0.14682715,10.89131737,5.40095043,3.66134572,17.99743652,-4.96085453,-2.68969393,-2.22916484,19.35694122,0.95459497,-23.55247688,-14.23879719,16.27696609,12.09502506,-12.30864239
2.00000000,-14.67126465,-0.04776789,10.77423286,5.22851181,3.31174994,17.42905426,-5.18714333,-2.44650435,-1.93901193,19.12683868,0.71721387,-22.97082901,-13.89729691,16.55522156,11.75993538,-11.97755527
2.00000000,-15.31751347,-0.07106705,11.20486450,5.27154636,3.54867792,18.18297768,-4.94856167,-2.52224040,-2.31644011,19.54523468,1.06229329,-23.78854942,-14.46897888,16.88178062,12.20160198,-12.63169956
2.00000000,-14.79182625,0.08134000,10.56735611,4.97468948,3.07396054,17.36986351,-5.07504272,-2.85271835,-1.87968731,19.27715302,1.05059910,-22.36551476,-14.13721752,16.30719185,11.90027618,-11.59911346
2.00000000,-15.21797371,-0.01932295,10.98460197,5.32108021,3.20926785,18.05361176,-4.74650431,-2.71462059,-2.21937108,19.64254379,1.11320448,-23.43796539,-14.47047901,16.77788925,12.05096817,-12.12106419
2.00000000,-15.49398708,-0.12168329,11.27261353,5.06232357,3.48929596,18.70385933,-5.15333748,-2.94932485,-2.36355495,20.12288284,1.44107831,-24.26425171,-15.01057529,17.14422798,12.82546043,-12.52719593
2.00000000,-15.66930389,-0.20876597,11.53577423,5.21835709,3.61772323,19.02022362,-5.11223507,-2.77303123,-2.25539207,20.35391617,1.39309788,-24.16724205,-15.17982197,17.27961731,12.75163460,-12.68336296
2.00000000,-15.42970753,-0.15212412,11.17544746,5.32117558,3.41057992,18.90009308,-5.08294773,-2.94191313,-2.25325847,20.07481384,1.26599419,-24.01177406,-14.96964741,17.45199013,12.68275452,-12.50316048
2.00000000,-15.23727608,-0.05305679,11.00651169,5.29439735,3.41046119,18.35092354,-4.91851902,-2.75108838,-2.13183498,19.70410538,0.93666589,-23.73627090,-14.61824226,17.09690094,12.34716606,-12.38372040
2.00000000,-15.12994385,0.00072990,10.91486168,4.86401558,3.65834069,17.61855316,-4.98164177,-2.46538162,-2.34968066,18.93807983,0.61379445,-22.97315598,-13.90711880,16.57070923,11.99086380,-12.04287815
2.00000000,-15.56171513,-0.16217238,11.10018921,5.38015556,3.31238294,18.29197121,-5.24904728,-2.95656466,-2.22614741,19.81904984,1.27031493,-23.18447685,-14.79649448,17.00779724,12.18013477,-12.21789360
2.00000000,-15.29351521,-0.08757988,11.16241646,5.39009571,3.21769261,18.07030869,-5.16156673,-2.78655362,-2.12845588,19.75097656,1.02164829,-23.19840813,-14.45370579,16.54245567,12.11904144,-11.95502186
2.00000000,-14.65065956,0.29444361,10.56079292,5.22472382,3.17867374,17.29685020,-5.26417732,-2.34227252,-1.89922392,18.99329758,0.77436996,-22.64819717,-13.41536808,16.44395065,11.76347923,-11.46334457
2.00000000,-15.73071194,-0.14860867,11.42005920,5.14806843,3.39480400,19.40592957,-5.23425865,-3.25167608,-2.35926390,20.46891022,1.44822276,-24.26117706,-15.25893497,17.62299538,13.18575573,-13.02540302
3.00000000,-19.89792824,0.62592393,13.56245804,5.98462582,3.32661915,22.49229622,-4.92633820,-4.25725698,-3.24216795,23.79635620,2.34178019,-28.65481567,-18.09213257,20.24233437,14.76648331,-15.68475819
3.00000000,-24.45102310,1.73750830,17.94964218,6.42416000,4.46801519,30.20365715,-5.70583916,-5.15981197,-2.72220874,30.76524734,3.73108912,-35.23483276,-23.25460434,26.02239609,20.02352905,-19.36700821
3.00000000,-21.02145004,0.63867062,14.50228691,5.76820278,3.97009993,24.18303490,-5.48876572,-4.07163477,-2.49547315,25.38965225,2.47511029,-29.36368370,-18.84456444,21.19099808,16.26544380,-16.43018341
3.00000000,-22.28387070,1.72862971,15.81398201,5.82159996,3.72569156,26.51307106,-5.72213364,-4.77508783,-2.78864384,27.53013229,2.65110254,-31.08430290,-21.03404427,23.08892059,17.41519547,-17.50053406
3.00000000,-20.81034279,0.62038177,14.31158066,6.00230598,2.85772586,24.00096130,-5.94019890,-4.22891140,-2.89372587,26.15078354,2.79626513,-29.83884621,-19.80187607,22.24753761,16.36032295,-16.55441284
3.00000000,-20.58195496,0.78108019,14.45264244,5.91690826,3.44504046,23.91188049,-5.14448452,-4.61641073,-3.01544285,25.23530197,3.14563346,-29.67370033,-18.98222542,21.67618942,15.95645618,-16.33193398
3.00000000,-22.69223595,0.12077494,16.83929253,6.98050022,4.17757273,27.85872459,-6.69263744,-5.06079769,-3.43284106,29.43092346,3.46846175,-31.98328781,-22.20364380,24.36894798,18.36906052,-19.36233330
3.00000000,-20.92380905,1.32533360,14.98970604,6.79808903,3.77881861,24.70113564,-6.10338306,-4.22556257,-3.00311708,25.83348846,2.28102303,-30.45824051,-20.87876320,21.80701065,16.78156662,-16.53995705
3.00000000,-19.75415802,0.64959913,13.57770538,5.47929764,3.00539970,22.78061295,-5.11292744,-4.11200142,-2.92449999,23.39541245,2.24009371,-27.52192497,-18.01104927,20.57175255,15.04837608,-15.46718693
3.00000000,-21.89952660,1.25106621,15.27232552,6.41524315,3.74817562,24.80886459,-6.20648003,-4.97402191,-2.97862196,25.45554733,2.88197756,-30.27620316,-20.03488731,22.38135338,16.60776520,-17.22542000
3.00000000,-21.30742264,1.43791354,15.06208992,6.04438591,3.63244867,25.10080147,-5.05269432,-5.07816887,-3.02402067,26.43551254,3.34828496,-30.86917496,-20.19963264,22.31589699,16.79156303,-17.09662437
3.00000000,-20.05864525,0.31797206,13.99517632,6.04976845,3.80821872,22.51025963,-4.93343163,-4.74323130,-3.26865530,23.75687408,2.35793638,-27.82560730,-18.32705307,20.11796379,15.14694214,-15.93623066
3.00000000,-20.51229095,1.16578162,14.11370277,5.73374271,3.54659295,23.60560608,-5.05800629,-4.43394995,-2.88788533,24.42871094,1.90032315,-28.45519447,-18.36114502,21.22282982,15.89017773,-15.73439312
3.00000000,-22.50948524,1.58533001,16.53102493,6.08701992,4.00568438,26.54394531,-4.73490143,-5.03400517,-2.68020296,27.49256134,3.01003003,-31.98620605,-20.56343460,22.67123413,17.58998489,-17.52160645
3.00000000,-19.44716263,0.57230765,13.71403313,5.82067299,3.25230455,22.48941422,-4.31168365,-4.32797146,-3.07004476,23.70101166,2.44486833,-28.46329689,-17.64738655,20.20862579,14.96894836,-15.46819592
3.00000000,-21.66577530,1.21859050,14.95131874,6.60385799,4.56362963,24.86737633,-6.52838612,-4.08170700,-2.57727575,26.08198929,2.95861697,-31.01939392,-20.36194229,21.91507149,16.89172935,-16.90263367
3.00000000,-20.40335083,1.28836417,14.44326019,5.67024326,3.23457718,24.03173447,-5.20572281,-4.06487465,-3.04988837,24.87645721,2.24604392,-28.86895561,-19.22437859,22.07478523,16.12497330,-16.63086700
3.00000000,-22.15004921,1.84860134,15.62295723,6.01685715,3.59744048,25.79701424,-5.35235023,-4.99914646,-2.83304477,26.61139297,2.56374192,-30.79158401,-20.63386536,22.53726006,17.14295769,-17.42329597
3.00000000,-20.20383835,0.24035005,13.55906105,5.82364368,3.23124647,23.04158592,-5.33102703,-4.04963398,-2.88049984,24.19643021,2.06093049,-27.67426300,-18.33596230,20.51715469,15.18402386,-15.57652664
3.00000000,-23.52074623,1.46966255,17.15289307,6.47516918,4.66833401,28.93514824,-5.36903381,-4.88042164,-2.71777344,29.34619522,3.55299807,-33.54776001,-22.31956482,24.79809952,19.09147263,-18.50524521
3.00000000,-24.16874886,0.72684163,17.62414551,6.78743839,4.63844395,28.66526031,-6.99272633,-5.31518841,-3.44752550,29.64052582,3.59896612,-32.86912537,-22.68892479,24.88619232,18.44964027,-19.21861076
3.00000000,-20.07584572,0.39927775,14.83279419,6.77897453,3.50610495,23.95265388,-5.96705341,-3.73021960,-3.44756722,25.82752228,2.48449492,-28.24117470,-18.80797005,21.91268349,15.92936420,-16.62837791
3.00000000,-21.43958855,0.70470417,14.71056175,5.77033138,3.73071265,24.18944931,-5.03145599,-5.14112520,-3.47338438,25.21418381,3.35736823,-29.21191406,-19.26019859,21.23728943,15.91476345,-16.48839378
3.00000000,-21.02522659,1.00390625,14.63311005,6.40196705,3.45885301,24.28540611,-5.98078346,-4.60149956,-3.01399922,24.74419785,2.77215767,-29.16580200,-19.08683968,21.89386368,15.89815140,-16.14929390
3.00000000,-20.94691277,1.25837243,14.70787811,6.56156731,3.84629273,24.94465637,-5.76255608,-4.05608320,-2.48629951,26.29148102,2.52209783,-29.85867310,-19.68535233,22.36114693,16.16191101,-16.36164474
3.00000000,-23.13484764,1.42612457,15.98803520,6.72017193,3.96925712,26.35427666,-6.90532780,-5.52695751,-3.40847564,27.01776123,3.28382325,-31.44516182,-21.67472839,23.45934105,17.67069244,-18.11223602
3.00000000,-20.94621086,0.82722551,14.84485626,6.40937996,3.58220911,24.51997566,-5.99872112,-4.02654266,-2.41434646,26.69052124,2.61960530,-30.03772736,-20.00048637,22.63452339,16.44482803,-17.13446808
3.00000000,-21.27925682,0.19883294,14.84121513,5.54324436,2.96868205,24.47105026,-5.33634949,-5.08571243,-3.83746529,25.20079422,3.66644382,-29.45739555,-19.67398262,22.22727776,16.18754768,-15.98990631
3.00000000,-19.10785484,0.54657227,13.91731453,5.31511307,3.46123362,23.08923912,-5.49981594,-3.80591416,-3.14851689,23.85413742,2.29624295,-28.42663383,-18.20271492,20.86611176,15.35824966,-15.99145412
3.00000000,-20.25300407,0.20300876,14.14295769,5.15789700,3.12027693,23.51596642,-5.41970253,-3.87555361,-3.01622438,24.83335876,2.28832769,-28.73565865,-19.07697105,21.61134911,15.77661037,-16.01203918
3.00000000,-21.32516479,0.86603016,15.67324829,6.25014114,3.58110476,26.15628052,-5.47970390,-4.38077497,-2.27992034,27.21807098,2.32716584,-30.27536774,-20.05385971,22.51339340,17.27992630,-17.20803261
3.00000000,-19.71739769,0.90724415,14.16892242,5.97306919,3.20743060,23.31275368,-5.14444351,-4.09859705,-2.93177843,24.26103973,2.15270376,-27.89429283,-18.26661873,21.00005341,15.45528698,-15.78130341
3.00000000,-21.47914886,1.32212186,15.63431740,6.29435253,3.73843384,25.99108315,-6.14468956,-4.78113317,-3.25401354,26.72512054,2.43596983,-31.16803551,-20.39371681,22.91491699,17.29711914,-16.95267296
3.00000000,-19.46953011,0.86923176,14.31508255,5.98017693,3.18271494,23.60675049,-4.50169373,-3.99119210,-2.79926300,24.65361786,1.94855070,-28.20507812,-18.44260406,20.98484421,15.67306137,-15.96733856
3.00000000,-23.85793114,1.71955466,16.99193001,6.82436848,4.96096039,28.20781136,-7.13760376,-5.56759882,-3.21887708,28.76535797,3.85373306,-33.71893311,-22.63638306,25.03247452,18.54217148,-18.46262360
3.00000000,-22.16316032,1.34904778,16.03297615,6.36003494,3.75424767,26.93390274,-5.54740810,-4.80264664,-2.13108349,27.82481766,2.41042686,-31.13244629,-20.78618240,23.23130989,17.76822281,-17.76074982
3.00000000,-20.21283531,1.03036094,14.11199760,5.66509914,3.30603671,23.62969971,-4.99330902,-4.37957573,-2.80606842,24.32612228,1.71973753,-28.36690331,-18.28808403,20.99696541,15.68574619,-15.89466763
3.00000000,-20.79434586,0.76530915,14.99311638,6.32137489,4.03237438,24.81347466,-5.47678471,-4.00624609,-2.31132889,26.35722733,2.32161713,-30.05815506,-19.57568359,22.41110420,16.91859436,-16.90802383
3.00000000,-18.67280388,0.70914501,12.84293938,5.61240482,3.32828474,21.85999680,-4.83840847,-3.68512845,-2.66546512,23.20363617,1.68783474,-26.23948097,-16.76349640,19.74040413,14.81109428,-14.42222977
3.00000000,-17.79093742,0.26665002,12.63788605,5.34488297,2.85082865,20.42691231,-4.85956669,-3.60263181,-2.59299493,21.97872925,1.49920762,-25.47417450,-16.00505447,19.18138885,13.86946297,-14.24183559
3.00000000,-20.81069756,0.47762805,14.70599174,6.10223293,3.19300318,23.83144379,-5.00075722,-4.78868008,-3.71564436,24.92372894,2.92147398,-28.94673157,-19.29482651,21.93792534,15.56620502,-16.20990181
3.00000000,-21.19111252,1.39764857,14.73373795,5.82547665,3.45952249,24.71410751,-6.04045010,-4.63092232,-2.53812051,25.33041382,2.03648233,-29.49315453,-19.53509712,22.05522156,16.58201599,-16.60913849
3.00000000,-23.48711014,1.64226854,16.65008545,6.38620472,4.55756140,27.97019768,-5.72912788,-4.85239315,-2.83597898,29.10968018,3.45368314,-33.16156387,-22.19954109,23.80218315,18.71382904,-18.46600533
3.00000000,-21.43222618,0.63727725,14.13486481,6.04343700,3.84284878,23.87758636,-5.71669102,-4.63246870,-2.95646763,25.64593887,2.38505197,-29.94038010,-19.71819496,22.02831841,15.74959373,-16.32565498
3.00000000,-23.31233788,1.79518795,16.41678619,6.57040215,3.85085106,27.51032829,-5.65806198,-5.21174669,-2.63972187,28.15106583,2.81258488,-32.57986832,-22.01102257,23.50440216,18.00160980,-18.39646912
3.00000000,-21.18973541,1.12523544,14.93415451,6.84365749,3.78508019,24.24455261,-6.41496658,-4.13093710,-3.17989182,25.36964417,2.45521593,-29.38892937,-20.03205681,22.22921944,16.44126892,-16.28404999
3.00000000,-20.94761848,0.95443565,14.76408386,6.35418701,3.52897310,24.23416901,-6.09559917,-4.60588551,-3.05322647,24.98604965,2.74463987,-29.32621002,-19.24041557,21.97035980,15.97048378,-16.18438911
3.00000000,-22.83539581,1.18395436,16.75453186,6.35089588,4.60973120,27.23838425,-5.78744316,-4.80719995,-2.32676005,28.10638809,2.76728630,-32.97901154,-21.52056313,23.38027573,18.13864899,-17.83799171
3.00000000,-21.63782310,0.06544529,15.55003929,6.65411949,4.41189146,25.85863495,-6.09793854,-4.36390591,-3.09829903,27.20447540,2.79073954,-30.11974144,-20.73969269,22.60480309,16.83978081,-18.34628296
3.00000000,-20.61830139,0.30670881,15.00083733,5.81301594,3.15733814,24.14809608,-4.92178535,-4.89660740,-3.57051611,25.05134201,3.03436732,-29.53521156,-19.46627617,21.45465279,15.81962681,-16.42116928
3.00000000,-22.59149933,1.19499063,16.01281357,6.43273544,4.59205008,26.71937943,-6.37449360,-4.31459332,-2.35150480,27.42125320,3.04774499,-31.78580284,-21.35306740,22.70456886,17.93471909,-17.72223854
3.00000000,-22.55548096,0.99415368,15.68697166,6.42023182,3.96450138,25.84035873,-6.43929863,-4.82100344,-3.29119802,26.45180511,2.73864961,-30.71428871,-20.23095703,23.43643570,16.64663506,-17.10588264
3.00000000,-21.25140190,1.15946043,15.20766258,6.92127323,3.70613027,24.85205269,-6.58133984,-4.59085655,-3.24067140,26.11211777,2.63304830,-30.12747002,-20.82697105,22.60547638,16.57716179,-16.92714119
3.00000000,-20.43169212,0.93176442,15.15110588,6.46311665,3.81729174,25.11887169,-6.15935707,-4.00761652,-1.76757061,26.52212906,2.42627668,-29.42696571,-19.25447083,22.44376564,16.46496010,-16.77576828
3.00000000,-20.97349548,1.09697759,15.58049774,5.71243668,3.49904346,25.61426353,-5.46524334,-4.46410990,-1.99964809,26.14041519,2.04475307,-29.66939163,-19.34601021,22.71644402,16.87250710,-16.62467957
3.00000000,-20.85772705,0.88633221,14.66529083,5.94571304,3.85619211,24.23553085,-5.72828197,-4.57068253,-2.45201612,25.67682648,2.36923146,-29.93468285,-19.47909737,21.79560089,16.11288643,-16.63894844
3.00000000,-21.81802177,0.52327472,15.51988602,6.20557117,3.18217182,25.17691994,-5.16409397,-5.50657797,-3.52729654,25.97822952,3.35777974,-30.39342499,-20.80883789,23.00934029,16.62701225,-16.98263550
3.00000000,-20.59565735,0.90327817,14.65797234,5.40801716,3.71458721,24.26677704,-5.56303978,-4.18122959,-3.34706974,25.43665695,2.61323905,-29.47240448,-19.46460152,22.17273712,16.18247032,-16.89398766
3.00000000,-19.73350143,0.49426502,13.47267723,5.81704998,2.99134588,22.80148697,-5.22606087,-4.01258707,-2.91474938,23.99353027,2.30012441,-27.42755890,-18.42431831,20.53488922,15.36772919,-15.51314163
3.00000000,-21.64901733,1.31172621,14.89258766,6.46577835,3.82290101,23.96613312,-6.77730751,-4.36446238,-3.18048048,25.41101837,2.56002641,-29.09097099,-20.08587837,22.01066971,16.26816750,-16.44137573
3.00000000,-21.06683350,1.60333705,14.77719879,5.90305996,3.54198647,24.78260612,-5.46761894,-4.40894127,-3.60315657,25.49490356,2.38905215,-29.62136650,-19.78060532,22.72406387,16.58426857,-17.11818504
3.00000000,-21.27342415,0.49725097,14.88259125,6.29499340,3.71134996,24.55527878,-5.52934933,-4.75569534,-3.54584050,25.13151550,3.26368618,-29.89215469,-19.83209991,21.65080833,15.96510696,-16.20987701
3.00000000,-18.89187813,0.37263387,13.24281120,5.57258415,2.85769033,21.79302979,-5.14038944,-4.06344652,-3.06229210,23.07228470,2.18672848,-26.65892982,-17.04527473,20.04123688,14.46590614,-14.94828987
3.00000000,-21.57097054,1.32138622,15.32363129,6.89048386,3.76050234,25.15363121,-6.58808231,-4.65105438,-3.21280217,26.11833191,2.69427323,-30.28443146,-20.99623489,22.82796097,16.79568672,-16.83837128
3.00000000,-21.51550484,1.63645601,14.93269539,6.74778557,3.84569335,24.47196388,-6.65579319,-4.26100540,-3.01548147,26.49901962,2.96921134,-30.49666595,-20.08739471,22.71885300,16.48297691,-16.65918350
3.00000000,-21.38329506,0.09706382,15.51032257,6.74460793,4.33143234,25.56950951,-6.13271141,-4.38346910,-2.99434137,27.00323486,2.73369932,-29.74732590,-20.29150009,22.37964439,16.61177635,-17.92210197
3.00000000,-23.81322479,1.59166884,17.20987511,6.62805080,4.36325884,28.41708946,-6.69664669,-5.44758511,-2.95274544,29.26280975,3.24579477,-34.31603241,-22.81044579,24.90536118,18.61482048,-18.29756546
3.00000000,-19.84453583,0.41009265,14.76042938,6.67825985,3.22254133,24.06240273,-5.99379539,-3.56219482,-3.30023265,25.98611450,2.25332451,-28.18024254,-18.78816605,22.02253914,15.62859821,-16.67821312
3.00000000,-20.85100746,0.16245596,15.24096298,6.67748737,3.65387011,24.95600891,-6.03935432,-3.91438794,-3.51195025,26.50181580,2.79367232,-29.19466591,-19.38227654,22.33843994,16.37440491,-17.35651398
3.00000000,-21.83187485,1.66472542,14.94465065,7.07729530,4.44496250,25.06324959,-5.99379349,-4.41520214,-2.86726928,26.13718414,2.86773396,-31.50028610,-20.70759964,21.64408875,16.91855049,-16.91732216
3.00000000,-22.58506584,1.17930281,15.49667931,6.52096653,3.88726115,25.72325325,-6.95292091,-5.12472916,-3.36379409,26.11356735,3.11342120,-30.69821548,-20.93708229,22.94245911,16.97465134,-17.44367027
3.00000000,-22.02274704,1.59302425,15.27286148,6.76829720,4.75374699,25.21377945,-6.59220409,-4.20918369,-2.53873110,26.53637314,2.98095751,-31.27280807,-20.59984016,22.05572891,17.19446373,-17.15157318
3.00000000,-23.39234734,1.69537258,16.92377663,6.08375931,4.47255039,28.42716026,-6.17402458,-4.99393606,-2.38512897,29.25941467,3.18726373,-32.66154480,-22.22171211,24.46172333,18.90660858,-18.25956345
3.00000000,-20.80003166,0.92117614,15.57825851,6.69015598,3.92497063,25.40487289,-6.14607906,-4.06579971,-2.04837656,26.60314560,2.66761851,-29.43035507,-19.52361679,22.91127205,16.69630241,-16.81272125
3.00000000,-23.95280838,0.65318650,17.38609314,6.60812569,4.49694252,28.44988823,-7.01031494,-5.04143620,-3.49417257,29.60262680,3.77565002,-32.67932892,-22.27988625,24.70299911,18.60730362,-19.32555199
3.00000000,-21.21105194,1.37309444,14.97955894,6.06892395,3.44870591,25.36346245,-6.06116486,-4.19815159,-2.05262375,26.65807343,2.04026222,-29.85578918,-19.82929611,22.75733566,16.82119751,-16.58005714
3.00000000,-23.44043541,1.32097924,16.60140228,6.44648933,3.97734046,27.82004166,-6.85557556,-5.47613955,-3.02864814,28.89811325,3.35886192,-33.37862396,-22.36327362,24.51463318,18.14058113,-18.02572441
3.00000000,-19.35750008,0.66434151,13.80495071,5.96233463,3.08069563,22.96996498,-4.76032734,-3.92243600,-2.86349678,23.93927383,2.14663863,-27.32806015,-17.84465981,20.48780441,15.37259102,-15.68668938
3.00000000,-21.21304131,0.59019762,14.84019089,5.81419754,3.46161366,24.49027252,-5.58341694,-4.72556973,-3.45690203,25.22581863,3.16195917,-29.49481583,-19.82171059,21.74333382,16.02350044,-16.18651199
3.00000000,-18.22544670,0.20013596,12.88318825,5.25850582,3.05394268,21.34843063,-5.43457222,-3.69553113,-2.70216942,22.20099640,2.01145601,-25.73287964,-16.52428436,19.50000381,14.14295769,-14.78617573
3.00000000,-22.27148056,1.63897872,16.40272141,6.84361076,3.49182200,27.05555916,-4.96344280,-5.10967112,-2.45861959,27.85912704,2.51970410,-31.89778900,-21.24672699,23.70988274,18.15167999,-17.52260971
3.00000000,-19.84673309,-0.22897536,13.78544235,5.59982014,3.12668705,22.65970421,-5.21234226,-4.52317810,-3.10815334,23.87723923,2.99297690,-27.64064407,-18.31202316,20.39577675,15.24355412,-15.43305779
3.00000000,-19.59698486,0.08447176,13.65591812,5.97285080,3.65865874,22.03738213,-4.84202003,-4.31066465,-3.00226331,23.11196136,2.16563916,-27.58349991,-17.87960434,19.32726860,14.61953449,-15.53414345
3.00000000,-22.38554955,1.46019530,15.98031807,6.08848476,4.19662046,26.97298622,-6.54826450,-5.07714987,-3.20424509,27.69143677,2.66782022,-31.65741158,-21.04772377,23.67286110,17.79924774,-17.50549316
3.00000000,-19.98048782,0.92191821,14.64288521,6.11372852,3.15747142,24.04391670,-4.57795715,-4.03466558,-2.58599329,25.09083176,2.22713637,-28.58319092,-18.87489700,21.42825317,15.94628143,-16.02825165
3.00000000,-24.21187782,1.27194476,16.94320869,6.70774269,4.10485792,28.50721741,-7.14013767,-5.55943680,-2.90640235,29.74957275,3.46421576,-34.13198853,-22.87602615,25.45966530,18.67246628,-18.54523277
3.00000000,-21.71394730,1.72951710,15.59750175,6.17905998,3.59872985,25.47903633,-5.56592369,-5.09025860,-2.96953416,25.88339615,2.41490126,-30.71487808,-20.26655197,22.18826294,16.89847755,-16.96228027
3.00000000,-24.15270996,1.44511652,16.53097534,7.16630363,4.89968491,28.53025246,-7.20644569,-5.73890591,-3.80586553,28.49979782,3.70723963,-33.19274521,-22.69587517,24.93758965,18.85085487,-18.49065399
3.00000000,-21.50957298,1.17535126,14.86655235,7.01678944,3.88051677,24.19473457,-6.51479244,-4.22347260,-3.07219291,25.75264740,2.54898524,-29.48676872,-20.12354088,22.20513535,16.41133118,-16.39906883
3.00000000,-20.38995743,0.31457144,14.37608337,5.66348171,2.85372877,23.28378487,-5.47209930,-4.58959436,-3.45241070,25.01882553,2.70169592,-28.67516136,-18.80681038,21.57976913,15.87063122,-16.00765419
3.00000000,-20.48245621,0.56915003,13.65423012,5.81387329,3.29952812,23.00274849,-5.66941643,-4.18033123,-2.34691358,24.79522324,2.04995394,-28.63379097,-19.05224419,21.31982994,15.36995316,-16.10391617
3.00000000,-20.70341110,0.60658807,14.74913406,6.26416302,3.21749067,24.21825218,-4.79764748,-4.80306530,-3.60242343,25.04777527,2.35342026,-29.05174637,-19.00384140,21.94919586,15.42996311,-16.36701584
3.00000000,-24.76809502,1.27582240,18.22807312,6.24180031,4.33825970,30.54750824,-6.35462093,-5.25480890,-2.78228021,32.02112198,3.88070583,-35.50845718,-24.09283447,26.50146294,20.53721809,-19.76092148
3.00000000,-19.32001495,0.80330348,13.48062515,5.34889412,3.28801513,22.36287498,-5.13201046,-4.12490606,-2.40477967,23.34273911,1.67767203,-27.15040588,-17.47623062,20.16110802,14.85590172,-15.09276485
3.00000000,-23.61874390,1.28530633,16.76646233,6.70007992,4.26179790,28.37171745,-6.97054768,-5.72652912,-3.71857595,28.25222778,3.98800564,-32.88780594,-22.88533592,24.91795540,18.46537018,-18.65198708
3.00000000,-20.56758881,1.10118973,14.72455978,6.34792709,4.05099297,24.48670006,-5.40619755,-4.19231462,-2.08992434,25.93921661,2.37270212,-30.02675438,-19.50267982,21.70694923,16.42392159,-16.43265533
3.00000000,-22.25298691,1.56927860,16.04899597,6.28288841,3.59066033,26.31929016,-4.65717697,-5.63304710,-3.61879444,27.11529541,3.21146750,-31.69104767,-20.82290459,23.14804840,17.22259521,-17.47368622
3.00000000,-22.10251427,1.70905840,15.51346207,5.69622612,3.60266447,25.86035919,-5.68208694,-4.77022076,-2.87760687,26.53524780,2.49303102,-30.16829491,-20.32697868,22.59406090,16.78122330,-17.01250458
3.00000000,-21.54687119,0.69347233,14.39685822,6.22952271,3.87810898,23.84314537,-5.60208797,-4.80902052,-2.98562264,25.64148712,2.68231297,-30.39646339,-19.87465668,21.91768456,15.93596172,-16.43018723
3.00000000,-19.92787933,0.57100874,14.26671219,5.53086853,2.73355317,23.23435402,-5.63789272,-4.25916195,-3.29519367,25.01708221,2.61610484,-28.29054260,-18.75827980,21.31483459,15.71410942,-15.81832218
3.00000000,-19.96742821,0.56112367,13.97756195,5.90539551,3.45967460,23.13517952,-4.82272434,-4.40567780,-2.82840466,24.73336029,2.75634074,-28.96307373,-18.55561638,20.82498360,15.65253162,-15.96014500
3.00000000,-22.75199127,1.09802771,16.22715187,6.34276104,4.72145367,26.52495766,-5.83323765,-4.64257193,-2.28737450,27.56381226,3.03919768,-32.71466064,-21.39737320,23.01751328,17.88883209,-17.70174789
3.00000000,-20.63223076,1.04056907,14.53690720,6.54876900,3.43231678,23.72272301,-5.76639462,-4.27385426,-2.71754694,25.79088974,2.56629682,-29.46999741,-19.61723518,21.90170097,15.88280678,-16.35677338
3.00000000,-23.16504288,1.62658453,16.39060783,6.75631046,4.53886843,27.01268578,-6.99918747,-5.18424606,-2.77328253,28.16204453,3.36716962,-32.89014816,-22.01317024,24.13476181,17.82547760,-17.94220352
3.00000000,-20.39121628,1.14791083,14.16443253,6.20066261,3.45169187,23.66839027,-5.64504147,-4.47820711,-2.44564986,24.79356384,1.87619710,-28.34619331,-18.84697914,21.24692154,15.83449554,-15.92572117
3.00000000,-21.36128807,1.31381238,15.19161987,6.46675968,3.72563028,25.20224953,-6.10300636,-4.19874811,-1.70502865,26.55671692,2.05858207,-30.32158852,-20.04107094,22.69839478,16.83069611,-16.68940544
3.00000000,-21.88572693,1.68579292,14.72375870,6.80794525,4.59987831,25.06124878,-6.40241051,-4.39326763,-2.78674150,26.42075729,3.12981415,-31.01041985,-20.30421638,21.80653000,17.00942802,-16.83049774
3.00000000,-19.94331551,0.24519892,13.79971313,5.51226044,3.28280163,22.81789970,-5.32419968,-4.06891632,-3.21677160,24.20075226,2.32658625,-28.05969810,-18.53120804,21.24584389,15.03398991,-15.92074776
3.00000000,-20.48477936,1.11809027,14.88352585,6.46261120,2.89540291,24.60367775,-4.55271959,-4.58074999,-2.71946788,25.72800827,2.30842018,-29.77936935,-19.32894707,22.17500877,16.36600876,-16.52346992
3.00000000,-20.08470345,0.32810712,14.13751793,5.27732182,2.99677467,23.59475327,-5.36444759,-3.90940619,-3.04552627,24.81565475,2.24413443,-28.62538910,-18.94110680,21.76167107,15.86188507,-16.12222099
3.00000000,-21.51050758,1.04897046,14.65803337,6.27562237,3.55353713,24.96991158,-6.05015182,-4.56342793,-3.35981965,25.95417023,2.41200399,-30.02068901,-20.56568146,22.89548111,16.47547722,-16.95048523
3.00000000,-19.20202446,0.88103658,13.37449265,5.45349407,3.39627814,22.38769150,-5.01705742,-4.16177702,-2.72705555,23.43922043,1.84705567,-27.10506439,-17.70677757,20.08495522,15.22798824,-14.88353539
3.00000000,-20.85114479,0.36682445,14.67845345,6.09740829,3.53235340,23.62126160,-5.12729073,-4.90215826,-3.48719168,24.67618561,3.03475571,-29.06292534,-19.19595909,21.38455582,15.33229733,-15.95123291
3.00000000,-21.62875175,0.99803668,15.00361443,6.52812386,3.72951603,25.08405685,-5.50375843,-4.79961109,-2.27530313,26.81073380,2.97772622,-30.74226189,-20.02478409,22.19315910,16.83300591,-17.22171211
3.00000000,-20.01800537,0.23324884,14.03625679,5.91889191,3.09810925,22.90528297,-5.38694668,-4.27705526,-3.10177159,24.45867920,3.06937599,-28.17872238,-18.24943733,21.19266891,15.49362087,-15.76398468
3.00000000,-20.69305992,0.77745676,14.09140015,6.29969883,3.31561661,23.38927078,-4.95020485,-4.70964289,-3.01210642,25.09860992,2.71993303,-29.70163727,-19.00137711,20.92832184,15.41672039,-16.21344185
3.00000000,-20.92027855,1.22827506,14.19166565,6.30836105,3.70422077,24.24635506,-5.74198532,-4.39201689,-2.23941827,25.28541183,2.27624321,-29.43435287,-19.14058304,21.27894592,16.28555679,-16.46598053
3.00000000,-22.04519081,1.30582631,15.84542274,6.37475395,3.61738205,26.19115067,-6.43210316,-4.70440674,-2.94100738,27.69422531,2.61013412,-31.71376228,-21.07426071,23.46044159,17.57851982,-17.33071327
3.00000000,-22.53720093,1.86732769,16.32510567,5.93669987,3.85537457,26.97810555,-4.82572746,-5.10650015,-2.77883077,27.68775558,3.05166507,-31.85096169,-21.05803871,22.84254456,17.80981445,-17.56480408
0.00000000,-10.95017242,-3.67587948,-9.30693722,-1.63358283,5.79692078,-0.52363682,3.44055963,12.15845871,1.61549568,-9.10377026,-7.99770641,7.07928085,-11.36835861,0.34773880,-11.19479465,5.93255043
0.00000000,-11.13091564,-3.66812563,-9.35433388,-1.64698458,5.78333855,-0.58539420,3.53594780,12.23780060,1.72035646,-9.10621834,-8.15649223,7.17081356,-11.47734451,0.32076555,-11.18309402,6.06017828
0.00000000,-10.93249702,-3.67721176,-9.27353287,-1.62059045,5.77511883,-0.53734624,3.47059584,12.16614532,1.66075778,-9.08614254,-8.03701878,7.11750793,-11.40096664,0.29036599,-11.15754795,5.96274137
0.00000000,-10.97592640,-3.66814375,-9.32417202,-1.67130148,5.78224373,-0.56333148,3.48022914,12.20939255,1.66168475,-9.04773331,-8.03952217,7.15518951,-11.44753456,0.36980826,-11.10286617,5.97622156
0.00000000,-11.03748894,-3.64965200,-9.38225460,-1.60279322,5.80022621,-0.52593940,3.55430365,12.29040337,1.71001410,-9.05201817,-8.09201908,7.13555622,-11.42731094,0.34101841,-11.23728561,5.99975014
0.00000000,-10.97401714,-3.72055721,-9.32380676,-1.64002681,5.78438282,-0.56113756,3.54768944,12.15114498,1.67161822,-8.99516201,-8.01557732,7.19764709,-11.42437744,0.32653463,-11.25206757,5.95486832
0.00000000,-11.14199257,-3.71705818,-9.45315742,-1.59765971,5.88706779,-0.61687201,3.59728312,12.23975182,1.67866707,-9.07757950,-8.17690182,7.30977249,-11.43812943,0.34642643,-11.23621941,6.04834461
0.00000000,-11.06043148,-3.67514658,-9.42939472,-1.65534139,5.79973984,-0.56846446,3.59439039,12.20360756,1.74096894,-8.99248505,-8.12105942,7.23103046,-11.40342712,0.40318558,-11.20614719,6.04162788
0.00000000,-11.14960289,-3.65149212,-9.34109211,-1.64622498,5.85680008,-0.64910072,3.49457049,12.37699699,1.69709015,-9.18545437,-8.16504097,7.13542557,-11.43437958,0.33613873,-11.31706524,6.00943470
0.00000000,-11.05377102,-3.62388563,-9.42986107,-1.71157241,5.79886723,-0.62162519,3.51749158,12.22159672,1.68520570,-9.06674194,-8.10757256,7.15915108,-11.46171951,0.28694856,-11.21581078,6.04585505
0.00000000,-11.09317398,-3.69763088,-9.34368706,-1.69720984,5.78360081,-0.47526908,3.53502131,12.27320766,1.71167922,-9.08386326,-8.14376926,7.21464825,-11.48137283,0.32552361,-11.20164585,6.03371477
0.00000000,-11.09000301,-3.69552755,-9.40001678,-1.59519184,5.80485821,-0.51297462,3.57712030,12.22376633,1.66489577,-9.10021400,-8.17857456,7.21849346,-11.40746307,0.33199745,-11.22945690,6.02623558
0.00000000,-10.98512554,-3.65420246,-9.34088898,-1.67519581,5.79996204,-0.50702775,3.47193217,12.18638897,1.68175912,-9.02361298,-8.04337883,7.13743305,-11.42031670,0.32997295,-11.15675831,5.99455357
0.00000000,-11.03347015,-3.67850018,-9.37821007,-1.68867421,5.78562737,-0.60231131,3.51366138,12.26666069,1.67268252,-9.05836105,-8.08116436,7.16932678,-11.38417244,0.39391425,-11.17076778,6.03421736
0.00000000,-11.09482193,-3.72026443,-9.34623718,-1.66584086,5.75139141,-0.54496616,3.54686904,12.23257160,1.70998740,-9.03264046,-8.11659718,7.16081142,-11.45322227,0.31577075,-11.19118404,6.02210140
0.00000000,-11.04693127,-3.67940140,-9.38147163,-1.63156056,5.83944511,-0.59364641,3.55187345,12.28041077,1.69646215,-9.08855438,-8.11515617,7.19318199,-11.43694115,0.36190730,-11.23505211,5.99267006
0.00000000,-11.08239841,-3.65579510,-9.41150570,-1.63003683,5.79579639,-0.56316823,3.56236339,12.23678970,1.67858267,-9.04327679,-8.07952881,7.18357277,-11.41270256,0.29712239,-11.23696041,6.02561378
0.00000000,-11.12465668,-3.72407246,-9.42577076,-1.68295884,5.81817627,-0.57248145,3.58852983,12.27196026,1.67182279,-8.98705196,-8.09994221,7.16923332,-11.47898102,0.34390903,-11.28683758,6.00049639
0.00000000,-11.14802170,-3.67034769,-9.32141018,-1.65433049,5.83795738,-0.62832272,3.52481174,12.27686214,1.67450023,-9.04221058,-8.15896416,7.11406326,-11.46279144,0.32017350,-11.17429638,5.94196510
0.00000000,-11.00751305,-3.71326876,-9.30243587,-1.66374946,5.82842541,-0.51177132,3.49167538,12.24550152,1.71579814,-9.04481888,-8.09361935,7.16295624,-11.39139366,0.34707952,-11.21869850,5.93931055
0.00000000,-11.01911736,-3.66627121,-9.41794682,-1.64529157,5.79273415,-0.54787487,3.49355793,12.34883022,1.71410418,-9.10432148,-8.11960220,7.12393570,-11.48720932,0.32494891,-11.19135475,5.98979235
0.00000000,-10.99401379,-3.68163204,-9.35942078,-1.61796963,5.85488701,-0.58761764,3.53787780,12.18012714,1.72277117,-8.99739933,-8.00693130,7.16106606,-11.44792557,0.29189357,-11.24105835,5.94377089
0.00000000,-10.93909740,-3.64978313,-9.34036160,-1.71926522,5.90100765,-0.57374841,3.46245837,12.13639164,1.63645911,-8.98872852,-7.99052048,7.16635036,-11.44257545,0.33415371,-11.19820023,6.02679634
0.00000000,-10.96984386,-3.63949776,-9.35702801,-1.66322756,5.83348656,-0.57364124,3.50256300,12.23950863,1.62370944,-9.05663490,-8.03982544,7.08315849,-11.46447182,0.36621004,-11.20431709,5.93969488
0.00000000,-10.97153091,-3.65382528,-9.31098652,-1.66886091,5.76126766,-0.54153883,3.44820333,12.17911053,1.63606286,-9.03883648,-8.07971668,7.12253475,-11.39291954,0.34173304,-11.17129993,5.97430706
0.00000000,-11.04434681,-3.63319111,-9.29278469,-1.65312123,5.78683662,-0.51594710,3.48823524,12.22967720,1.70363069,-9.07047558,-8.05768394,7.11328316,-11.41234016,0.37274095,-11.21009350,6.01199913
0.00000000,-11.06153393,-3.62986660,-9.31544590,-1.64387536,5.79526997,-0.55496919,3.44561434,12.24110794,1.68089581,-9.08156490,-8.06975746,7.09024715,-11.45827103,0.30423027,-11.25517845,5.99261141
0.00000000,-10.98628235,-3.67328835,-9.34396839,-1.68368757,5.82999134,-0.49431109,3.50694036,12.18993187,1.71153641,-9.02033710,-8.04611301,7.13483429,-11.38492775,0.33955270,-11.22835255,5.98071289
0.00000000,-10.99880791,-3.67737865,-9.34412575,-1.68601632,5.79990673,-0.52794564,3.49334693,12.22741795,1.67314506,-9.00511837,-8.06105232,7.11798286,-11.45802879,0.36520734,-11.21699429,6.00994396
0.00000000,-10.90357876,-3.67231846,-9.39285946,-1.67917931,5.73076057,-0.52341008,3.46325898,12.14865875,1.68917823,-9.05825615,-8.06313610,7.16809082,-11.35655594,0.25335541,-11.17074776,5.92894030
0.00000000,-11.10136986,-3.66796923,-9.40170765,-1.58619380,5.78265095,-0.55279416,3.53948975,12.21219826,1.76137733,-9.01636887,-8.10183620,7.12884521,-11.42146492,0.40653583,-11.22180557,5.94090652
0.00000000,-11.03117752,-3.66971922,-9.39264965,-1.66596413,5.76730633,-0.51408583,3.52291894,12.23011208,1.73393798,-9.12405777,-8.14299965,7.15361023,-11.51865196,0.32350564,-11.25924015,5.95553732
0.00000000,-11.00609684,-3.78578568,-9.36588287,-1.66128111,5.81943035,-0.56496465,3.46785164,12.27128124,1.62457657,-9.09068775,-8.06575203,7.15150261,-11.40754890,0.32234353,-11.27656078,5.94293594
0.00000000,-11.04874706,-3.70317459,-9.29343510,-1.66478848,5.80823994,-0.54836965,3.54137897,12.28604507,1.67218995,-9.11102295,-8.05707264,7.17292118,-11.48801231,0.33719951,-11.19563961,5.98343992
0.00000000,-10.99315643,-3.66507959,-9.23981571,-1.68581676,5.78643417,-0.55463451,3.38104725,12.21223068,1.67116618,-9.10878181,-8.01502132,7.16376495,-11.36960983,0.32290626,-11.22988892,6.01589012
0.00000000,-11.09077740,-3.66339302,-9.24445915,-1.72644520,5.76395893,-0.57116914,3.48179817,12.24279690,1.66388464,-9.12555695,-8.08862782,7.16907215,-11.47133446,0.35087281,-11.20398903,6.03607273
0.00000000,-11.05988503,-3.64944839,-9.34386158,-1.72962523,5.76650524,-0.53170347,3.48932099,12.23217106,1.64384651,-9.09829426,-8.07511330,7.14793205,-11.46249580,0.34880528,-11.14352608,5.99553537
0.00000000,-11.06458664,-3.70316744,-9.44794750,-1.63332748,5.86158180,-0.62467563,3.55138516,12.24832153,1.74887204,-9.04004669,-8.11220264,7.18604755,-11.34465599,0.33677810,-11.24673176,5.98422909
0.00000000,-11.02460289,-3.61241674,-9.46887398,-1.64647174,5.84953499,-0.59982979,3.55299473,12.21589947,1.68601370,-9.00441551,-8.03415585,7.15819836,-11.43119431,0.34563243,-11.27067184,5.98102713
0.00000000,-11.10014439,-3.65217829,-9.34955788,-1.72269297,5.80174828,-0.53975010,3.51432943,12.28973866,1.72561312,-9.05863094,-8.14149475,7.23215580,-11.45318794,0.40732402,-11.18420792,6.02930164
0.00000000,-11.06220055,-3.66508532,-9.37777710,-1.64779758,5.82989025,-0.60208905,3.54887772,12.26881218,1.62821865,-9.10752678,-8.16773224,7.18800735,-11.46626663,0.33815995,-11.19108295,6.01604319
0.00000000,-11.02267742,-3.69382048,-9.36754131,-1.64505672,5.84268284,-0.56153554,3.53536081,12.23925591,1.69561720,-9.05525112,-8.00177288,7.19254112,-11.40105629,0.40636033,-11.24328804,6.00870132
0.00000000,-11.04026604,-3.69366264,-9.41703415,-1.66385043,5.79433918,-0.51222777,3.57056236,12.17426682,1.66797543,-9.05547142,-8.13728142,7.18371582,-11.41001320,0.30411184,-11.20259190,5.96412039
0.00000000,-10.97448635,-3.68590403,-9.32776642,-1.63275480,5.81085491,-0.53550839,3.51904583,12.22617245,1.68672180,-9.03463936,-8.02411747,7.11892891,-11.41469383,0.41601422,-11.21464062,5.99497461
0.00000000,-10.99389935,-3.66530704,-9.31805229,-1.65329576,5.75948620,-0.54032636,3.43004870,12.25660133,1.66782546,-9.10559273,-8.09069252,7.10179043,-11.42784691,0.33193222,-11.16807365,6.00240135
0.00000000,-10.92822552,-3.69327784,-9.26679134,-1.66307676,5.81067848,-0.56763458,3.40891981,12.19617081,1.61944294,-9.08176041,-8.00804043,7.12146282,-11.42887878,0.30869022,-11.14514351,5.98690414
0.00000000,-10.96416473,-3.69664812,-9.28002262,-1.68205094,5.81051540,-0.56913823,3.41428041,12.18318176,1.67152214,-9.03576660,-7.98300743,7.08367062,-11.33900452,0.31555825,-11.15921402,5.92841101
0.00000000,-11.03947353,-3.72405195,-9.32167816,-1.63691199,5.78608990,-0.58456647,3.50584102,12.25704956,1.71452641,-9.04741859,-8.06599045,7.15902710,-11.46282768,0.30166435,-11.21413040,6.00392389
0.00000000,-10.95806313,-3.67813969,-9.29785252,-1.69729924,5.78688622,-0.54773986,3.49445438,12.19174576,1.65063047,-9.05685616,-8.08732605,7.12860870,-11.44461060,0.34127861,-11.11338329,5.96269226
0.00000000,-11.02522659,-3.65060329,-9.31444454,-1.62676334,5.79557228,-0.51107407,3.39663339,12.24953651,1.67739296,-9.12945652,-8.10618210,7.14134598,-11.48342133,0.30609471,-11.11601448,5.99532080
0.00000000,-10.94616318,-3.65845537,-9.26562309,-1.70948792,5.85036659,-0.50384772,3.39467144,12.16895866,1.65973973,-9.08510208,-7.97323799,7.09577274,-11.43058205,0.40136206,-11.14329910,6.01007843
0.00000000,-11.04237461,-3.67080832,-9.45522785,-1.64937389,5.76010609,-0.55809087,3.50292420,12.25961208,1.70607424,-9.07493687,-8.10687351,7.15950871,-11.47757721,0.32553816,-11.20515251,5.96325874
0.00000000,-11.06524277,-3.65701151,-9.34298611,-1.71167374,5.79589367,-0.64416349,3.48166418,12.29298210,1.66185951,-9.09928608,-8.13205719,7.19291401,-11.44720078,0.38656861,-11.20157242,5.99090815
0.00000000,-11.06342793,-3.68684816,-9.32771301,-1.63698316,5.87428761,-0.55546850,3.55287457,12.26035404,1.68254113,-9.06255150,-8.08351707,7.16015720,-11.38022232,0.29989779,-11.17339802,6.08911562
0.00000000,-11.07791424,-3.72503614,-9.29407120,-1.67930329,5.86925888,-0.54537964,3.47990823,12.26859760,1.68121171,-9.06939983,-8.02668285,7.21114540,-11.43718529,0.37065285,-11.22769928,6.03408718
0.00000000,-11.09183979,-3.68843222,-9.42800713,-1.64689541,5.81555653,-0.56366593,3.58459663,12.23270512,1.65374875,-9.06614017,-8.08066177,7.25309086,-11.46611214,0.31799197,-11.21079445,5.97816658
0.00000000,-10.93156528,-3.67317533,-9.31270599,-1.65942097,5.80432987,-0.56147563,3.48063922,12.14663410,1.60075712,-8.99775791,-8.03081894,7.12278938,-11.38378716,0.34772861,-11.16459370,5.94613981
0.00000000,-11.11665630,-3.66488981,-9.44231129,-1.63990712,5.87108326,-0.57711732,3.58016276,12.27221966,1.70116544,-9.05687332,-8.12890530,7.16996098,-11.48911285,0.33939302,-11.24533367,5.98053598
0.00000000,-11.09618855,-3.66169119,-9.33693695,-1.70732713,5.83124828,-0.57796681,3.47024608,12.31001472,1.68134809,-9.11935616,-8.10678482,7.13318443,-11.52146149,0.33638862,-11.20293903,5.97670984
0.00000000,-11.08596039,-3.72666693,-9.40410995,-1.61171103,5.87891102,-0.58190835,3.48048019,12.33893967,1.65426064,-9.11683464,-8.11014175,7.21231842,-11.45667267,0.29527700,-11.26186657,5.93752098
0.00000000,-11.03086281,-3.66229677,-9.34402657,-1.66225958,5.84244156,-0.56167990,3.54263449,12.21431732,1.67312145,-9.06251049,-8.05482864,7.17661667,-11.44203377,0.25650796,-11.18919277,6.02239990
0.00000000,-11.07681274,-3.70381069,-9.33159924,-1.62289906,5.77492142,-0.57225955,3.50797677,12.26959133,1.67439866,-9.09166050,-8.11126804,7.16897774,-11.41168785,0.32738134,-11.23294735,5.97170258
0.00000000,-11.05042553,-3.69986963,-9.29829025,-1.61414301,5.89215755,-0.57018477,3.54756999,12.26124096,1.75811148,-9.01464939,-8.13224125,7.13983727,-11.40674591,0.29997909,-11.19669151,6.01987171
0.00000000,-10.90483856,-3.66720915,-9.25589371,-1.69992614,5.80096245,-0.56350774,3.44367671,12.13691330,1.67087245,-9.03627682,-7.99317026,7.07435036,-11.38078499,0.33758804,-11.14064693,5.97640896
0.00000000,-11.03077888,-3.69179344,-9.28143024,-1.69937491,5.80380726,-0.53650254,3.48091459,12.22485828,1.61522460,-9.08031368,-8.10907269,7.11869717,-11.44982338,0.39664403,-11.20110703,6.07531500
0.00000000,-11.15457630,-3.75606966,-9.48151588,-1.59103644,5.82357502,-0.50121069,3.59987092,12.37846184,1.78663993,-9.01281738,-8.22409248,7.12249565,-11.48865700,0.38797826,-11.31777859,6.01867056
0.00000000,-10.95517159,-3.66273975,-9.29024410,-1.66215134,5.73789024,-0.53583366,3.45320296,12.20751667,1.64988732,-9.07895184,-8.05390453,7.07752228,-11.40513420,0.33335623,-11.14164639,5.98667669
0.00000000,-11.04811954,-3.70693111,-9.38170433,-1.58902955,5.80440044,-0.54552001,3.49437165,12.36802959,1.66630769,-9.08266926,-8.15327358,7.19963741,-11.43353653,0.34608835,-11.22899151,5.99756289
0.00000000,-11.15129662,-3.68358994,-9.36964607,-1.56511104,5.83716393,-0.63456780,3.54798627,12.40384674,1.70715308,-9.03946114,-8.18187428,7.20066071,-11.42007256,0.36679730,-11.28166199,6.12595987
0.00000000,-11.04615784,-3.71612167,-9.38845539,-1.66422653,5.87623310,-0.58154976,3.51346183,12.28281498,1.67890048,-9.02129173,-8.09510422,7.14410686,-11.44912720,0.36173597,-11.26505280,6.01235104
0.00000000,-11.02352905,-3.68782997,-9.38477039,-1.62987161,5.75056648,-0.56044561,3.54464245,12.25775814,1.69870734,-9.05582428,-8.10483646,7.13876057,-11.44960976,0.32330215,-11.24696350,5.94666624
0.00000000,-10.98233128,-3.71234465,-9.31072521,-1.69385028,5.71016884,-0.58101398,3.46728873,12.13875198,1.63072276,-9.05738258,-8.06524944,7.19396019,-11.42819595,0.32798028,-11.14405537,5.97430038
0.00000000,-10.99115562,-3.67920399,-9.23495293,-1.66255426,5.81483459,-0.53908938,3.44127083,12.25806904,1.61333060,-9.07049847,-8.05637360,7.14786434,-11.49358368,0.38552406,-11.17284203,5.98649740
0.00000000,-11.05786800,-3.68829346,-9.34146404,-1.63650966,5.74462223,-0.53560036,3.52006555,12.23728371,1.73620296,-9.13344193,-8.13646412,7.17463493,-11.42714119,0.34120664,-11.17889214,5.99563694
0.00000000,-11.09529018,-3.64274025,-9.39956474,-1.68428326,5.76586246,-0.58629167,3.45337129,12.30716419,1.66514921,-9.09275723,-8.14039421,7.13607025,-11.49916840,0.25874671,-11.20634460,5.96517849
0.00000000,-11.00471306,-3.70903015,-9.34829330,-1.63883996,5.86334515,-0.56359434,3.47834253,12.17503452,1.65865254,-9.01586723,-8.03377438,7.13151836,-11.44769478,0.35179770,-11.16472054,5.95713472
0.00000000,-11.04811478,-3.71309996,-9.39112377,-1.66470289,5.87611485,-0.55003858,3.56071019,12.39786911,1.72316694,-9.06780338,-8.13595104,7.14136982,-11.51662445,0.28842360,-11.24563122,5.95751810
0.00000000,-10.96200371,-3.64649487,-9.37936878,-1.67502606,5.83495522,-0.57759213,3.44227076,12.19461250,1.68261456,-9.02157974,-8.04870987,7.11631966,-11.32530022,0.36037916,-11.13380909,6.05344296
0.00000000,-11.02569866,-3.71666193,-9.41229630,-1.58672166,5.88237572,-0.56989241,3.55541587,12.28369427,1.67532730,-9.09401512,-8.11653996,7.17265320,-11.39043808,0.31722188,-11.22298241,6.05441427
0.00000000,-11.09285641,-3.64152002,-9.33432770,-1.60818827,5.79425240,-0.59939694,3.52233195,12.24580193,1.68356657,-9.13432217,-8.08560276,7.14150047,-11.48396492,0.28496194,-11.22864246,6.06610489
0.00000000,-11.10872173,-3.65259552,-9.31586456,-1.62704098,5.80085278,-0.58862799,3.56790543,12.37797737,1.72069764,-9.12808609,-8.21570492,7.12940979,-11.46756744,0.36716411,-11.25026321,6.01000547
0.00000000,-11.04252529,-3.70279694,-9.25853825,-1.64131296,5.81022167,-0.57224113,3.51081967,12.24661636,1.65373135,-9.05621624,-8.09947300,7.09910107,-11.44612122,0.35344872,-11.23433399,6.03434896
0.00000000,-11.03654861,-3.68518496,-9.31920624,-1.64695406,5.81585217,-0.57284975,3.52858710,12.26319599,1.72534704,-9.01909542,-8.09935665,7.13539982,-11.40979195,0.42190987,-11.22826099,5.98722267
0.00000000,-11.05859566,-3.66066933,-9.37243080,-1.67947483,5.80810833,-0.57575291,3.56793237,12.27847767,1.62153053,-9.07492161,-8.13949871,7.14326096,-11.49875450,0.35329700,-11.14787388,6.01184082
0.00000000,-11.06566238,-3.68747711,-9.33906746,-1.69980478,5.74875450,-0.61745811,3.49192977,12.25773811,1.63417244,-9.09874344,-8.08115768,7.17122459,-11.48304749,0.36508512,-11.20606899,5.97860003
0.00000000,-11.02921200,-3.68964386,-9.26221943,-1.63940430,5.76142502,-0.52971065,3.52028227,12.26428890,1.68045974,-9.04543018,-8.11627674,7.16204834,-11.41882515,0.37094504,-11.16497421,6.12416840
0.00000000,-10.93010902,-3.67610550,-9.27173805,-1.65381444,5.82344341,-0.47929955,3.48556256,12.23548317,1.68697762,-9.09439850,-8.00734711,7.03178120,-11.44247055,0.36063325,-11.14583969,5.90801620
0.00000000,-11.07384300,-3.68408966,-9.42194366,-1.67681217,5.79423332,-0.49571419,3.57022858,12.24577522,1.72895622,-8.96238708,-8.06411362,7.15142059,-11.46715736,0.36236483,-11.27448082,6.00396299
0.00000000,-11.03161812,-3.68401098,-9.37204647,-1.62291837,5.78478146,-0.59103781,3.52581310,12.17955494,1.70438266,-9.01062584,-8.02569008,7.15028954,-11.43138695,0.31688002,-11.24399853,5.97716379
0.00000000,-11.03330421,-3.69262028,-9.32398605,-1.71644282,5.80597019,-0.50564605,3.42783260,12.31989288,1.69849515,-9.09951305,-8.11632061,7.10320663,-11.39591789,0.32670391,-11.17821503,5.97580910
0.00000000,-11.00013256,-3.66684341,-9.43975258,-1.67897034,5.82639313,-0.54420632,3.52881622,12.28884506,1.64820385,-9.10944748,-8.17247295,7.17587376,-11.43595314,0.29239136,-11.19274426,5.95952606
0.00000000,-11.07756805,-3.68319607,-9.38096905,-1.63422036,5.80495548,-0.56424397,3.57095003,12.31199074,1.71665978,-9.04438591,-8.11903286,7.19716263,-11.40422630,0.35968304,-11.19779301,6.03645706
0.00000000,-10.96280670,-3.66697454,-9.30245018,-1.70611191,5.77064323,-0.55034888,3.44385719,12.20721531,1.66592026,-9.02681446,-8.07439709,7.16611576,-11.40595436,0.37446675,-11.09290886,5.99665689
0.00000000,-11.02292252,-3.72546625,-9.31589413,-1.67546022,5.78236103,-0.56746548,3.51034451,12.18273640,1.69268656,-9.09417152,-8.05526447,7.18842030,-11.39495850,0.31604123,-11.19418049,5.97718191
0.00000000,-11.08377171,-3.65895033,-9.35213470,-1.62227631,5.82004356,-0.52068508,3.50156045,12.30455589,1.68280554,-9.10247326,-8.07254887,7.19208145,-11.43825722,0.35105753,-11.25967789,6.02311945
0.00000000,-11.02170563,-3.65637445,-9.39026833,-1.66757321,5.75624180,-0.61004609,3.55835915,12.24596786,1.65390015,-9.06102657,-8.09542465,7.18783665,-11.47192574,0.33667231,-11.14561558,6.03782749
0.00000000,-10.99156761,-3.61124086,-9.24156189,-1.60805488,5.74663925,-0.54872990,3.43399119,12.19248199,1.60076070,-9.12188625,-7.95930386,7.04541588,-11.41859245,0.34602711,-11.14569378,6.02743244
0.00000000,-11.09570026,-3.62500620,-9.26914787,-1.63309050,5.83972168,-0.58945125,3.49978304,12.25652122,1.64797235,-9.11784744,-8.10518360,7.13330841,-11.41264153,0.40490186,-11.20401955,6.10446501
0.00000000,-10.94797897,-3.64588594,-9.29065037,-1.69227672,5.74261189,-0.57638234,3.43040109,12.16893959,1.63935065,-9.05755329,-8.03875732,7.09446812,-11.38970947,0.35736048,-11.18951702,6.00625324
0.00000000,-11.03805256,-3.70216894,-9.33022594,-1.62943220,5.78208351,-0.51122451,3.50121617,12.37566376,1.69960570,-9.07256126,-8.06241417,7.14603996,-11.46390343,0.30993268,-11.17934322,5.95651245
0.00000000,-10.96884346,-3.63127565,-9.29276085,-1.68667245,5.80038261,-0.55518353,3.44181824,12.16492462,1.66108370,-9.07195663,-7.99256802,7.08453369,-11.41494179,0.33143663,-11.14304256,5.92653990
0.00000000,-11.08331299,-3.65203857,-9.46156025,-1.68342710,5.82026291,-0.55515325,3.53736877,12.20045090,1.64562416,-9.07845879,-8.10274601,7.16229820,-11.39533043,0.28193820,-11.26309681,5.93984270
0.00000000,-11.09077740,-3.67171097,-9.44121552,-1.58273888,5.87325382,-0.61096042,3.57201457,12.35463333,1.65779805,-9.09744930,-8.16991234,7.20373917,-11.48715591,0.34561521,-11.19100380,6.07760000
0.00000000,-11.12798691,-3.59840536,-9.38794422,-1.65792704,5.85137653,-0.63746381,3.51250243,12.27680111,1.65901327,-9.01844120,-8.18507957,7.16757774,-11.47858620,0.31480083,-11.23624992,6.02508640
0.00000000,-11.11544800,-3.66149521,-9.39663696,-1.67066336,5.72586632,-0.51192564,3.51298928,12.29502201,1.67991543,-9.22290325,-8.11316681,7.20179462,-11.49197960,0.33414024,-11.26001263,5.98900700
0.00000000,-10.89734936,-3.67834377,-9.28766060,-1.73271012,5.77365780,-0.56796771,3.47093892,12.15638828,1.65206957,-9.06516171,-8.07185745,7.14511967,-11.39232635,0.31117505,-11.09484100,5.94602966
0.00000000,-11.04198837,-3.67130899,-9.32111263,-1.64903903,5.82713985,-0.56106097,3.42492819,12.28645515,1.70359683,-9.08101177,-8.08281136,7.12823963,-11.48315430,0.31137344,-11.20648956,6.03993225
0.00000000,-11.07082081,-3.69269609,-9.32649040,-1.62871420,5.82907677,-0.53737026,3.46487355,12.28007221,1.74660873,-9.03519821,-8.07017612,7.11140823,-11.41900826,0.32500619,-11.24295712,6.01085854
0.00000000,-11.06525803,-3.72346640,-9.34768295,-1.67516565,5.80258846,-0.56789833,3.48457837,12.38319206,1.70504618,-9.05821896,-8.11650848,7.19833183,-11.49078941,0.27316481,-11.23887825,5.99831247
0.00000000,-11.07414436,-3.65479660,-9.38926315,-1.63613725,5.83349133,-0.61814177,3.55132866,12.30071354,1.61115861,-9.15702820,-8.17461395,7.16938686,-11.47873306,0.29313064,-11.23912716,6.04264784
0.00000000,-10.95277977,-3.65324593,-9.30961704,-1.70948195,5.75016308,-0.58657056,3.45768285,12.12775230,1.59952950,-9.11488724,-7.99984789,7.11930943,-11.38823128,0.29107931,-11.10490513,5.99773693
0.00000000,-11.02340317,-3.67947817,-9.33389950,-1.58011425,5.85468292,-0.57572919,3.55428433,12.28946495,1.69287801,-9.06548405,-8.06765175,7.14043903,-11.40411568,0.37203300,-11.24270916,6.02238560
0.00000000,-10.98576546,-3.66902161,-9.38051319,-1.64157546,5.88961411,-0.63731146,3.46992230,12.25417900,1.66335201,-9.07214737,-8.12644100,7.10499763,-11.42712021,0.29572189,-11.16351128,5.98992825
0.00000000,-11.00747013,-3.68124962,-9.28671646,-1.67664373,5.77017212,-0.52837861,3.50332212,12.20042229,1.60456061,-9.10633469,-8.02094841,7.10193634,-11.41053009,0.37945610,-11.19008064,6.01063347
0.00000000,-11.00332832,-3.67332554,-9.38555050,-1.62013209,5.79019356,-0.54975289,3.46678543,12.24704933,1.67804670,-9.05102062,-8.06272602,7.11949825,-11.41821098,0.35237491,-11.17909718,5.96114826
0.00000000,-11.12315369,-3.67558146,-9.32439232,-1.61409211,5.83230305,-0.55067414,3.52689123,12.31920910,1.68828535,-9.05772972,-8.14388371,7.12950230,-11.44954109,0.36511439,-11.27568531,6.06400728
0.00000000,-10.93385410,-3.67479849,-9.28902149,-1.70910573,5.74990559,-0.54574865,3.49886346,12.15499592,1.64955974,-9.03333092,-8.06593132,7.06199169,-11.40968704,0.27426273,-11.10278702,6.03486776
0.00000000,-11.07220173,-3.70847845,-9.35762978,-1.67744970,5.80663300,-0.52190077,3.52176166,12.31973553,1.73869920,-9.06740284,-8.10145283,7.18311596,-11.48106956,0.28088135,-11.23295689,5.96372128
0.00000000,-11.00411415,-3.69784069,-9.30106258,-1.71743417,5.84930515,-0.51909930,3.43533278,12.21196842,1.69689894,-9.04931068,-7.98242998,7.15392399,-11.38641167,0.28831756,-11.15138721,6.02282906
0.00000000,-10.98925495,-3.71680832,-9.36764812,-1.60972035,5.84417725,-0.57417482,3.50722456,12.16310787,1.70191240,-8.99207878,-8.03288555,7.16483879,-11.45779800,0.32687220,-11.22130108,5.97729731
0.00000000,-11.00403404,-3.73743296,-9.38361168,-1.60043287,5.91591167,-0.64683133,3.53155518,12.38749886,1.71257830,-9.09212112,-8.14874363,7.17027664,-11.49849892,0.37145028,-11.27887440,6.03905487
0.00000000,-11.11324883,-3.61141205,-9.53356171,-1.60241461,5.88377094,-0.58578664,3.61602092,12.28705788,1.67647266,-9.04542160,-8.21069527,7.21230984,-11.44979668,0.36332172,-11.27368927,6.08717346
0.00000000,-11.18643761,-3.79124784,-9.41447353,-1.68031669,5.85288334,-0.55635846,3.51330018,12.23432064,1.74625802,-8.99464035,-8.10794353,7.19074631,-11.45058441,0.28818184,-11.29614830,6.05949974
0.00000000,-11.03235722,-3.64790201,-9.35467148,-1.68122625,5.81956005,-0.58397502,3.50279927,12.24590206,1.68025661,-9.05657005,-8.11268330,7.10940742,-11.51267242,0.29657334,-11.15346527,5.95959425
0.00000000,-11.08499432,-3.64717722,-9.34363937,-1.65012467,5.69131756,-0.57599616,3.55848432,12.27551174,1.65595222,-9.07499981,-8.21201420,7.14148235,-11.45445251,0.33170146,-11.18962765,6.02924633
0.00000000,-11.07002163,-3.70723534,-9.39586449,-1.61484849,5.80984783,-0.57000518,3.51952863,12.28369427,1.65883374,-9.05234146,-8.14285088,7.17107296,-11.43502045,0.34038329,-11.16510773,5.96879244
0.00000000,-10.99962521,-3.70754719,-9.34858894,-1.70335841,5.81481266,-0.55981362,3.52358365,12.17346764,1.64778447,-9.00599861,-8.07046127,7.14640236,-11.40226936,0.28964001,-11.17507076,5.96392393
0.00000000,-11.10181046,-3.67225218,-9.40031528,-1.72426176,5.80196285,-0.56357992,3.50494027,12.23227882,1.66795039,-9.11082554,-8.11407375,7.20529556,-11.43064117,0.33261251,-11.26598835,5.97354412
0.00000000,-11.05540562,-3.68212318,-9.41363907,-1.60906839,5.81241226,-0.59640586,3.53375959,12.31996536,1.68323016,-9.05868626,-8.13700676,7.09272861,-11.40789223,0.35899469,-11.19368362,5.97394514
0.00000000,-11.12878704,-3.69783974,-9.32508373,-1.64884305,5.88795090,-0.56432426,3.54119086,12.28823566,1.68085313,-9.10937786,-8.13357544,7.16040325,-11.45089531,0.34880677,-11.24998188,6.06885099
0.00000000,-11.02266312,-3.67759323,-9.34512615,-1.62440181,5.85515213,-0.57280898,3.50328946,12.27866840,1.64043856,-9.06955147,-8.04271221,7.15900326,-11.44670105,0.33307981,-11.21948147,6.04935455
0.00000000,-10.99462032,-3.70642948,-9.32215500,-1.68430018,5.78854752,-0.57267320,3.47773266,12.22648335,1.73101354,-9.02726078,-8.02367210,7.07566071,-11.41492462,0.34875581,-11.22314930,6.02061558
0.00000000,-11.06367493,-3.62044954,-9.43310261,-1.60457921,5.82506561,-0.55759895,3.49976540,12.26231861,1.72311282,-9.05315304,-8.10672760,7.18144226,-11.43686676,0.40265641,-11.22534847,5.97644567
0.00000000,-11.07162094,-3.74860048,-9.34460831,-1.68643165,5.83013630,-0.52700406,3.51394749,12.25873661,1.73861504,-8.97018623,-8.04209709,7.16975117,-11.48730087,0.39705142,-11.32852459,6.02642775
0.00000000,-11.07421494,-3.65635204,-9.36721230,-1.72019744,5.84929276,-0.60435617,3.53077364,12.25752544,1.60948110,-9.06963825,-8.14825249,7.16989136,-11.46212769,0.35762188,-11.20593262,6.04920912
0.00000000,-11.16336536,-3.74681044,-9.34322357,-1.67854118,5.81544685,-0.50048125,3.47686362,12.30655289,1.74181700,-9.08270550,-8.13399601,7.19502544,-11.50409317,0.35359150,-11.24372768,6.03545856
0.00000000,-11.15414619,-3.64619684,-9.30294132,-1.66024899,5.80725384,-0.53887010,3.56198454,12.32184792,1.64948201,-9.12644291,-8.12249947,7.15403366,-11.42166710,0.29661274,-11.25369930,6.03302097
0.00000000,-10.98443127,-3.70841408,-9.31516171,-1.69338989,5.82265091,-0.53751343,3.51113939,12.21311665,1.66534281,-9.08382034,-8.09621906,7.17555809,-11.49053955,0.35122061,-11.12680435,5.97443485
0.00000000,-11.10070515,-3.69267225,-9.39668560,-1.62794483,5.83320999,-0.57203203,3.54693890,12.34962368,1.62744236,-9.08111668,-8.22154713,7.16841602,-11.43290329,0.31289732,-11.18909168,6.03512573
0.00000000,-10.99491119,-3.67613459,-9.23834419,-1.68179822,5.72913742,-0.54425889,3.43738079,12.24341297,1.67146945,-9.08637047,-8.03295803,7.11512280,-11.40477371,0.30186188,-11.13801670,6.03120518
0.00000000,-11.03423786,-3.69686747,-9.48585224,-1.71736455,5.77506733,-0.57406157,3.60501838,12.22815037,1.66433382,-9.03287220,-8.08034897,7.18823051,-11.42993355,0.35921437,-11.19436836,6.02132082
0.00000000,-11.00046158,-3.69451618,-9.31665516,-1.72563505,5.78045082,-0.57663870,3.48902273,12.18490601,1.66669106,-9.05256653,-8.01447010,7.13978767,-11.42592239,0.38121927,-11.16547871,5.95362234
0.00000000,-11.09551430,-3.68277645,-9.37009716,-1.62332726,5.81914139,-0.58721721,3.56975007,12.17858219,1.64099622,-9.07310867,-8.17471790,7.18344116,-11.52392769,0.33429915,-11.19152069,6.01704788
0.00000000,-11.09443092,-3.67905664,-9.38835239,-1.66411543,5.83820724,-0.63099045,3.50636482,12.31109715,1.61133623,-9.13537216,-8.11663532,7.17108917,-11.51672935,0.33479935,-11.22648239,6.07223320
0.00000000,-11.01172066,-3.64621830,-9.38911819,-1.70740509,5.77907944,-0.57335335,3.51975560,12.24420166,1.64908767,-9.09567070,-8.07979012,7.16615295,-11.44107628,0.33645499,-11.13626480,6.01326132
0.00000000,-11.08436871,-3.73964071,-9.38429070,-1.63216567,5.82043457,-0.51116604,3.57320404,12.28301239,1.69659114,-9.08505630,-8.14082718,7.14676666,-11.48495102,0.35333559,-11.18460178,6.03700542
0.00000000,-11.03214550,-3.63873911,-9.31297684,-1.71941400,5.77639866,-0.56917036,3.43637252,12.25284672,1.68954802,-9.06681156,-8.08710480,7.15226555,-11.44132614,0.38831827,-11.18495369,6.01566458
0.00000000,-11.08148193,-3.70902205,-9.33969975,-1.60238457,5.86453819,-0.58720303,3.51863170,12.27144432,1.65061045,-9.01502514,-8.09768105,7.19465256,-11.40879059,0.37701759,-11.20523834,6.02829313
0.00000000,-10.82970047,-3.68962812,-9.24738121,-1.70443082,5.78197002,-0.52450567,3.42761970,12.09537983,1.67680621,-8.98376465,-7.96564579,7.11628437,-11.39478493,0.33393523,-11.04168987,5.87983370
0.00000000,-11.11234188,-3.78555250,-9.33329582,-1.57089567,5.76800537,-0.53367758,3.56355786,12.38815975,1.77383804,-9.01082897,-8.11977577,7.17776680,-11.49136353,0.32802629,-11.26616764,5.93450260
0.00000000,-10.97197151,-3.67351341,-9.35420609,-1.64341080,5.75506687,-0.52430373,3.51429772,12.14960480,1.71015334,-9.03155708,-8.02952003,7.11651516,-11.40116692,0.37068802,-11.18607998,6.04773331
0.00000000,-11.07160950,-3.71547127,-9.35318470,-1.68886924,5.81101608,-0.54145610,3.51372886,12.24448586,1.71971822,-9.02671242,-8.14249802,7.18476868,-11.41966629,0.35621119,-11.20524979,6.01399851
0.00000000,-11.00126266,-3.64763165,-9.33169746,-1.72013736,5.80241585,-0.51027417,3.47971559,12.27427197,1.72489405,-8.98574734,-8.07657909,7.12631416,-11.45206833,0.35033125,-11.15689468,6.01525784
0.00000000,-11.02491665,-3.74781895,-9.36163807,-1.70978141,5.79904461,-0.56206065,3.42879820,12.28270721,1.69961977,-9.05263138,-8.07400990,7.14611053,-11.36682510,0.28769761,-11.21706486,5.99146366
0.00000000,-11.06603909,-3.63340569,-9.29003906,-1.69056582,5.78262806,-0.56857699,3.48266721,12.30698681,1.65442824,-9.08072472,-8.11564159,7.12893772,-11.43681908,0.29021865,-11.15403557,6.09650278
0.00000000,-11.19962978,-3.72768688,-9.40756607,-1.64740753,5.83932400,-0.55618715,3.60909438,12.35274315,1.73463607,-9.00123405,-8.17649269,7.22873306,-11.51469421,0.39497179,-11.29240417,6.01968622
0.00000000,-11.05319023,-3.67607164,-9.35550213,-1.65309739,5.85930824,-0.56972814,3.48673439,12.25858974,1.66001177,-9.06332302,-8.08190918,7.17206383,-11.49425316,0.34453854,-11.21741962,6.04402399
0.00000000,-11.03951550,-3.66859627,-9.32870388,-1.67186451,5.79862404,-0.55761451,3.59092093,12.20902920,1.63735962,-9.07398129,-8.15720844,7.12647438,-11.42368507,0.31046492,-11.18834305,6.05275059
0.00000000,-11.00778008,-3.66794300,-9.36452961,-1.67530990,5.79502392,-0.54560047,3.52625442,12.16552925,1.67621374,-8.96145439,-8.08747387,7.14727306,-11.36785507,0.34130716,-11.17562199,5.98670101
0.00000000,-11.07508278,-3.68730688,-9.30221272,-1.66612005,5.81630135,-0.58647335,3.53142715,12.23833847,1.72907877,-9.11734867,-8.11439800,7.18261337,-11.38203621,0.39376536,-11.22996140,6.03873062
0.00000000,-10.95871830,-3.73926401,-9.30426693,-1.65095997,5.88094902,-0.52668029,3.48460364,12.17399693,1.72155190,-9.04172993,-7.98222733,7.12751389,-11.36057663,0.37050679,-11.17665482,5.96462870
0.00000000,-10.89811897,-3.67527294,-9.35654926,-1.67342031,5.85690975,-0.57472086,3.47075939,12.13278198,1.63305187,-9.00575161,-8.01968861,7.10983467,-11.36520386,0.37099445,-11.12376022,5.97071075
0.00000000,-11.01223755,-3.66761208,-9.36179256,-1.66830564,5.77630424,-0.50175560,3.47268891,12.23131180,1.72245884,-9.07218742,-8.08190441,7.18292236,-11.44508743,0.35509372,-11.19737720,5.94629240
0.00000000,-11.07380867,-3.69179964,-9.43375874,-1.61338520,5.87502384,-0.55878502,3.55153561,12.32070446,1.77706265,-9.10583401,-8.21229649,7.17832947,-11.37275696,0.32835603,-11.21853256,6.01557541
0.00000000,-11.02018166,-3.69560575,-9.29060650,-1.65690374,5.79316902,-0.55344778,3.47298765,12.24207211,1.63920236,-9.15073013,-8.06004047,7.16711330,-11.42392731,0.32586509,-11.20135212,5.99839449
0.00000000,-11.17821312,-3.70276356,-9.44640446,-1.52951550,5.81285763,-0.57078910,3.62295341,12.39635372,1.75250268,-9.02915382,-8.16821957,7.21261120,-11.49123001,0.38712183,-11.28849888,6.02116299
0.00000000,-11.04031754,-3.72954750,-9.32281685,-1.64789438,5.79830074,-0.51974040,3.51224756,12.28992939,1.70557594,-9.11242867,-8.11038303,7.08905506,-11.43798256,0.31386429,-11.21492481,6.01945925
0.00000000,-11.02987480,-3.67912531,-9.35101318,-1.60293126,5.79734898,-0.52911121,3.46185493,12.22825909,1.68650317,-9.13083744,-8.01380920,7.11465740,-11.36693764,0.36895895,-11.23883343,6.03466988
0.00000000,-11.12851524,-3.68605137,-9.37613392,-1.66664493,5.79873657,-0.53986377,3.50336075,12.26860046,1.74158144,-9.12870026,-8.16267109,7.19027710,-11.46806908,0.33295059,-11.24857807,6.00078297
0.00000000,-11.16013527,-3.65626287,-9.44082260,-1.62737012,5.91669083,-0.59126621,3.61008000,12.40430927,1.68408132,-9.08957386,-8.21986103,7.15719414,-11.46781349,0.28886223,-11.27833176,6.06924009
0.00000000,-11.04483414,-3.68561268,-9.40868759,-1.62387848,5.84535980,-0.63890535,3.54102015,12.27664757,1.62714291,-9.04240036,-8.06678581,7.13814354,-11.42393875,0.33114517,-11.18158436,6.04416370
0.00000000,-11.09305859,-3.72469997,-9.33295822,-1.60730612,5.84393120,-0.64827281,3.54411149,12.27533913,1.70670891,-9.10222816,-8.08516693,7.15627861,-11.39366722,0.32540601,-11.22068310,6.04738903
0.00000000,-10.96158791,-3.72441244,-9.27641010,-1.71901226,5.84579372,-0.55076021,3.44923282,12.18817043,1.69102716,-9.02841759,-7.99418831,7.12235355,-11.43251610,0.34032059,-11.19003773,6.03041553
0.00000000,-10.98224926,-3.68837500,-9.32376480,-1.71325970,5.76908016,-0.50843853,3.46893454,12.19082642,1.62771153,-9.08598423,-8.09109306,7.19500542,-11.44850922,0.31842914,-11.08646965,6.02873993
0.00000000,-10.95980930,-3.60300207,-9.33302021,-1.72468472,5.79642487,-0.56811184,3.46900344,12.14442921,1.67709517,-9.07209587,-8.09561539,7.06063747,-11.36303711,0.29463777,-11.13259315,5.99455500
0.00000000,-11.02385521,-3.65911770,-9.27198219,-1.62145436,5.78452873,-0.50805658,3.50257778,12.20871544,1.65517783,-9.10189438,-8.03563213,7.12511063,-11.42248917,0.38898119,-11.13520145,5.98843956
0.00000000,-11.07981491,-3.66639042,-9.28816414,-1.66300607,5.85784054,-0.53828752,3.46314645,12.29263210,1.66975689,-9.10856915,-8.11738205,7.11964321,-11.46715546,0.35101163,-11.22209072,6.01841784
0.00000000,-11.05100536,-3.74742222,-9.32014751,-1.70438266,5.77820587,-0.53208858,3.51361775,12.21216488,1.67990685,-9.05581665,-8.06361771,7.09820747,-11.42984581,0.32776189,-11.20467854,5.96007538
0.00000000,-11.01817989,-3.61512661,-9.32964134,-1.67190170,5.78283978,-0.57717502,3.49215555,12.13859940,1.69641137,-9.01106644,-8.03392410,7.16125584,-11.35932922,0.37784576,-11.20578861,6.03439760
0.00000000,-11.08433533,-3.68174171,-9.35454559,-1.69845271,5.81895351,-0.60656500,3.49734116,12.33208942,1.70521641,-9.08159256,-8.11001015,7.22232342,-11.45705223,0.32458448,-11.19381237,6.08463097
0.00000000,-11.19489956,-3.65719223,-9.33420467,-1.65472448,5.79007435,-0.55750716,3.54396248,12.27257729,1.70103359,-9.06051254,-8.20816994,7.17867470,-11.45825958,0.42831680,-11.24571419,6.08749866
0.00000000,-10.92331600,-3.66267490,-9.30388451,-1.64687717,5.77997971,-0.55506867,3.56466603,12.20740414,1.62769556,-9.12994576,-8.14964294,7.15357780,-11.41359711,0.32719189,-11.13844585,5.99081087
0.00000000,-11.03770542,-3.71612597,-9.31323910,-1.71188402,5.78979588,-0.48195863,3.49871087,12.23274708,1.73670626,-9.04641533,-8.05263615,7.14776134,-11.49295998,0.33434644,-11.20208168,5.93568659
0.00000000,-11.00768375,-3.66406107,-9.26822090,-1.65895295,5.80541801,-0.56031871,3.46347976,12.23958492,1.66390634,-9.08392048,-8.07483482,7.14133072,-11.41038704,0.38445407,-11.18704891,5.98161554
0.00000000,-11.05440903,-3.68306494,-9.38298893,-1.57074356,5.81331921,-0.54796594,3.58129716,12.35170937,1.66566157,-9.16483021,-8.17905426,7.11298561,-11.43018723,0.30820650,-11.24030876,5.98779106
0.00000000,-11.06563187,-3.72458172,-9.35482216,-1.54706120,5.76248360,-0.59670967,3.53148794,12.35874653,1.72673416,-9.11962032,-8.17677784,7.14407730,-11.42897797,0.39965990,-11.15433788,6.03565216
0.00000000,-11.03382683,-3.68377924,-9.27583694,-1.66969633,5.79424572,-0.60820127,3.46036029,12.17715168,1.66713572,-9.05922222,-7.98814821,7.18440342,-11.37956619,0.32040438,-11.19360256,6.02459192
0.00000000,-10.99823952,-3.69110060,-9.30270481,-1.64122438,5.76087284,-0.59548241,3.53410316,12.26589394,1.63541055,-9.13612652,-8.10205650,7.11774254,-11.47315025,0.29073811,-11.17145729,6.04105997
0.00000000,-11.03821087,-3.68789482,-9.33984852,-1.63309538,5.78386784,-0.64472401,3.46027112,12.28607273,1.64423943,-9.11744690,-8.10618687,7.13766003,-11.43386841,0.36788896,-11.17562294,5.97856665
0.00000000,-11.05572796,-3.68550920,-9.33576584,-1.65065336,5.84720325,-0.55794334,3.51126814,12.23837090,1.68588209,-9.10049725,-8.11751842,7.11340809,-11.43256187,0.29472533,-11.22160149,5.97405767
0.00000000,-11.00631714,-3.69623756,-9.34604359,-1.63356423,5.83694363,-0.60191870,3.56764627,12.26224804,1.69271922,-9.00729370,-8.08213234,7.11478519,-11.42043304,0.37893179,-11.21415043,5.94504833
0.00000000,-11.06682014,-3.70094872,-9.33398819,-1.75629592,5.83492184,-0.59452730,3.49900913,12.18010902,1.63574624,-9.06794643,-8.02699471,7.20916367,-11.41339111,0.27600959,-11.23554993,6.03104591
0.00000000,-11.04955864,-3.67853880,-9.37933350,-1.59297299,5.78802395,-0.56077617,3.53686857,12.26008129,1.66844368,-9.05587292,-8.15336227,7.18539619,-11.45684052,0.31966150,-11.15770626,6.01433849
0.00000000,-11.04892731,-3.69814062,-9.44521236,-1.65353203,5.82331467,-0.56000888,3.58679223,12.25190926,1.73520994,-8.99699211,-8.09358120,7.17303753,-11.38688278,0.37713808,-11.27841282,5.97727346
0.00000000,-11.00978470,-3.67669535,-9.45493126,-1.65324545,5.83427429,-0.55809087,3.53355718,12.23786354,1.71081686,-9.03501225,-8.10161209,7.12637138,-11.40328407,0.35403156,-11.14794636,6.03256798
0.00000000,-11.07524967,-3.65642500,-9.39289951,-1.70772362,5.83917522,-0.57237589,3.55668569,12.11854935,1.71128559,-9.02281666,-8.09463978,7.15235806,-11.41119194,0.37733135,-11.24439430,6.06201363
0.00000000,-11.05102253,-3.69966793,-9.43336678,-1.68645239,5.83729362,-0.50875759,3.51286721,12.32334137,1.72078705,-9.09887314,-8.13220406,7.21697998,-11.44203568,0.29267186,-11.25109959,5.93660116
0.00000000,-11.01118755,-3.65748692,-9.38169479,-1.63130665,5.78557777,-0.56408781,3.47345281,12.27243137,1.67870593,-9.07281113,-8.04955673,7.17801952,-11.42399216,0.37207475,-11.16491890,5.96711922
0.00000000,-10.99957943,-3.68045092,-9.27412510,-1.68460274,5.80041599,-0.52887398,3.44597960,12.24263859,1.65184331,-9.06706905,-7.95570278,7.07332230,-11.37564850,0.33693081,-11.17061424,6.02729273
0.00000000,-11.01187801,-3.67192030,-9.36696815,-1.64490652,5.80759907,-0.58818418,3.52535558,12.24879456,1.68072367,-9.06824398,-8.03830528,7.18374252,-11.37381935,0.36714065,-11.21580315,5.96112061
0.00000000,-11.02272701,-3.63470840,-9.32111359,-1.64474964,5.79982090,-0.50006628,3.53840661,12.09512806,1.66290760,-9.03259563,-8.03618145,7.11197662,-11.39630890,0.35416859,-11.19102383,5.96907282
0.00000000,-11.11086273,-3.65104055,-9.32117176,-1.62186551,5.81815720,-0.51900238,3.55169678,12.25260353,1.70690799,-9.08374023,-8.14303017,7.17136860,-11.48299980,0.29402369,-11.25316906,6.03745270
0.00000000,-10.95023537,-3.64462185,-9.38361073,-1.67428112,5.77807522,-0.57789379,3.48544049,12.23305607,1.67258143,-9.05310535,-8.08122063,7.10799217,-11.40777397,0.33238471,-11.09475708,5.96742153
0.00000000,-10.99470234,-3.68857288,-9.35934830,-1.61363685,5.77110481,-0.51477522,3.47020769,12.25618649,1.64806366,-9.06821156,-8.12984085,7.09731960,-11.41178131,0.32323778,-11.12970257,5.91949940
0.00000000,-11.02409077,-3.68012905,-9.30482101,-1.65586114,5.79779530,-0.53225422,3.47285652,12.21376419,1.65536666,-9.05179882,-8.04976463,7.17255497,-11.44317818,0.30855715,-11.22192192,6.00138760
0.00000000,-11.03870583,-3.67417288,-9.39777184,-1.65495658,5.77066517,-0.56538385,3.49814820,12.28674412,1.67301250,-9.12438583,-8.05870628,7.12229347,-11.36871338,0.37082264,-11.18063545,6.01837206
0.00000000,-11.12743187,-3.67467308,-9.33026028,-1.65473497,5.82451534,-0.61654913,3.52706814,12.27192497,1.65140247,-9.06161308,-8.12476444,7.10641766,-11.43332672,0.40494061,-11.21562195,6.06041670
0.00000000,-11.00632858,-3.68794346,-9.26501274,-1.63223219,5.78643417,-0.59462160,3.46494102,12.28071499,1.63842535,-9.15751266,-8.16455364,7.15686226,-11.45779800,0.35996330,-11.17940044,6.00708103
0.00000000,-10.92240524,-3.65058517,-9.29311943,-1.63796401,5.78628063,-0.59868795,3.39934540,12.16153431,1.65294218,-9.00471687,-7.97363901,7.10714054,-11.39402580,0.33713543,-11.15080643,5.98561525
0.00000000,-10.97605038,-3.63910961,-9.30046368,-1.67644763,5.80547333,-0.56373084,3.48441768,12.16585350,1.65017271,-9.07057858,-8.03693581,7.05673599,-11.42014694,0.29955554,-11.16790009,6.09634399
0.00000000,-10.98637486,-3.68438959,-9.36051750,-1.68179345,5.81441593,-0.54230678,3.48747110,12.21740627,1.64249921,-9.10622692,-8.10177708,7.12492561,-11.48164177,0.27491468,-11.17798042,5.99690294
0.00000000,-10.97476292,-3.70967245,-9.30393696,-1.67004681,5.86954594,-0.57239878,3.55478811,12.21768761,1.64396429,-9.03946495,-8.06240082,7.15979004,-11.36195374,0.30431563,-11.20300484,6.01987600
0.00000000,-11.08641624,-3.66186380,-9.49384689,-1.62701654,5.88197994,-0.54982048,3.55355310,12.26564503,1.66199303,-9.13372326,-8.18584061,7.19582367,-11.50435066,0.35105172,-11.23944569,6.09073353
0.00000000,-11.06691742,-3.67873430,-9.33338737,-1.64737034,5.80826092,-0.54987311,3.48573685,12.21875000,1.64191747,-9.10824871,-8.04560089,7.19281387,-11.44838333,0.30277637,-11.23430157,5.99657726
0.00000000,-11.02525043,-3.69309998,-9.30121899,-1.68793869,5.79732513,-0.56298429,3.49232006,12.14599323,1.63451648,-9.08687305,-8.00015736,7.18785477,-11.40921211,0.29086652,-11.20067120,5.96775913
0.00000000,-11.06342220,-3.62931108,-9.29223442,-1.68167281,5.79949188,-0.48038656,3.42059398,12.23019314,1.65330863,-9.06171703,-8.04398346,7.14310455,-11.42890358,0.34833789,-11.18671799,5.99593878
0.00000000,-10.95687771,-3.73498631,-9.34491539,-1.66009021,5.78617477,-0.51621258,3.48878288,12.29719830,1.70332313,-9.05761337,-8.07278824,7.14183998,-11.46952629,0.37617350,-11.19208717,5.95440292
0.00000000,-11.00118732,-3.69491291,-9.35811520,-1.69330382,5.78828812,-0.55327946,3.54740620,12.24210835,1.68724871,-8.97310448,-8.09064388,7.12636852,-11.46682167,0.31736141,-11.19937325,6.02009916
0.00000000,-10.94293213,-3.61712790,-9.33241463,-1.69006038,5.75778580,-0.54617107,3.46852016,12.15345573,1.64764118,-9.03209496,-8.03446484,7.10223103,-11.39719009,0.35224712,-11.10837936,6.00018501
0.00000000,-10.98163223,-3.63849401,-9.31197166,-1.69742084,5.73988056,-0.57535857,3.45386982,12.22310352,1.63489985,-9.08460522,-8.05029202,7.13031483,-11.43039513,0.29347479,-11.17844582,6.07784796
0.00000000,-10.98791504,-3.69540596,-9.31238556,-1.68563271,5.78830814,-0.54421550,3.45463610,12.19206429,1.64115024,-9.04057884,-8.06798649,7.06580067,-11.39942360,0.33222908,-11.15643692,6.00222111
0.00000000,-11.03764057,-3.68471146,-9.46149635,-1.64860189,5.83247566,-0.55872732,3.50903153,12.28554630,1.70249319,-9.10474014,-8.09148598,7.19646835,-11.38201714,0.27713668,-11.22331905,6.02906561
0.00000000,-10.98401546,-3.65183449,-9.33090687,-1.70153522,5.74848747,-0.59078580,3.50378394,12.24137402,1.66683745,-9.06603050,-8.04794884,7.09201717,-11.43255424,0.27789325,-11.13043594,6.05056906
0.00000000,-11.03455353,-3.68673897,-9.33011818,-1.68174911,5.79740524,-0.58499581,3.47014165,12.16979885,1.74980021,-9.01248264,-7.97997856,7.20501709,-11.41423035,0.34153870,-11.28464508,5.96507072
0.00000000,-10.96766186,-3.73136854,-9.33408070,-1.74356222,5.76853466,-0.50433457,3.54870391,12.21629047,1.69667768,-9.00373459,-8.07956600,7.10848808,-11.38707542,0.31915006,-11.16605949,5.90022182
0.00000000,-11.06105328,-3.69446039,-9.40534973,-1.67312598,5.73532486,-0.58805645,3.55387020,12.36485386,1.72817206,-9.05130386,-8.18178940,7.14842129,-11.45175552,0.29467201,-11.15431309,5.97210217
0.00000000,-11.02478027,-3.68236780,-9.31045723,-1.66724491,5.87739944,-0.55557317,3.45613742,12.27502632,1.68271852,-9.05872536,-8.10287380,7.19602871,-11.36816216,0.31708968,-11.15702248,5.98999977
0.00000000,-10.93960571,-3.68357944,-9.29688835,-1.75456548,5.71976185,-0.53376889,3.50992489,12.13238144,1.70196199,-9.04101562,-8.02916336,7.18740559,-11.42518044,0.29675817,-11.16259480,5.94625902
0.00000000,-11.01149368,-3.69982481,-9.39008713,-1.70373845,5.79175949,-0.55573142,3.47385001,12.26729870,1.71763563,-9.05629253,-8.13366795,7.14231014,-11.43164253,0.31375307,-11.19816685,6.00380278
0.00000000,-11.01141548,-3.68139362,-9.43778419,-1.72885847,5.80411911,-0.58374381,3.48312187,12.20781136,1.63650537,-9.07757282,-8.07965469,7.15268612,-11.39624596,0.29690096,-11.13485241,5.96977425
0.00000000,-11.06247711,-3.66361284,-9.45529461,-1.69699049,5.80894852,-0.52596444,3.56101537,12.21827030,1.71789002,-8.98974609,-8.10369110,7.17951107,-11.39131927,0.31942666,-11.23646069,5.99251366
0.00000000,-11.05480862,-3.68526745,-9.35909843,-1.64233279,5.73697948,-0.47276586,3.52184153,12.25601196,1.69064069,-9.01554012,-8.04658413,7.16016579,-11.49178886,0.40347803,-11.26701260,5.95816851
0.00000000,-11.10785961,-3.74282980,-9.35914230,-1.66430318,5.82125854,-0.54758519,3.55377197,12.28928852,1.67739749,-9.07327747,-8.18300819,7.16936684,-11.45784378,0.25780946,-11.27903175,5.97986794
0.00000000,-10.95393753,-3.66095924,-9.20375633,-1.68690300,5.76712799,-0.57479548,3.48675632,12.17518425,1.67209911,-9.07348442,-8.11309528,7.09320354,-11.42184258,0.36036360,-11.12243462,5.94945669
0.00000000,-11.08168125,-3.72188807,-9.42340374,-1.62999868,5.86768818,-0.56779766,3.57145786,12.29286289,1.72261643,-9.03002739,-8.14966106,7.15913010,-11.44871521,0.34945828,-11.17703247,6.01703310
0.00000000,-11.03133011,-3.64993143,-9.37100506,-1.67080569,5.76759529,-0.56230080,3.48926616,12.28857422,1.67785931,-9.11398697,-8.12010384,7.14506435,-11.43847466,0.32028377,-11.19988823,5.99253654
0.00000000,-11.17089367,-3.65205336,-9.40045261,-1.63112640,5.82525539,-0.55572939,3.56264949,12.35045242,1.74080157,-9.09143829,-8.13768768,7.18469048,-11.47526360,0.37975264,-11.25276661,6.01104832
0.00000000,-11.16521549,-3.66848850,-9.29722500,-1.66743231,5.79664803,-0.56827575,3.48185158,12.20686054,1.70424604,-9.11227417,-8.15268993,7.25069523,-11.46382713,0.35076559,-11.23973465,6.06402540
1.00000000,-11.49210644,-4.04237127,-9.58064651,-1.29496717,5.92546654,-0.81861049,3.77384520,12.76742363,1.89197993,-8.87497616,-8.46395874,7.15897369,-11.52534676,0.35824704,-11.63414478,6.15487003
1.00000000,-11.42057419,-3.95907116,-9.52202892,-1.37268019,5.83638573,-0.67612892,3.81068826,12.63009834,1.86609530,-9.12095833,-8.37297153,7.38895035,-11.53072929,0.28431076,-11.57307243,5.94182825
1.00000000,-11.67744064,-3.93541288,-9.59871292,-1.25295889,5.97270107,-0.76788706,3.89422083,12.90295792,1.96680665,-8.94751263,-8.63430309,7.36464596,-11.71135712,0.41375801,-11.71660995,6.04594612
1.00000000,-11.41353989,-3.81388903,-9.49913788,-1.32742381,5.98922729,-0.76699960,3.82011414,12.72225380,1.85538793,-8.96193027,-8.41652012,7.20725727,-11.51603127,0.30766207,-11.57529259,6.06909704
1.00000000,-11.49844837,-3.86527538,-9.54121208,-1.38374138,5.94132710,-0.73644698,3.75995350,12.70450783,1.68749857,-8.80141068,-8.55870914,7.13741398,-11.60303116,0.24524854,-11.65369034,6.08784246
1.00000000,-11.40231800,-3.78004408,-9.53701401,-1.26764488,5.97908783,-0.62858528,3.72693968,12.76514149,1.85148859,-9.23792839,-8.39598179,7.26837826,-11.44180489,0.36104244,-11.59023476,6.08401060
1.00000000,-11.43073082,-3.87692690,-9.43130875,-1.44659710,5.90443993,-0.57172060,3.67145824,12.52577305,1.77950263,-9.04841709,-8.45438385,7.35392475,-11.58363342,0.27223581,-11.46883965,6.01852369
1.00000000,-11.43173790,-3.81566668,-9.40653896,-1.27467823,5.97377110,-0.65875930,3.88946342,12.68563080,1.71876311,-9.07389164,-8.55931664,7.14508629,-11.56418991,0.45101157,-11.59054470,6.01574659
1.00000000,-11.54506493,-3.82484674,-9.55297661,-1.30146217,5.88726521,-0.70539004,3.88027477,12.81237984,1.86186361,-9.00704479,-8.43834209,7.13584328,-11.55268097,0.25465065,-11.61686134,6.00940084
1.00000000,-11.48611069,-3.84250069,-9.49597454,-1.37701678,5.75153828,-0.58181113,3.80417609,12.72550488,1.87003684,-8.95914841,-8.47821903,7.11953354,-11.37330627,0.28854266,-11.53573990,6.17239189
1.00000000,-11.53044796,-3.69212008,-9.67731380,-1.35503674,5.84213066,-0.63458914,3.90379858,12.70656586,1.87468767,-9.15281010,-8.47920895,7.31593990,-11.63499069,0.50766510,-11.64562416,5.91562271
1.00000000,-11.63658333,-3.75732040,-9.42527103,-1.31678748,5.80325508,-0.65243429,3.75513411,12.67097282,1.81159353,-9.10534191,-8.41407394,7.29274940,-11.55588341,0.37814450,-11.55100918,6.15062141
1.00000000,-11.28861904,-3.73370218,-9.30184174,-1.45486951,5.86598778,-0.62382561,3.62315249,12.54053783,1.61880827,-9.05713749,-8.29906082,7.12654686,-11.47052383,0.35729644,-11.44445705,6.15378809
1.00000000,-11.56414890,-3.83577633,-9.60095119,-1.31438029,6.01885605,-0.67843485,3.83888197,12.69790649,1.82127070,-9.03793049,-8.41655731,7.12872791,-11.43948364,0.29071301,-11.66785717,6.06905222
1.00000000,-11.43041420,-3.75185061,-9.44030190,-1.27254915,5.88962650,-0.68890750,3.83576179,12.50684261,1.76291347,-8.92190266,-8.41233635,7.20076275,-11.59282303,0.27793235,-11.59373856,5.98646355
1.00000000,-11.48194885,-3.83547401,-9.61172295,-1.29424930,5.97021389,-0.72521824,3.86244392,12.70582771,1.85068750,-9.00853157,-8.56404209,7.16168022,-11.57088280,0.32213426,-11.49850845,5.99607658
1.00000000,-11.47784424,-3.81023741,-9.58454895,-1.21586704,5.88891506,-0.81229579,3.81162953,12.72395802,1.74721408,-8.96361160,-8.47470951,7.28223801,-11.52491188,0.38294283,-11.63822460,6.02357483
1.00000000,-11.47822952,-3.78809881,-9.43542957,-1.44655252,5.93640614,-0.77054948,3.74021769,12.57925129,1.67274761,-9.07343483,-8.40787506,7.26186466,-11.60614967,0.25587609,-11.64111996,6.14577436
1.00000000,-11.45514488,-3.76804209,-9.56090450,-1.41095126,5.90492058,-0.62350672,3.79770470,12.64597988,1.80526662,-9.06235886,-8.36698055,7.24716377,-11.61975479,0.41868854,-11.71232224,6.10194826
1.00000000,-11.54600143,-3.84569407,-9.59708786,-1.20713878,5.95254898,-0.70767236,3.76818013,12.68998814,1.72108054,-9.10478210,-8.44971275,7.26065540,-11.60624886,0.13240941,-11.67489815,6.05307722
1.00000000,-11.29890251,-3.67806482,-9.50110531,-1.36670017,5.77709579,-0.60874337,3.75376630,12.63430500,1.74028444,-9.13387680,-8.41221428,7.38116932,-11.36646461,0.29788983,-11.47035599,5.92557335
1.00000000,-11.41207981,-3.77360106,-9.43369007,-1.40701354,5.84538174,-0.69257450,3.71577859,12.48175335,1.70091319,-9.04934978,-8.34367275,7.18695068,-11.43465996,0.34955668,-11.47251606,6.12615156
1.00000000,-11.46089935,-3.82566547,-9.59941292,-1.34676826,5.99961376,-0.56608129,3.87895870,12.67234135,1.88100219,-8.94442654,-8.36929035,7.23800468,-11.46832657,0.39247593,-11.56086922,6.09033394
1.00000000,-11.32399464,-3.90712357,-9.37402344,-1.43504810,5.82736778,-0.66324729,3.69980407,12.61417294,1.73641849,-9.01856613,-8.35544014,7.16728973,-11.50231552,0.34116822,-11.53653431,5.97672033
1.00000000,-11.43444061,-3.85204983,-9.48602390,-1.28627384,6.00009060,-0.67857146,3.85347390,12.74088478,1.72635531,-8.92534542,-8.48935413,7.18226433,-11.63691711,0.23681304,-11.64853859,5.97981834
1.00000000,-11.34691238,-3.89025784,-9.41801357,-1.34389961,5.94671917,-0.60265952,3.71790004,12.54556561,1.82864738,-9.08672047,-8.32351971,7.07147694,-11.52434158,0.40671799,-11.51152611,6.03410769
1.00000000,-11.61680508,-3.82874203,-9.56642914,-1.26967335,6.03782654,-0.60757887,3.81310701,12.69150162,1.73930073,-9.10000229,-8.45425320,7.29376984,-11.56043434,0.25231171,-11.56351566,6.06016493
1.00000000,-11.45900154,-3.77242994,-9.65578938,-1.37855101,6.00443268,-0.72414112,3.61178017,12.68823242,1.77977729,-9.01961422,-8.49626160,7.21983624,-11.48142624,0.35435665,-11.66919518,5.93462563
1.00000000,-11.57316494,-3.80009460,-9.48641968,-1.31948197,5.82240868,-0.72800595,3.83754039,12.70237160,1.68357992,-8.86306095,-8.34377670,7.22800446,-11.58142471,0.40068835,-11.69726276,5.92440510
1.00000000,-11.52104568,-3.86221790,-9.38545418,-1.41946971,5.91921425,-0.72913897,3.82163453,12.72693920,1.66756654,-9.04478931,-8.52641964,7.25024223,-11.52151489,0.37917978,-11.57047081,6.12044144
1.00000000,-11.43634129,-3.95645952,-9.55452919,-1.39876509,5.95270443,-0.60291541,3.87484574,12.81540394,1.96556067,-9.04353619,-8.49755383,7.30632114,-11.57142830,0.35621181,-11.57188892,6.10381699
1.00000000,-11.34537697,-3.80450583,-9.58626080,-1.44587564,5.85128593,-0.66355509,3.85512853,12.68252373,1.80131650,-9.20573139,-8.34547615,7.22301960,-11.44473457,0.41119182,-11.55158901,6.12480497
1.00000000,-11.35410786,-3.77793741,-9.56713200,-1.43266058,5.99310017,-0.65454423,3.71416306,12.58450985,1.78551006,-8.94854736,-8.33341599,7.22186947,-11.51607132,0.30181664,-11.55662918,5.93597078
1.00000000,-11.37957573,-3.72952461,-9.58046341,-1.21028304,5.83545303,-0.65037763,3.86147499,12.50788593,1.75813484,-9.10942650,-8.49180698,7.35487747,-11.60515785,0.25593707,-11.49843025,5.98450708
1.00000000,-11.63740635,-3.82113028,-9.58293629,-1.27222753,6.06672764,-0.61617595,3.91846228,12.78026199,1.85337234,-9.14332962,-8.57362270,7.16864491,-11.68493462,0.35548621,-11.77137852,6.14083862
1.00000000,-11.61822701,-3.99123621,-9.54256821,-1.27133441,5.96956253,-0.69452655,3.81660461,12.70802879,1.79897714,-8.97315216,-8.57772350,7.28580761,-11.61198235,0.28811640,-11.54671097,6.10578823
1.00000000,-11.58545303,-3.82509518,-9.38077736,-1.24512696,5.95962524,-0.78039348,3.72607064,12.48309612,1.64439297,-9.00814152,-8.69464397,7.39053631,-11.48604774,0.38074836,-11.54546547,6.04924059
1.00000000,-11.53761482,-3.72192192,-9.65821362,-1.32742405,6.05488777,-0.69896871,3.70703793,12.69300556,1.73321629,-9.07267475,-8.58541298,7.29196072,-11.50663757,0.33917060,-11.68776512,6.06120300
1.00000000,-11.77847481,-3.79538822,-9.57757950,-1.25093603,6.07549953,-0.78522217,3.82072330,12.68424129,1.73636222,-8.99457264,-8.51888657,7.25787640,-11.73342705,0.30619466,-11.79595757,6.16894960
1.00000000,-11.47243214,-3.79042006,-9.56779480,-1.27051067,6.01467228,-0.73765767,3.81851673,12.68446445,1.63923216,-9.06557751,-8.54948807,7.22459888,-11.46799850,0.29739237,-11.60432053,5.94707489
1.00000000,-11.40411472,-3.84358501,-9.43343353,-1.39570844,5.90672398,-0.74141568,3.77135158,12.59675598,1.66761780,-8.96229649,-8.49033546,7.24414158,-11.48995781,0.38863266,-11.54714203,6.02677441
1.00000000,-11.44585609,-3.83301544,-9.52540779,-1.43260789,6.00795746,-0.56742072,3.70326734,12.68591118,1.79404020,-9.02623367,-8.40493393,7.24599934,-11.63480186,0.26145786,-11.42333221,5.97789192
1.00000000,-11.39040661,-3.64433479,-9.36172962,-1.40310073,5.97134972,-0.73271257,3.76633859,12.47801495,1.76993322,-8.98370075,-8.44319916,7.24004459,-11.41176987,0.35544482,-11.63701630,6.30992603
1.00000000,-11.52638054,-3.75719309,-9.48861980,-1.29962301,5.97366810,-0.77824754,3.72788477,12.65832233,1.64736581,-8.96535110,-8.46478558,7.14885807,-11.54404831,0.38340452,-11.53332233,6.25185156
1.00000000,-11.41661453,-3.68655157,-9.35121250,-1.37470686,5.83982849,-0.72784805,3.72479677,12.56061840,1.75706911,-9.10828781,-8.33932972,7.26926136,-11.44869995,0.37464795,-11.43371582,6.11873770
1.00000000,-11.33100700,-3.76507902,-9.63922405,-1.37125134,5.87571812,-0.69550604,3.76642489,12.71416378,1.65688205,-8.96201229,-8.46494484,7.31646824,-11.60805702,0.36031872,-11.63101673,5.88594866
1.00000000,-11.49694824,-3.80301905,-9.55234623,-1.31956124,5.84979343,-0.63504124,3.80213737,12.65135098,1.71058321,-9.04678440,-8.45579720,7.39340019,-11.60125351,0.37276310,-11.58889103,6.05164099
1.00000000,-11.47704315,-3.89264822,-9.53929520,-1.33288527,5.90520954,-0.69880390,3.72507238,12.66369152,1.84287524,-9.02293301,-8.49975967,7.32108021,-11.62174797,0.30879593,-11.57775307,6.20027256
1.00000000,-11.46977139,-3.85107994,-9.41828346,-1.40403700,5.95578480,-0.78315902,3.72243023,12.51793957,1.68568444,-9.10967445,-8.42796803,7.18868542,-11.48679161,0.31397116,-11.60093784,6.19438982
1.00000000,-11.55992794,-3.70774269,-9.44745636,-1.35703206,5.98301315,-0.70021832,3.78427052,12.75381470,1.90551901,-8.95359421,-8.44225788,7.17241573,-11.55940628,0.37275076,-11.70082951,6.04303265
1.00000000,-11.64053440,-3.86363745,-9.46144962,-1.39221239,5.92598724,-0.71071213,3.69439244,12.70223141,1.87084675,-9.14120102,-8.53873825,7.24156284,-11.59818268,0.28061271,-11.59918499,6.10301971
1.00000000,-11.40210056,-3.85428953,-9.44960213,-1.34456515,6.01327324,-0.72954130,3.72123098,12.61980724,1.69512033,-9.05759716,-8.36523819,7.19329166,-11.52548027,0.35260311,-11.65577602,6.02575064
1.00000000,-11.59447193,-3.86509705,-9.50245476,-1.33302665,5.86809540,-0.59719700,3.71566224,12.64439201,1.72313309,-9.12040806,-8.55647564,7.16827869,-11.47666740,0.31119132,-11.60721207,6.08409786
1.00000000,-11.50976276,-3.72243595,-9.52115154,-1.41664946,6.02924824,-0.58983165,3.89061761,12.54045486,1.72724390,-8.91806316,-8.59676743,7.14806271,-11.43912888,0.22435565,-11.73336220,6.05532265
1.00000000,-11.67109108,-3.78162527,-9.57542515,-1.32987952,6.00722218,-0.63390082,3.93815637,12.74295712,1.82234645,-9.04444695,-8.68193054,7.40913963,-11.67266846,0.29453307,-11.57374287,6.11038685
1.00000000,-11.34877872,-3.86562777,-9.53768826,-1.31902313,5.99416256,-0.73692316,3.82836795,12.57235241,1.82836604,-9.08825111,-8.45163441,7.28350925,-11.52673531,0.43476036,-11.67498493,5.92577028
1.00000000,-11.56159019,-3.86782455,-9.56604767,-1.42506266,5.96418285,-0.59314883,3.82004476,12.56582642,1.77321482,-9.05132008,-8.38260937,7.20217896,-11.42457390,0.38332936,-11.68196583,6.14488745
1.00000000,-11.26779079,-3.85107660,-9.55113792,-1.33678961,5.93756390,-0.77364880,3.69123626,12.64529991,1.76828289,-8.93193722,-8.50837231,7.31125259,-11.61292076,0.35286087,-11.37598133,5.96337128
1.00000000,-11.52995872,-4.00814152,-9.59137440,-1.21684361,5.92260933,-0.58015627,3.80743003,12.90335846,1.90635848,-9.05343723,-8.71158504,7.38657188,-11.69852066,0.40820855,-11.59296417,6.00634527
1.00000000,-11.44536018,-3.78143692,-9.39799404,-1.32972956,5.75439739,-0.63204539,3.73073792,12.50414562,1.73560572,-9.05954075,-8.42981625,7.26075935,-11.54170418,0.34816104,-11.51617908,5.92425203
1.00000000,-11.43751526,-3.75167656,-9.61058903,-1.36498523,5.85929298,-0.78064048,3.83052778,12.59523773,1.67646980,-8.99205303,-8.45048618,7.21879959,-11.61135864,0.34326407,-11.72348499,5.87820673
1.00000000,-11.56225491,-3.78516531,-9.55369473,-1.35525608,6.00753212,-0.63193345,3.85408950,12.71223354,1.74266410,-9.16593075,-8.42052078,7.15995502,-11.50469589,0.45567292,-11.53791618,6.13319159
1.00000000,-11.31766796,-3.73923922,-9.44653702,-1.40225577,5.95051193,-0.66782218,3.69500303,12.54564857,1.68457508,-9.07034111,-8.34927940,7.23949528,-11.47890663,0.23938113,-11.47884941,6.01027298
1.00000000,-11.38226509,-3.78402376,-9.51070786,-1.38846207,5.96762848,-0.68655312,3.76254487,12.53149509,1.73716974,-9.06534386,-8.41654778,7.22025681,-11.61289978,0.30896318,-11.54231834,5.97513771
1.00000000,-11.67181969,-3.86188650,-9.59549141,-1.17708325,5.84786129,-0.57782000,3.89643621,12.71364498,2.00675726,-9.04698658,-8.45300388,7.35327435,-11.49144173,0.41212884,-11.70045662,6.03882837
1.00000000,-11.47140884,-3.86221027,-9.42592049,-1.25686467,6.00944042,-0.71547556,3.72410512,12.65618610,1.61684513,-8.93719578,-8.56117535,7.26310158,-11.52933693,0.35843897,-11.57994556,6.05720997
1.00000000,-11.66998959,-3.79003477,-9.61447430,-1.25582194,5.91899681,-0.72353023,3.90744734,12.50451851,1.77721477,-9.04489517,-8.47811127,7.33185387,-11.56965256,0.38776061,-11.82507420,6.11241722
1.00000000,-11.34760571,-3.87676954,-9.50928593,-1.35559869,5.96477890,-0.68896025,3.66982532,12.61076069,1.82693648,-9.01300430,-8.47695732,7.14052582,-11.54497528,0.27281624,-11.57528019,5.89550400
1.00000000,-11.23287868,-3.79047108,-9.42890072,-1.52963400,5.87832928,-0.66908085,3.70709491,12.37106037,1.71808982,-8.97134495,-8.29148006,7.25332642,-11.47776222,0.45892274,-11.35014820,6.05833435
1.00000000,-11.47479343,-3.78326130,-9.45251369,-1.47125125,5.95636368,-0.62756127,3.64340091,12.46091557,1.62211585,-9.12886238,-8.27603722,7.16138268,-11.59663773,0.37020975,-11.52081394,6.12930965
1.00000000,-11.32107544,-4.06268835,-9.40521049,-1.32123756,5.83485603,-0.61958700,3.77043676,12.58983040,2.03131819,-9.02355576,-8.48327160,7.26731682,-11.56083870,0.34539711,-11.57629776,6.01070070
1.00000000,-11.24887466,-3.86812878,-9.46143246,-1.41080868,5.84241295,-0.60574949,3.76757860,12.38525581,1.79789448,-8.89065266,-8.46597385,7.34039402,-11.36831856,0.40638411,-11.42385674,5.96666098
1.00000000,-11.64528084,-3.82568550,-9.40713215,-1.31725526,5.78962994,-0.62757230,3.81529665,12.73289871,1.74935079,-9.03576756,-8.57842636,7.34831905,-11.57389832,0.25208533,-11.58112526,6.14383364
1.00000000,-11.47984505,-3.75168848,-9.52286816,-1.33904934,6.05283260,-0.74110937,3.72102237,12.54120541,1.74575329,-9.11589909,-8.40465450,7.19059944,-11.53267479,0.30083829,-11.55959511,6.09275866
1.00000000,-11.56891727,-3.80742693,-9.60806561,-1.27539349,5.82441330,-0.75239098,3.85094476,12.45222282,1.77972078,-9.04355526,-8.44921398,7.33900738,-11.60847282,0.31262147,-11.68102360,6.00145149
1.00000000,-11.45839500,-3.84757662,-9.64139080,-1.29630828,5.93229771,-0.63124120,3.87183237,12.78253841,1.87327433,-9.01826191,-8.52293015,7.21630955,-11.61174583,0.40188619,-11.78476906,6.01446295
1.00000000,-11.56667233,-3.83430099,-9.37034988,-1.32214499,5.94000244,-0.74784625,3.71061897,12.79103851,1.66033578,-9.03727341,-8.52002525,7.38281441,-11.67388725,0.35666335,-11.54573059,5.99591112
1.00000000,-11.58466434,-3.78033018,-9.46054173,-1.36440444,5.91015053,-0.79575962,3.75082994,12.48315620,1.75021958,-9.03781128,-8.49888897,7.22822094,-11.42217636,0.30743378,-11.67759323,6.17383385
1.00000000,-11.46052647,-3.87466717,-9.46072578,-1.43296337,5.84321308,-0.48085731,3.74166036,12.61507320,1.85348773,-8.97026825,-8.41189098,7.24758434,-11.50221062,0.36638689,-11.47043324,6.10840130
1.00000000,-11.57758999,-3.68806553,-9.60036755,-1.32445550,5.86497688,-0.60597807,3.85497904,12.78836918,1.80709672,-9.14558697,-8.36737442,7.26071835,-11.58657074,0.35783619,-11.67897320,5.84284353
1.00000000,-11.66047859,-3.82372570,-9.53277302,-1.44159007,5.90643692,-0.61883014,3.91550684,12.57192039,1.83678651,-9.09697723,-8.31766987,7.09723473,-11.50703049,0.32367650,-11.60252476,6.29617691
1.00000000,-11.86509609,-4.05436230,-9.62216854,-1.12531745,5.92956734,-0.72438115,4.07270336,12.89649487,1.95140815,-9.06193161,-8.80662537,7.60604572,-11.67298317,0.29002407,-11.66907024,6.08120775
1.00000000,-11.43714905,-3.87105227,-9.60575581,-1.37539208,5.78271866,-0.69998878,3.88262773,12.52712822,1.80019164,-9.04229450,-8.45254993,7.30146980,-11.46724510,0.43147281,-11.53081608,6.17269707
1.00000000,-11.31385803,-3.70496607,-9.31629372,-1.31223512,5.80566597,-0.54663950,3.57520437,12.45871162,1.77298307,-9.11609554,-8.33223915,7.30927563,-11.51190186,0.39608788,-11.52014446,6.06667280
1.00000000,-11.69045448,-3.80343103,-9.56050014,-1.34921813,5.85018158,-0.73907942,3.76067877,12.68770313,1.75038576,-9.16605473,-8.60954571,7.31704712,-11.52750778,0.16603810,-11.71528149,6.06279898
1.00000000,-11.49627876,-3.82238102,-9.44264698,-1.24735606,5.77158546,-0.67340070,3.75962567,12.73323345,1.69394374,-8.97234726,-8.60198307,7.23607349,-11.47406769,0.34717593,-11.55409908,5.99971962
1.00000000,-11.37060452,-3.87828827,-9.59417248,-1.39031971,5.84652042,-0.68357641,3.82402658,12.66845989,1.76183152,-9.18753815,-8.43406391,7.26326370,-11.61612701,0.36455369,-11.64175129,6.02828264
1.00000000,-11.57214165,-3.88082266,-9.62849426,-1.24956167,6.01743984,-0.69658446,3.88976026,12.76973915,1.68525553,-9.00108719,-8.55123138,7.35327053,-11.59717941,0.35898477,-11.56921196,6.09547567
1.00000000,-11.42189598,-3.90325499,-9.49061012,-1.24258077,5.94669914,-0.62087774,3.82547379,12.78069687,1.86651802,-9.11894989,-8.62761974,7.37643623,-11.58041191,0.37199461,-11.33312988,6.08084106
1.00000000,-11.47261333,-3.78190660,-9.63623238,-1.28335643,5.87844753,-0.67911518,3.80536318,12.66907692,1.69183779,-9.07676983,-8.30077839,7.16050339,-11.44254112,0.30781484,-11.76671219,5.98342371
1.00000000,-11.35258961,-3.79624748,-9.52393246,-1.43567824,6.02471352,-0.62132794,3.75518966,12.54618549,1.83323956,-9.02185154,-8.41477394,7.14465523,-11.59112167,0.21245548,-11.54098034,6.04390812
1.00000000,-11.48837376,-3.90460730,-9.57241631,-1.33246946,5.84443188,-0.64582115,3.82306218,12.84322739,1.92892241,-9.00149059,-8.54965401,7.14457893,-11.55381203,0.34306532,-11.65485573,6.05963421
1.00000000,-11.50083065,-3.82603931,-9.44602299,-1.30862236,5.73215103,-0.74421573,3.86126995,12.56665993,1.85125113,-9.06796837,-8.53803921,7.31581688,-11.55889130,0.28727505,-11.71525669,6.11952591
1.00000000,-11.39524078,-3.92191935,-9.43097973,-1.25577641,5.93966103,-0.72240829,3.67359090,12.57972431,1.74174929,-8.98228359,-8.44553852,7.20762253,-11.61935616,0.40456650,-11.58235264,5.98588228
1.00000000,-11.92662811,-3.95106697,-9.52712917,-1.18320751,5.94128895,-0.70316100,3.90373611,12.75830936,1.84955978,-9.17614079,-8.66146755,7.30207443,-11.64115524,0.35996661,-11.86132240,6.24110079
1.00000000,-11.50419140,-3.76003551,-9.33990669,-1.35328591,5.96987915,-0.62030053,3.74282742,12.58669567,1.70364070,-8.90183449,-8.43557549,7.30173016,-11.53111649,0.54200661,-11.58928108,5.99041605
1.00000000,-11.45861912,-3.84695911,-9.45029640,-1.33346343,5.83389282,-0.70797479,3.83942294,12.75746727,1.74737811,-8.95329475,-8.65632248,7.32227230,-11.54334259,0.29712200,-11.59715557,6.10258579
1.00000000,-11.68789291,-3.97176456,-9.64749622,-1.29133010,6.04212761,-0.72237802,3.77638364,12.92080402,1.98395181,-8.94769001,-8.62256145,7.33772373,-11.62834930,0.48947567,-11.60225964,6.08113384
1.00000000,-11.60646725,-3.80214930,-9.58110905,-1.18774271,5.99573803,-0.66189772,3.89064622,12.71168137,1.81199241,-8.90542889,-8.47647667,7.24802017,-11.61291313,0.27452073,-11.74051762,6.11225271
1.00000000,-11.43673611,-3.79619884,-9.41353512,-1.45504498,5.92159557,-0.67866558,3.67745256,12.47916031,1.56330109,-9.09978199,-8.41884041,7.29969788,-11.51155090,0.35238901,-11.54146194,6.05650282
1.00000000,-11.44725132,-3.84907103,-9.50877285,-1.37250948,5.82474613,-0.58743846,3.81778979,12.74247265,1.79155135,-9.02491283,-8.44464111,7.21146297,-11.53114891,0.32515323,-11.55762482,6.12147045
1.00000000,-11.59996414,-3.91476965,-9.40967178,-1.35687578,6.01084042,-0.61015350,3.79138088,12.77373981,1.83267903,-8.95445347,-8.53213024,7.14597321,-11.56454468,0.41612732,-11.71684361,6.13579321
1.00000000,-11.48108292,-3.83364582,-9.42071342,-1.40175629,5.94260883,-0.61991417,3.85585308,12.61744404,1.86360431,-9.09002018,-8.39397621,7.21569920,-11.63568878,0.38742107,-11.48501968,6.09734154
1.00000000,-11.40628624,-3.85756874,-9.50986767,-1.39432478,5.89798641,-0.68486482,3.72420788,12.68130016,1.81162786,-9.06060696,-8.45840359,7.25660992,-11.51529312,0.37194055,-11.51782131,6.09412432
1.00000000,-11.62775517,-3.78314161,-9.64671707,-1.23000479,6.00977135,-0.83366984,3.83151221,12.73049068,1.79714823,-9.13405418,-8.58313370,7.29470539,-11.52185249,0.22781214,-11.68320465,5.97463369
1.00000000,-11.57028008,-3.86447477,-9.63259029,-1.21470821,5.94004822,-0.77703792,3.88532734,12.75552177,1.72510242,-9.04239464,-8.49954605,7.11496830,-11.61896515,0.31504697,-11.66230965,5.99954891
1.00000000,-11.56859493,-3.80103636,-9.50808048,-1.42163193,5.91629601,-0.77838761,3.77189112,12.74805546,1.77694654,-9.09224319,-8.38997364,7.17981052,-11.61152458,0.30945826,-11.57888126,6.03190041
1.00000000,-11.38298035,-3.84618425,-9.59707928,-1.36534178,5.97122097,-0.67264694,3.79451585,12.58086967,1.65296793,-9.08744621,-8.41360188,7.27896023,-11.52396202,0.30210412,-11.39079762,5.98107910
1.00000000,-11.59920025,-3.89410448,-9.64279652,-1.18107557,6.00384140,-0.62650430,4.01812220,12.73848057,1.83141518,-9.15592861,-8.56468773,7.34912777,-11.61054039,0.40225959,-11.74377155,6.00437927
1.00000000,-11.42678547,-3.81544685,-9.44190788,-1.37222731,5.84231853,-0.58370221,3.77541161,12.64345455,1.72307420,-9.04908180,-8.36227322,7.28013802,-11.73669434,0.35006267,-11.43902588,5.93880320
1.00000000,-11.30303764,-3.75435066,-9.46314526,-1.41608262,5.74478149,-0.78220540,3.66892505,12.29994392,1.70728660,-9.08723736,-8.41145229,7.22619057,-11.59930229,0.30702424,-11.37690926,5.98633957
1.00000000,-11.66182995,-3.98164415,-9.42941380,-1.15250778,5.97752476,-0.59809887,4.03799534,12.86546230,1.83002520,-9.08837414,-8.52954292,7.27763939,-11.65823174,0.42770836,-11.71716690,5.96996212
1.00000000,-11.34770489,-3.76144648,-9.51605415,-1.37667084,6.01083755,-0.60123366,3.81074905,12.45924854,1.75235295,-9.00213528,-8.32612896,7.23013210,-11.50873375,0.36706069,-11.56341648,6.13396168
1.00000000,-11.70186901,-3.85414171,-9.45863533,-1.23528671,5.80948257,-0.67157477,3.80256939,12.63995934,1.74113011,-9.17206287,-8.59540272,7.31936455,-11.63801956,0.39729795,-11.75640965,6.12638664
1.00000000,-11.47101021,-3.74278927,-9.45606232,-1.41705930,5.85516644,-0.76770759,3.80141020,12.52626133,1.72323847,-9.04366207,-8.51552677,7.27146435,-11.52930260,0.42052725,-11.55185604,6.02817965
1.00000000,-11.47473240,-3.89722824,-9.51199436,-1.30914712,5.83013535,-0.63624412,3.69677997,12.67562199,1.85874295,-8.85733032,-8.55116272,7.20579338,-11.48164940,0.33802056,-11.56189632,6.07943058
1.00000000,-11.49990273,-3.83932018,-9.49790382,-1.38874984,5.80944824,-0.55040067,3.78404140,12.60764122,1.80087686,-8.94663620,-8.49010563,7.32750416,-11.55830383,0.38114685,-11.55472088,6.03988266
1.00000000,-11.46092319,-3.86757851,-9.38854408,-1.30681074,5.96043110,-0.76685858,3.76109672,12.64597797,1.77506161,-9.07639122,-8.47577286,7.26889420,-11.50832939,0.41734475,-11.53426743,6.08351374
1.00000000,-11.60441589,-3.95494270,-9.69279766,-1.33669722,5.87056160,-0.74328369,3.95044374,12.77823353,1.79148674,-9.02089024,-8.45765400,7.37350750,-11.61237717,0.45116836,-11.57703686,6.00496578
2.00000000,-12.62211418,-3.81421852,-10.42136669,-0.21710804,6.04590416,-0.72066122,4.20819569,14.22251225,2.22406673,-9.21881962,-9.37452793,7.50652504,-11.78826904,0.16820696,-12.56474495,6.39940786
2.00000000,-12.78957176,-3.73604584,-10.59863186,-0.24228582,6.00047112,-0.90918821,4.80262041,14.33117390,2.03797245,-8.88861084,-9.82085323,7.65296650,-11.73629570,0.09926803,-12.40968990,5.91919231
2.00000000,-12.22341919,-3.62743473,-10.55900097,-0.41602159,5.95621490,-0.82373595,4.38546467,13.79663849,2.24705315,-8.96671581,-9.46788692,7.47963333,-11.49674034,0.49184227,-12.16844845,6.22402573
2.00000000,-12.37773800,-3.95506573,-10.28569508,-0.67102689,5.99192524,-0.52351427,4.34154034,13.93435478,2.37888288,-9.26118755,-9.42500782,7.47637558,-11.79718208,0.62382829,-12.25791264,6.53151321
2.00000000,-12.53743553,-3.63567495,-10.47222328,-0.47626203,6.02182674,-0.70004588,4.43695736,13.92518997,2.31716681,-9.07583904,-9.48571777,7.61658192,-11.45282173,0.27345008,-12.40590096,6.23886585
2.00000000,-12.59268856,-3.55903053,-10.64474010,-0.42145473,5.91238117,-0.89210075,4.18776512,13.73452568,2.46136570,-9.07693005,-9.40720844,7.50174618,-11.70216751,0.17137006,-12.41842747,6.45371389
2.00000000,-12.68975735,-3.70175934,-10.45935345,0.05101520,6.15245533,-1.01684952,4.91926575,14.55623817,1.96828079,-8.71301079,-9.82157230,7.45932674,-11.78312492,0.13219646,-12.55248451,6.23470736
2.00000000,-12.51749516,-3.43019056,-10.73827648,-0.76380026,6.16795826,-0.61746889,4.32532024,13.57104588,2.29919267,-8.95395279,-9.45701599,7.39503956,-11.65824318,0.44857156,-12.25749397,6.44191647
2.00000000,-12.53247643,-3.75439501,-10.54897308,-0.52831882,6.17275333,-0.83769727,4.56422424,14.30571747,2.40012813,-9.12068939,-9.71648788,7.37727451,-11.50654984,0.56264687,-12.38388252,6.60974979
2.00000000,-12.27036858,-3.78838778,-10.42658901,-0.58348030,5.90128803,-0.58401889,4.34928131,13.48545933,2.21244717,-9.14814758,-9.43126297,7.44127560,-11.69331360,0.26001203,-11.89459419,6.31915045
2.00000000,-12.47887707,-3.71285915,-10.51912022,-0.47907311,6.13262081,-0.85908622,4.67338467,14.21003246,2.29375744,-8.89371586,-9.54860973,7.40234089,-11.64154243,0.22300199,-12.37356949,6.25858879
2.00000000,-12.91771793,-3.72486162,-10.63544369,-0.26377273,6.22763824,-0.58484292,5.05603409,14.12248039,2.22968054,-9.17362118,-9.82876301,7.46569920,-11.87918282,0.37159652,-12.61296272,6.34041595
2.00000000,-12.55950546,-3.81655312,-10.57866764,-0.46533006,5.98030376,-0.92264616,4.51617241,14.04552746,2.40454865,-8.88692570,-9.66070080,7.50594330,-11.50196838,0.22615089,-12.26466179,6.37799549
2.00000000,-12.38859653,-3.90167284,-10.67184734,-0.47977641,6.08603668,-0.69998044,4.16162968,13.70553398,2.18356180,-9.17779636,-9.48702526,7.36319351,-11.62372398,0.21239477,-12.17286682,6.39375067
2.00000000,-12.37773705,-4.00341606,-10.31522465,-0.33718440,6.18742752,-0.47852457,4.20037460,14.22071075,2.11810184,-9.28111267,-9.54883862,7.44804096,-11.63990974,0.44580778,-12.16651917,6.36963844
2.00000000,-12.82891369,-3.82330990,-10.71169853,-0.72781485,5.77032948,-0.53190351,4.56295919,13.93177795,2.35051608,-9.04432869,-9.50127602,7.70622253,-11.53555489,0.26069790,-12.30074787,6.13862371
2.00000000,-12.97192669,-3.91049385,-10.62535763,-0.01956409,6.05926228,-0.87903625,4.67858028,14.29650593,2.29670167,-8.89572811,-9.67597580,7.31291199,-11.53793335,0.24072140,-12.35299110,6.25468588
2.00000000,-12.42686272,-4.18023348,-10.41810989,-0.69696891,5.78289700,-0.41723949,4.27025318,14.10354710,2.49035954,-9.22503376,-9.62710762,7.52919674,-11.58632660,0.46392921,-11.95455647,6.47311640
2.00000000,-12.37873459,-3.81675577,-10.59998798,-0.38263604,6.06775188,-0.69696438,4.32027626,13.85649109,2.11931682,-9.16926384,-9.21220684,7.45379257,-11.45866585,0.17735776,-12.30859375,6.25233030
2.00000000,-12.65579510,-3.67781067,-10.34272480,-0.17975450,6.01393032,-1.00063467,4.56735468,14.12378788,1.76403570,-8.82312489,-9.78112888,7.59822083,-11.87658691,0.28463861,-12.28368568,6.08893538
2.00000000,-12.35534668,-3.78998041,-10.32359600,-0.85945576,5.86629581,-0.62360579,4.10763073,13.57712364,2.29287195,-9.13370609,-9.21617413,7.35519505,-11.36362648,0.43112770,-11.95298672,6.15640640
2.00000000,-12.82006645,-3.67183352,-10.50791836,-0.08515811,6.13090801,-0.76598692,4.72234964,14.13776016,2.17403531,-8.83337498,-9.93626404,7.58292961,-11.74244881,0.25245440,-12.40308952,6.34715748
2.00000000,-12.35203171,-3.88188553,-10.41998768,-0.55196333,5.84262562,-0.67162931,4.06810093,13.78069782,2.00273514,-9.23953533,-9.36742401,7.45544338,-11.45534134,0.04102378,-12.10521507,6.28832912
2.00000000,-12.52896214,-3.67507172,-10.23823452,-0.71278256,6.00966644,-0.63967764,4.37122726,13.87074947,2.42995644,-9.17967319,-9.79821777,7.60847759,-11.33086395,0.16640905,-12.07612801,6.40444374
2.00000000,-12.11827374,-3.62139225,-10.28171158,-1.04356098,5.94456959,-0.62713730,4.00041056,13.46808147,2.18907762,-8.96471310,-9.27116680,7.31735802,-11.30630112,0.42054072,-11.88456345,6.21567297
2.00000000,-12.72068787,-4.06667042,-10.36895275,-0.29025167,5.69852257,-0.56868494,4.30065632,14.03194714,2.36736131,-8.89842510,-9.50064659,7.51124954,-11.60820770,0.14214148,-12.31934357,6.50651264
2.00000000,-12.81070042,-3.82963896,-10.58416843,-0.38995430,6.15527916,-0.51098591,4.39413738,13.98341942,2.18489170,-9.06217384,-9.55097198,7.38605690,-11.80511284,0.29970855,-12.50713539,6.44455004
2.00000000,-12.61569691,-3.78143835,-10.47023678,-0.50926751,5.94603443,-0.67103517,4.36104012,14.03330135,2.18724155,-9.29844189,-9.75348186,7.54486752,-11.41735840,0.62236619,-12.24550343,6.53828096
2.00000000,-12.27147007,-4.15028381,-10.49213409,-0.76852793,5.95113087,-0.64091128,4.08339310,13.74446011,2.27940774,-8.83214474,-9.29033089,7.44493771,-11.50390053,0.29392046,-12.13315582,6.32709026
2.00000000,-12.68703938,-3.58749390,-10.76065254,-0.28423730,5.76214218,-0.82610542,4.44793987,14.03089714,2.45846534,-9.17858982,-9.81062698,7.69538593,-11.51773834,0.26654029,-12.33444786,6.42571402
2.00000000,-12.77584743,-3.70540380,-10.35772800,-0.57713425,5.99558640,-0.77593118,4.31458759,14.04106998,2.17536545,-9.07405663,-9.51190472,7.44879246,-11.44116020,0.28329119,-12.29790401,6.66242647
2.00000000,-12.67141914,-3.85996485,-10.54794216,-0.61961180,6.15610027,-0.55009687,4.76507616,14.26466942,2.38343334,-9.28212547,-9.56843376,7.48114681,-11.70621681,0.41908124,-12.37133789,6.56852818
2.00000000,-12.87068367,-3.77943468,-10.64578247,-0.15442288,6.24106121,-0.69548082,4.84692907,14.48699379,2.21095228,-8.88123894,-10.03061485,7.29411030,-11.61774826,0.26548192,-12.28487110,6.20767307
2.00000000,-12.29987049,-3.86291027,-10.34001923,-0.53460306,6.15328789,-0.70538545,4.30940008,13.96145535,2.19880867,-9.25803566,-9.38296413,7.15566349,-11.50334167,0.42157611,-12.46986675,6.35285807
2.00000000,-12.78752518,-3.85145903,-10.56452751,-0.77518445,5.81469440,-0.49982750,4.49123192,13.88837147,2.43356323,-9.07392979,-9.36474323,7.57741833,-11.58673668,0.17011280,-12.07395172,6.32354116
2.00000000,-12.87786388,-3.87285280,-10.53950405,-0.33517477,6.43284512,-0.75781900,4.63202429,13.97679901,2.28966832,-9.12241077,-9.58316708,7.37808514,-11.54039192,0.29770344,-12.48911095,6.67961740
2.00000000,-12.45173359,-4.03416109,-10.59805679,-0.19998497,6.14169979,-0.76196909,4.37918568,14.11580372,2.39747834,-8.96227264,-9.64226723,7.40220165,-11.75787544,0.37144819,-12.14830875,6.29236650
2.00000000,-12.86363888,-3.73629141,-10.41929531,-0.10243577,6.24950886,-0.89853096,4.93029356,14.32169533,2.23277164,-8.98113632,-9.92346573,7.57000732,-11.59217072,0.31109595,-12.49918270,6.47864866
2.00000000,-12.68525028,-3.74785614,-10.79933357,-0.21076125,6.17333412,-0.72657216,4.50782776,14.60933971,2.15668201,-8.95890999,-10.04431820,7.44057178,-11.89794922,0.24490637,-12.31502056,6.39846706
2.00000000,-12.58113194,-3.84982300,-10.63130951,-0.38493255,6.10594749,-0.64793181,4.46536112,14.26569176,2.19519925,-9.17516232,-9.80633354,7.38582516,-11.57499123,0.35169166,-12.45145035,6.55502033
2.00000000,-12.62943554,-3.72578239,-10.82083511,-0.05162692,6.08577538,-0.91067749,4.75742435,14.31501102,2.19618058,-8.91431141,-9.63070297,7.45301533,-11.56029129,0.17543915,-12.47659969,6.25088263
2.00000000,-12.58821106,-3.94397783,-10.58150768,-0.31072909,6.03788948,-0.73487687,4.83531094,14.23000050,2.21134973,-9.07803059,-9.78466797,7.20609856,-11.73731613,0.29893595,-12.28203487,6.41576433
2.00000000,-12.57608032,-3.91386557,-10.21897125,-0.61603600,5.91572857,-0.59679770,4.33369446,13.76008224,2.09245276,-9.13927841,-9.52049637,7.41530323,-11.79670525,0.10189378,-12.48250961,6.45996189
2.00000000,-12.85099411,-3.80977106,-10.34073925,-0.07659769,6.13150883,-0.75269955,4.75891304,14.41029358,2.17277646,-9.08711052,-9.70703602,7.90385818,-11.81868362,0.50038409,-12.50776100,6.33418703
2.00000000,-12.93237019,-4.04028893,-10.52534771,-0.40936208,5.85800743,-0.62018079,4.36342430,14.21702099,2.51619887,-8.97775078,-9.91544914,7.82549858,-11.38356972,0.18691695,-12.44085312,6.68673182
2.00000000,-12.39261436,-3.67585754,-10.24817944,-0.68826663,6.12001419,-0.52839160,4.49084282,13.93688011,2.15770841,-8.96739769,-9.80091381,7.63466644,-11.64429474,0.06452607,-12.21022415,6.28855705
2.00000000,-12.65997887,-3.88052464,-10.58437538,-0.35033685,6.19859600,-0.58670318,4.74057293,14.28092289,2.31841564,-9.06317997,-9.57389450,7.39563751,-11.37932587,0.57260776,-12.34459686,6.43583345
2.00000000,-13.03445816,-3.72341967,-10.63613892,-0.47737157,5.71782017,-0.63088596,4.67774963,14.17588615,2.46318746,-9.28352547,-9.72764874,7.31171131,-11.36062050,0.27194759,-12.29677582,6.43605042
2.00000000,-12.70313549,-3.75948477,-10.73256969,-0.10631907,6.07571888,-0.62151110,4.55584431,14.06476307,2.21935344,-9.43233395,-9.62181568,7.47754765,-11.55408287,0.11226732,-12.47469521,6.32590485
2.00000000,-12.52433109,-4.00790024,-10.48523712,-0.84309566,6.17302704,-0.84654564,4.18523026,13.73673916,2.36179662,-8.80223656,-9.50381565,7.31763935,-11.55972290,0.26297385,-11.96714687,6.48072672
2.00000000,-12.38104248,-3.70380020,-10.31059361,-0.83263290,6.13982773,-0.65512806,4.29931974,13.75394249,2.23795152,-8.92462826,-9.39165974,7.35325813,-11.53413773,0.53720093,-12.30262852,6.13514042
2.00000000,-12.65220070,-3.76711082,-10.47634792,-0.37469360,6.29109478,-0.59796166,4.38609648,14.39780140,2.31791806,-9.21979427,-9.65977955,7.06837368,-11.73806190,0.27205604,-12.38193798,6.57022429
2.00000000,-12.71598339,-4.02259874,-10.49561024,-0.30365568,6.21041298,-0.86057997,4.28552055,13.99616146,2.21881819,-9.17149162,-9.65682983,7.76422310,-11.46450806,0.30748609,-12.52457428,6.56107903
2.00000000,-12.15378284,-4.05626345,-10.39599037,-0.51357192,6.29754353,-0.56071317,4.04282093,13.75605583,2.34830642,-9.25176716,-9.35597229,7.27840424,-11.78189659,0.39432997,-12.02816868,6.42588615
2.00000000,-12.25989914,-3.65006828,-10.18644428,-0.78649616,6.28857994,-0.56886899,4.30395222,13.75306225,2.15775108,-8.93729115,-9.58424091,7.45109844,-11.43960953,0.18074800,-12.33335495,6.18565178
2.00000000,-12.66850185,-3.85255146,-10.67455578,-0.56923825,5.65286827,-0.55109417,4.55296278,14.11529064,2.33857274,-8.81894207,-9.48628807,7.43031311,-11.54070282,0.07244755,-12.25508404,6.33691120
2.00000000,-12.71010590,-3.83651590,-10.49583054,-0.77053660,5.64061451,-0.37832496,4.45606613,14.10744667,2.52754378,-9.24572468,-9.66123199,7.49829865,-11.35455132,0.37418976,-12.14115047,6.37677050
2.00000000,-12.17613029,-4.09888935,-10.19612026,-0.71334863,6.28487015,-0.45993084,4.10056305,13.85286522,2.22228527,-9.18463135,-9.44350338,7.24237919,-11.84848595,0.50954711,-12.15188789,6.36637545
2.00000000,-12.46503448,-3.78427649,-10.82638645,-0.12913680,6.27729321,-0.90631282,4.81922007,14.21692753,2.10442066,-9.01603413,-9.96460342,7.51139164,-11.49263954,0.15529458,-12.15764427,6.15417385
2.00000000,-12.67167664,-3.85706663,-10.23926830,-0.60547984,6.12857437,-0.75084436,4.41931725,13.70511436,2.23053789,-8.91112232,-9.61436081,7.36163998,-11.77072144,-0.04921536,-12.30187702,6.44478941
2.00000000,-12.73167419,-4.08992577,-10.54307556,-0.37948060,6.24164867,-0.61962199,4.71479559,14.54432011,2.38742590,-9.18177509,-9.97607708,7.41089725,-11.51613045,0.26348957,-12.19794464,6.46163177
2.00000000,-12.34649944,-3.94605064,-10.59722614,-0.58035350,5.92219830,-0.62584335,4.47340202,13.80879498,2.19849753,-9.13709641,-9.38072872,7.61120796,-11.73435974,0.62870240,-12.32978916,6.26350260
2.00000000,-12.35893154,-3.59099293,-10.35381126,-0.68782014,6.08100414,-0.74885321,4.37435102,13.68969154,2.31145644,-8.76907063,-9.52155495,7.43554783,-11.64958763,0.03683034,-12.02999592,6.34177351
2.00000000,-12.35011101,-3.79173231,-10.42747211,-0.45386627,6.09141636,-0.47669876,4.48633242,13.88597965,2.27292442,-9.14026833,-9.49600124,7.48746204,-11.74129677,0.34739429,-12.04053116,6.42632484
2.00000000,-12.79178619,-3.87926292,-10.58345890,-0.06556082,6.10363483,-0.84954166,4.64973783,14.38939953,2.20593333,-8.97844982,-9.82948303,7.70345497,-11.74096680,0.16212988,-12.54041767,6.06914520
2.00000000,-12.68182373,-3.79405785,-10.59757900,-0.39005154,6.19096470,-0.73410797,4.32483864,13.96105099,2.20864034,-9.22692204,-9.54205894,7.32540703,-11.92786789,0.33074427,-12.42307281,6.38054943
2.00000000,-12.91885853,-3.92916775,-10.42754841,-0.52107668,5.72927570,-0.67024046,4.35456944,14.08567047,2.25532818,-9.13825417,-9.51948929,7.53707409,-11.82696724,-0.05928215,-12.33562279,6.33863449
2.00000000,-12.42739105,-3.72862625,-10.25327206,-0.89339399,6.20189476,-0.43203473,4.41596794,13.84947300,2.33907008,-8.95940399,-9.62417126,7.57124329,-11.53811455,0.15708598,-12.27462578,6.28206062
2.00000000,-12.70019436,-3.86161470,-10.53296375,-0.53113198,5.88213730,-0.83338767,4.63805485,14.28164864,2.35724115,-9.14166164,-9.82410908,7.61361313,-11.76017570,0.20061207,-12.25429916,6.22947788
2.00000000,-12.54376125,-3.78086996,-10.63604164,-0.55779010,6.08927917,-0.95049500,4.24014473,13.69237804,2.23234940,-9.02910805,-9.55313873,7.77030373,-11.56670380,0.21059117,-12.38170147,6.50676060
2.00000000,-12.45626068,-3.82445526,-10.58914566,-0.56397569,5.50280666,-0.45319635,4.25809002,13.86320019,2.44584227,-9.07274151,-9.52009487,7.54677582,-11.42349815,0.31525993,-12.14038372,6.09693718
2.00000000,-12.63134384,-3.78942490,-10.45516777,-0.34595966,5.80928993,-0.49944091,4.44515324,14.20123386,2.35791516,-9.29654789,-9.55720139,7.59186172,-11.44293022,0.24976809,-12.26474476,6.48305655
2.00000000,-12.58036709,-3.64148951,-10.71102715,-0.55526161,5.87913322,-0.71632445,4.44173431,13.97598934,2.29327941,-9.05228424,-9.71642399,7.40159512,-11.72886086,0.28097227,-12.46361732,6.07921743
2.00000000,-12.27506542,-3.88926172,-10.27782440,-0.83111918,6.00302029,-0.68582731,4.42531490,13.66673374,2.38369203,-8.95434189,-9.51087570,7.64555645,-11.42006874,0.17947865,-12.31093884,6.45043707
2.00000000,-12.35694885,-3.61789322,-10.55683804,-0.90142149,5.99838257,-0.94993210,4.27547503,13.57407761,2.30639625,-8.82001209,-9.38991547,7.33798885,-11.40107918,0.11506213,-12.28337765,6.44554281
2.00000000,-12.18170452,-4.12980938,-10.57183647,-0.84361935,6.05728531,-0.52975690,4.19451618,13.72833824,2.26787138,-8.90418243,-9.39826298,7.37051201,-11.58249664,0.36115426,-12.10206699,6.35144043
2.00000000,-12.81597519,-3.99039173,-10.66946602,-0.21304405,5.92010403,-0.62547570,4.59704638,14.41094780,2.48207974,-9.08116055,-9.81048870,7.70319462,-11.77577209,0.44394132,-12.46570110,6.31718636
2.00000000,-12.62379742,-3.79118156,-10.65334702,-0.23427969,6.00103378,-0.67390984,4.83150530,14.59428501,2.21264529,-8.85013962,-10.07189655,7.50543499,-11.57810783,0.25760999,-12.29796982,6.36542225
2.00000000,-12.94586945,-3.77648401,-10.32592392,-0.63655788,5.87811375,-0.48156708,4.27930927,13.98749065,2.29418254,-9.25808430,-9.41567516,7.33503342,-11.30756569,0.34988481,-12.39837265,6.63345861
2.00000000,-12.06887245,-3.67726851,-10.34225082,-0.73768938,6.09436417,-0.65063655,4.22704983,13.58843040,2.22314215,-8.91623402,-9.41357613,7.36078262,-11.54982758,0.30586657,-12.05220985,6.38732004
2.00000000,-12.62629986,-3.69770861,-10.53184414,-0.34364289,6.26130009,-1.04849732,4.73739624,14.23083401,2.16400957,-8.79242039,-9.75909710,7.22640133,-11.74019623,0.41352758,-12.30070305,6.20314980
2.00000000,-12.90871525,-3.76171446,-10.56115055,-0.36387572,5.88508224,-0.64938378,4.95099354,14.43856335,2.36095881,-9.02768898,-9.93237209,7.47345829,-11.74656868,0.34864035,-12.20442200,6.44533300
2.00000000,-12.67387867,-3.96977949,-10.68144512,-0.21600184,6.15356922,-0.65450990,4.42178106,14.29091072,2.31828475,-8.98643208,-9.59527111,7.30485821,-11.48818588,0.29529521,-12.23551655,6.42745495
2.00000000,-12.21947861,-3.67720938,-10.57601452,-0.77912122,5.86895561,-0.56742156,4.54066753,14.22362804,2.27361727,-8.99937248,-9.72462749,7.66056156,-11.61710358,0.44196555,-12.10433674,6.19435883
2.00000000,-12.65548229,-3.78579807,-10.32164669,-0.70419383,6.33725166,-0.82165474,4.26062489,13.71097755,2.33743024,-8.72081375,-9.39658928,7.44753075,-11.61027527,0.11723927,-12.37306595,6.48336983
2.00000000,-12.55263996,-3.83708239,-10.48690319,-0.46426809,5.81560421,-0.59164739,4.58759737,14.22509480,2.23722863,-8.99073124,-9.73724079,7.61976147,-11.72587395,0.15518630,-12.42458344,6.33716631
2.00000000,-12.72835350,-3.78142405,-10.80678368,-0.68918455,6.13202381,-0.63605583,4.64431095,14.12552929,2.44403934,-9.02180290,-9.78774548,7.46415710,-11.67000008,0.42165577,-12.47078133,6.23450661
2.00000000,-12.44059372,-3.48096085,-10.50258732,-0.38184527,6.12848949,-0.83043534,4.20939684,13.80571842,2.14191604,-9.08056164,-9.58266640,7.48870468,-11.44996071,0.03099650,-12.31151772,6.19557428
2.00000000,-12.55977249,-3.79057646,-10.64963055,-0.18924075,5.77258873,-0.72491312,4.53460789,14.02937603,2.23392582,-9.18537426,-9.64245605,7.57269096,-11.49511909,0.39165390,-12.22259712,6.21752119
2.00000000,-12.59877396,-3.78166533,-10.67701626,-0.31250444,6.01472282,-0.74810612,4.64921427,14.36818790,2.45604587,-9.07673359,-9.88503551,7.50969219,-11.61644173,0.40257192,-12.55127525,6.47881556
2.00000000,-12.37475872,-4.15999317,-10.57690334,-0.19771135,6.35253716,-0.75112587,4.29097939,14.15058517,2.35046625,-9.08611012,-9.54096413,7.22641373,-11.72804451,0.44622660,-12.30607033,6.38573647
2.00000000,-12.55139828,-3.69697475,-10.69569397,-0.45924199,6.02629662,-0.70128280,4.67396069,14.14691257,2.50055480,-9.22998619,-9.48816395,7.45866394,-11.48660469,0.50262403,-12.49745083,6.43916225
2.00000000,-12.67361927,-3.79771137,-10.31778145,-0.78518951,5.81879711,-0.80825657,4.54980469,13.85307503,2.10487318,-9.13708115,-9.71495914,7.38401222,-11.52342606,0.50767970,-11.81864452,6.32489300
2.00000000,-12.74597836,-3.90568972,-10.27454662,-0.34072486,6.10528088,-0.81095481,4.68387938,14.06609154,2.07699394,-9.14089489,-9.54552460,7.53703690,-11.85256004,0.28538257,-12.23086643,6.36251354
2.00000000,-12.38769722,-3.76211309,-10.49014759,-0.58025944,5.96812248,-0.54770458,4.32154417,13.82854366,2.21886826,-9.13887119,-9.52444649,7.59676170,-11.53763008,0.70310640,-11.99337196,6.35307407
2.00000000,-12.64457130,-3.79093599,-10.36981487,-0.71909261,5.83539104,-0.33780476,4.26137590,13.89820576,2.47315907,-9.10216141,-9.50141716,7.34036922,-11.56904793,0.28169090,-12.37038898,6.60174227
2.00000000,-12.66324139,-3.75719213,-10.60306168,-0.34880301,5.91116619,-0.60060275,4.09595728,14.16351795,2.24692702,-9.21547031,-9.64110088,7.88083363,-11.42491341,0.35584325,-12.37243176,6.32943439
2.00000000,-12.47118759,-3.90631723,-10.80027103,-0.17119926,6.11433411,-0.86013007,4.57274961,13.92634773,2.17342472,-8.95003414,-9.75910568,7.35950661,-11.52772903,0.36391497,-12.38403606,5.99733114
2.00000000,-12.16805840,-3.68374777,-10.38212013,-0.72594172,6.07368469,-0.46769059,4.32759953,13.67121983,2.34203839,-9.11822128,-9.36841583,7.40542793,-11.41157532,0.26560581,-11.94485378,6.11549950
2.00000000,-12.79439449,-3.70665979,-10.56168652,0.02892095,5.93114376,-0.99448919,4.79517841,14.32235909,2.22108197,-8.87654018,-9.99463272,7.58972549,-11.85103226,0.11174807,-12.31447029,6.13576317
2.00000000,-12.58434868,-3.82896614,-10.60031223,-0.24561086,6.11936569,-0.73836958,4.71969175,14.19699955,2.12120342,-8.77963924,-9.84042549,7.38687325,-11.65951347,-0.05359823,-12.33951759,6.16821146
2.00000000,-12.39831257,-4.05592585,-10.32627678,-0.46726412,5.96628761,-0.38841119,4.65099430,13.96370602,2.26979160,-9.08840084,-9.47093868,7.48695087,-11.76163101,0.29143587,-12.40431690,6.21065807
2.00000000,-13.01453209,-3.73558950,-10.35555935,-0.37842217,6.09249496,-0.47053450,4.50171757,14.31803989,2.40437889,-9.04475117,-9.65005970,7.74000072,-11.53457832,0.15853462,-12.59248447,6.54450655
2.00000000,-12.37381649,-3.56906366,-10.45748520,-0.52156746,5.99449158,-0.64056206,4.56546307,14.27659512,1.98174238,-9.11948776,-9.85777187,7.72027206,-11.60357857,0.28473389,-12.17236710,6.05532503
2.00000000,-12.39353466,-3.95311832,-10.55556679,-0.52650827,6.27630329,-0.83229131,4.22154140,14.07492256,2.40125394,-9.36921787,-9.49581718,7.17861176,-11.67220116,0.18293464,-12.28163147,6.55447435
2.00000000,-12.33922863,-3.69346619,-10.54690456,-0.73682457,5.89062977,-0.61444885,4.30988407,13.76977730,2.25843120,-8.90939903,-9.26316738,7.40694809,-11.59156227,0.16583169,-12.40113068,6.44307566
2.00000000,-12.93565178,-3.94071817,-10.47729492,-0.39021742,6.02980900,-0.89030617,4.35455513,14.25395966,2.04289341,-9.00137520,-9.61966324,7.40223598,-11.69606972,0.25238809,-12.22517872,6.24717522
2.00000000,-12.50138760,-3.94141626,-10.57380676,-0.54744893,6.19131184,-0.72176826,4.40868855,13.68027687,2.30098438,-9.16543198,-9.56273937,7.43377304,-11.45387650,0.45160994,-12.20105839,6.24667883
2.00000000,-12.74347401,-3.77745867,-10.52793121,-0.61023897,5.67282009,-0.64751881,4.30634928,14.10921288,2.09802341,-8.95148373,-9.58407974,7.69039917,-11.59017563,0.18625003,-12.28161049,6.39144373
2.00000000,-12.33251095,-3.89534044,-10.31689930,-0.25703245,6.16651535,-0.77805704,4.54239368,14.06840801,2.09446740,-8.86525154,-9.73464489,7.69440079,-11.80340576,0.39866051,-12.16782284,6.12595844
2.00000000,-12.86741543,-3.79637003,-10.52401733,-0.29214197,6.15011597,-0.90366185,4.88618898,14.28427124,2.09182167,-9.09743500,-9.84730339,7.47114372,-11.68062210,0.33279157,-12.39019585,6.32226610
2.00000000,-12.88737488,-3.98796940,-10.50964546,-0.24314561,5.54454708,-1.05290353,4.61508894,14.40545845,2.29298472,-8.91745377,-9.69980145,7.48477554,-11.75248909,0.38512233,-12.37403297,6.39945745
2.00000000,-12.54224205,-3.73808908,-10.66449261,-0.22033259,5.76012611,-0.83203971,4.63172674,14.09859276,2.15524530,-8.76358891,-9.49678040,7.38595486,-11.31193924,0.14118811,-12.34795570,6.34148359
2.00000000,-12.73623753,-3.83004904,-10.42210293,-0.62493485,5.94455242,-0.49255174,4.62129641,14.08331013,2.26756120,-9.14793015,-9.71586704,7.85304642,-11.44159126,0.23557329,-12.30534554,6.57896948
2.00000000,-12.59431362,-4.01611137,-10.40972424,-0.57979274,6.05175400,-0.56868953,4.24984741,14.08603477,2.43547225,-9.24093819,-9.51952744,7.62639904,-11.61648178,0.36899132,-12.76558971,6.58738470
2.00000000,-12.49520779,-3.90502357,-10.55097580,-0.32186237,6.12474060,-0.62298036,4.58859491,14.15336418,2.37823701,-9.24019337,-9.58525181,7.48622990,-11.52920341,0.49696150,-12.46052456,6.55781078
2.00000000,-12.18084812,-3.93865395,-10.30883217,-0.50444615,5.96195793,-0.44729775,4.17249012,14.43813801,2.27290440,-8.96311188,-9.60493374,7.61930943,-11.61908340,0.04283833,-11.95014286,6.22173929
2.00000000,-12.45713615,-3.94244766,-10.44917583,-0.44548857,6.28645706,-0.88759851,4.82962656,14.30640125,2.46307039,-8.91405773,-9.65905285,7.55835247,-11.74372101,0.35009664,-12.50316715,6.22190905
3.00000000,-15.14882851,-3.62226248,-10.31877232,0.61642355,8.40033531,-1.34162307,6.06531334,15.56360626,3.03259826,-8.92914295,-11.08151340,7.82884026,-11.94371414,0.85105371,-14.30762196,6.59940434
3.00000000,-17.56866074,-4.38845253,-12.97771549,2.69701433,8.69220734,-1.88864005,6.61861801,18.32721138,4.04382133,-7.73514843,-12.71405411,8.07772160,-12.91751289,0.40196919,-16.61275291,5.81857109
3.00000000,-15.34791565,-3.86289978,-11.06865406,0.54509157,7.81517220,-1.10789430,5.60382271,15.83490467,3.58047843,-8.74246788,-10.87132359,7.73240757,-12.11812401,0.78009713,-14.76617050,6.45522118
3.00000000,-15.97823906,-4.07921982,-12.21795559,1.60370588,7.42142296,-1.87191892,6.38734627,17.80279732,3.87126207,-8.03732967,-11.95243549,8.16086578,-12.37712097,0.57115102,-15.96727371,6.22676277
3.00000000,-15.60191631,-4.21501732,-11.23605442,1.77288032,7.79674053,-1.79135358,5.80241919,16.03794861,3.79813433,-8.95463562,-11.53514767,7.90692997,-12.28382301,0.75286090,-14.34832191,6.04051542
3.00000000,-14.96712589,-3.88150549,-11.13131714,0.32586664,7.83956242,-1.69514751,5.92035055,15.63169479,3.55201077,-8.83213997,-10.80705261,7.98370552,-12.13171577,0.43405688,-14.63754368,6.61956501
3.00000000,-17.15404510,-4.35208178,-11.50664043,1.95164895,8.38024044,-1.49534774,6.46382999,16.78961945,3.88618827,-9.31519604,-12.92710018,8.55852318,-12.41901779,0.59849834,-15.23225021,6.97798491
3.00000000,-16.12412071,-4.19729185,-11.50064564,1.68323851,8.14915276,-1.58168256,6.07925320,16.80401039,3.25858068,-9.15053368,-11.87986183,8.27301598,-12.15812302,1.13396704,-14.62963104,6.51953363
3.00000000,-15.40253925,-4.47564983,-10.88660717,0.53645152,7.14227486,-1.12631404,5.82666111,16.30411911,3.79365706,-9.34434319,-11.33289909,8.09149361,-12.14106560,0.64159834,-14.79574776,6.73515654
3.00000000,-15.67912865,-4.36805487,-11.55754280,1.29098535,7.40136909,-1.82495093,6.40950155,17.10453796,3.80563903,-8.81390667,-11.97164345,7.92303848,-11.84238434,1.34040248,-15.12974358,6.55765533
3.00000000,-15.70855713,-3.68739414,-11.05408764,0.44019300,7.56509781,-1.49404800,5.98487234,16.29844666,3.62272406,-8.36797237,-11.08636379,8.20367050,-12.00796509,0.44954625,-14.59174156,6.60911608
3.00000000,-14.92817211,-3.87072229,-10.76607418,0.54381067,7.50781631,-1.63233948,5.97488689,15.66838551,3.89215946,-8.78156757,-11.27047920,7.73184586,-11.89224243,0.61977434,-14.16675663,6.97503710
3.00000000,-15.47117233,-4.05531454,-11.06286335,1.09611464,8.03828526,-1.63365543,5.68971157,16.72334480,3.40801764,-8.71248055,-11.06498241,7.72281170,-12.38523483,1.33549690,-15.24662113,6.88602257
3.00000000,-16.25084305,-3.72493792,-12.51325321,1.91769433,8.35168552,-2.09587526,6.46818209,17.56056213,3.82433200,-7.53295803,-11.76370335,7.90294456,-12.39360046,0.49842516,-15.84283543,6.02975702
3.00000000,-14.48724461,-3.84754562,-10.80131054,0.15968508,7.79624462,-1.56468773,5.60003328,15.14531422,2.78847551,-8.61805344,-10.84102345,8.15932465,-11.85593605,0.81751764,-14.20231056,6.74546766
3.00000000,-15.46824360,-4.46555328,-12.23935604,1.27085924,7.68231773,-1.85348082,5.69712591,16.87824249,3.21535277,-9.04397869,-11.17263126,8.17110634,-11.94120407,0.85604215,-14.38209057,6.45887089
3.00000000,-15.60322475,-3.50259399,-11.22408485,1.00323796,6.86814022,-1.05927110,5.57747841,16.18669701,3.50736165,-9.05040264,-11.68800926,7.90895271,-11.56654739,0.66223669,-14.72508430,6.58317184
3.00000000,-16.15809631,-4.28364801,-12.06429768,1.76229453,7.51228714,-1.33757389,6.85402632,17.43678665,4.32017040,-8.19232464,-12.10991764,8.35674953,-12.51349258,0.84938383,-15.44694328,5.93804789
3.00000000,-15.20101833,-4.19763374,-10.86509228,0.62508589,7.32662582,-1.29068935,6.21018124,16.40090179,3.58754730,-9.13326263,-11.37049103,8.12773418,-12.15312386,0.95325613,-14.83770943,6.50625706
3.00000000,-16.83898735,-4.52399158,-12.89152527,2.50048709,8.53884029,-2.01877785,6.66484499,17.81641006,4.36760330,-7.68339252,-12.47517395,7.77766037,-12.73948288,0.26616830,-16.14191055,5.78835392
3.00000000,-17.34809685,-4.80133581,-12.32777977,1.29344559,8.43972778,-1.59493172,6.43323088,16.95061111,3.81420827,-8.92204380,-12.48927307,7.97849941,-12.15332985,0.51653123,-15.42507362,6.95461226
3.00000000,-15.97281456,-4.23178434,-11.13062763,1.14379048,7.08890533,-1.53627491,5.76103354,16.02595520,3.52423096,-9.08879566,-11.59038639,7.93612862,-11.17811966,0.82925427,-14.55912209,6.19993067
3.00000000,-15.61658764,-3.71252728,-10.97640705,0.62864345,7.46726513,-1.69150567,5.90437794,15.89901352,3.82067513,-8.83378983,-11.81037426,8.30028439,-12.26128197,0.61950982,-14.19609642,6.80952740
3.00000000,-15.58461285,-4.32455540,-11.27407646,1.18194795,7.09895039,-1.60266149,6.22652864,16.94141769,3.86907649,-8.20770454,-11.62217617,8.24117565,-11.81336594,0.96154940,-14.77012348,6.11805773
3.00000000,-15.78730106,-4.14803123,-11.24959564,1.27157402,8.18244362,-1.17150593,5.97454119,16.60562897,3.08999038,-9.02802849,-11.46171856,7.94088745,-12.00371361,1.12910891,-15.06473732,6.85017300
3.00000000,-16.14539719,-4.52302837,-12.42343521,1.54352903,8.13129044,-1.70700228,7.19787884,17.61478043,4.23996496,-8.67339897,-12.41003990,8.51474857,-11.42094612,1.26304388,-15.10360909,6.70150709
3.00000000,-16.03958511,-4.40427494,-11.65321350,1.19360948,7.90870953,-1.46241868,5.69740629,15.86976242,2.93496370,-9.16551208,-11.52681446,8.23694992,-12.25050735,0.29752499,-14.40018082,6.47522259
3.00000000,-15.93768120,-4.05457401,-11.64217186,1.14796567,8.60801983,-1.44677389,5.87904406,15.89877319,4.44398880,-8.87122917,-11.54416561,7.44110680,-12.28416443,0.41006696,-14.75798321,6.31682444
3.00000000,-15.65304470,-3.93278885,-10.85699272,1.13658619,7.42551804,-1.58402669,5.72716236,16.46570969,3.22980595,-8.95847416,-11.54083443,7.59459686,-12.28035355,0.98136830,-14.26322269,6.95314646
3.00000000,-15.19312859,-3.98373556,-10.89314365,1.04013276,7.49703789,-1.65521610,5.95918322,15.96301079,3.36003685,-8.88015747,-11.52892017,7.89986610,-12.16870308,0.76838624,-14.16541576,6.26236963
3.00000000,-16.00945473,-4.20499420,-12.29909897,1.69490242,7.84584618,-1.38987267,6.57251453,17.16166878,3.71100783,-7.85319614,-11.47963333,7.92068768,-12.38042450,0.43890622,-15.92142868,5.70612001
3.00000000,-15.56892586,-4.51832342,-11.45274639,1.19804811,6.71301079,-1.14068079,5.97850657,16.91818047,3.79974365,-9.21451378,-11.81870556,8.09335136,-11.99344635,0.49283355,-15.17631245,6.57949686
3.00000000,-16.64508247,-5.04351950,-12.39913559,1.85505104,7.52137947,-1.40261686,6.60203171,17.47000885,4.09963846,-8.48610687,-12.02985573,7.82651901,-12.51928520,0.58266759,-15.48357391,5.73508787
3.00000000,-15.15071869,-4.37704039,-10.91987896,0.52756411,7.13396358,-0.96004486,6.24609423,16.49435616,3.57901192,-8.08967495,-10.84042835,7.60341835,-12.14493752,0.65806174,-14.45876694,6.00653887
3.00000000,-17.73585129,-4.66927433,-12.66409779,2.28776407,8.17406750,-1.74859452,6.97515106,18.90468025,4.25258207,-8.94180584,-12.78409672,8.39122868,-12.37661743,0.42171928,-15.75658798,6.08582306
3.00000000,-16.59107780,-4.25472212,-12.40094280,1.85113049,7.71633530,-1.50377285,6.40368414,17.45388603,4.09634924,-7.50249195,-11.74722481,7.78924561,-12.56927490,0.30865139,-15.74887943,6.05252695
3.00000000,-15.44589329,-3.99007845,-10.99012280,0.75150114,7.95986271,-1.66855752,5.71992683,16.48102951,3.31643391,-8.47444057,-11.29310417,7.51508522,-12.30981827,1.26501012,-15.00986481,6.83432722
3.00000000,-15.75956345,-4.94035196,-11.45457935,1.61847854,7.52107048,-0.93750954,6.01569653,17.04368019,3.73847818,-8.60648060,-11.71773720,7.84054279,-12.34363174,0.87724352,-14.60376740,6.38811255
3.00000000,-15.04201603,-4.18522549,-11.07359886,0.77463502,7.46235371,-1.47894084,5.45909452,16.02530670,3.44947553,-9.14304161,-11.02863693,7.82556534,-11.88191986,1.21003437,-15.08776951,6.35759544
3.00000000,-14.12144279,-3.92595243,-10.16369057,0.26596534,6.73406982,-1.19225252,5.49794722,15.25867653,2.91270423,-8.76225948,-10.77059364,7.73636055,-11.82663155,0.31670225,-13.74061871,6.28952456
3.00000000,-15.94685459,-3.90637255,-11.40351200,0.68619615,7.49318218,-1.63558972,5.93101931,16.11313629,3.49995732,-8.70013428,-11.61619568,7.70276546,-11.99466133,0.75733447,-14.69614697,5.88672733
3.00000000,-15.89243793,-4.50818729,-11.34371090,1.49205637,7.63295937,-1.52459383,5.73754978,17.09526634,3.47923040,-8.74310780,-11.56865311,8.23359203,-12.28775978,1.29422450,-15.48373222,6.75711727
3.00000000,-16.82614899,-4.04491520,-12.21029568,1.94665813,8.60023594,-1.65720069,6.48465300,18.20204544,4.28294754,-8.42695618,-12.16278362,7.96390915,-12.78400993,1.19727838,-16.17509460,6.43425274
3.00000000,-16.37100220,-3.83379745,-11.42981911,1.29780889,7.87606335,-1.40719044,5.60900974,16.82612038,3.16228366,-9.42885017,-11.62719536,8.27454853,-11.97505760,1.22048879,-15.05443859,6.82935810
3.00000000,-16.23401833,-4.34028387,-12.19311047,2.04163194,7.78630447,-1.70214617,6.60119820,18.44068718,4.06388903,-8.43524265,-12.85247135,8.54410648,-12.52111626,0.76725447,-15.45842457,6.10291147
3.00000000,-15.74921513,-4.76518679,-11.28212833,1.66226912,7.38662338,-1.68144655,5.89029455,17.12088013,3.26518059,-9.08943367,-11.82594395,7.97298431,-11.90616989,0.77729571,-14.31993008,6.71365023
3.00000000,-15.55811787,-4.34074593,-11.37266922,1.19292212,6.94874287,-1.69793332,6.28564882,16.97742462,3.67272258,-8.37627029,-11.64397049,8.11916256,-11.89765930,0.88727784,-14.77480125,6.19298744
3.00000000,-17.14069748,-4.47902489,-12.26099300,1.78291845,8.28246880,-1.68261385,6.30598783,17.79288101,4.15713406,-8.36932278,-11.66042137,7.56358433,-12.77269363,0.54465020,-15.37242317,6.09200811
3.00000000,-17.35526848,-4.53665066,-11.33989620,1.57000470,8.00033855,-1.69425607,6.37384701,16.54944229,3.96500611,-9.15188980,-12.41130161,8.21166611,-11.71813583,0.76516926,-14.85457897,7.17538261
3.00000000,-15.38610458,-3.42148829,-10.88763428,0.83419639,7.79950333,-1.42771876,6.40776968,15.84256744,4.01936340,-9.41262245,-11.29154301,8.24107838,-12.51891708,0.61685270,-14.06439972,6.49169207
3.00000000,-16.50766945,-5.12025166,-12.75112247,1.75874567,7.55581570,-1.54272699,6.22017050,17.39492035,3.85098600,-8.37103748,-12.20669270,8.06417656,-12.43059731,0.36944553,-14.92591763,5.59669542
3.00000000,-16.26403236,-4.76869297,-11.83804703,1.55669355,7.65369511,-1.14257514,6.88574839,16.99531937,4.51101923,-9.03794956,-12.08022499,7.98422146,-11.44212151,0.98466957,-15.17552567,6.77633476
3.00000000,-16.08198738,-4.52733469,-11.12660217,1.84193110,7.51208973,-1.58692765,6.12664366,17.17495155,2.96306801,-9.28077602,-12.01526356,8.29619789,-11.80540276,0.94161510,-14.43354607,6.78015232
3.00000000,-16.28377533,-4.83776903,-12.09153080,1.30546427,7.61958027,-0.80281281,5.88131905,16.92508507,3.69926906,-8.73827553,-11.53475094,7.66851616,-12.54701424,0.59289062,-14.71750736,6.09224844
3.00000000,-16.61198997,-4.90758991,-12.57639980,1.29040694,6.92980480,-1.33312011,6.63602448,17.66981506,3.91823363,-7.91689110,-12.21985340,7.28785038,-12.87804604,-0.04825667,-15.55260754,6.07981443
3.00000000,-16.23176384,-3.66750956,-11.34535980,1.13800788,7.69873238,-1.32101226,5.77127218,16.32135773,3.49436092,-9.23603439,-11.23488712,8.04151917,-11.86238480,1.12043500,-14.62216377,6.40780973
3.00000000,-16.44501305,-3.77137136,-11.78076172,0.99037534,7.66497803,-2.02608109,6.43293476,16.33443069,3.63132882,-9.21583271,-11.99636841,7.83111095,-12.02205658,0.59938657,-14.99468327,5.93004608
3.00000000,-15.72571659,-4.23353529,-10.87450790,1.09685111,8.24696064,-1.77024329,5.94273233,16.64528275,3.16646576,-8.91966057,-11.48679733,7.68132877,-12.18961143,0.76937377,-14.27998447,7.06129885
3.00000000,-15.29383087,-4.11222696,-11.10053539,0.43510348,6.65773392,-1.22322357,6.33600473,16.28766251,3.41589689,-9.42659855,-11.32637787,8.02939606,-11.95906448,0.81703091,-14.36198235,6.20374680
3.00000000,-15.36035919,-4.36498737,-11.47306061,1.51574135,7.38067722,-1.27514136,5.95513630,16.88021278,3.29617119,-9.40170956,-11.61542130,8.17595291,-12.03931236,0.58781826,-14.07133102,6.27237558
3.00000000,-15.63534927,-3.61074066,-11.23337650,1.14947867,7.29677486,-1.36744523,5.38344765,16.18755531,3.29836965,-9.04598808,-11.64695072,7.85402489,-11.64705467,1.04431498,-15.20899296,6.77372408
3.00000000,-15.88366985,-4.51012468,-11.65259647,0.83359629,8.30756092,-1.61529160,5.87660027,16.21206474,3.84929299,-8.99792385,-11.52550697,7.28275394,-12.23174667,0.36641693,-14.36765003,6.09005833
3.00000000,-14.48270607,-4.14515257,-10.19335175,0.51487178,6.79372025,-1.06289625,5.89340115,15.86434269,3.16300130,-8.51301289,-11.21560097,7.92996407,-11.60134506,0.43400303,-14.03257084,6.39982891
3.00000000,-15.95751190,-4.89564705,-11.39401531,1.93846822,7.59201241,-1.46802747,6.07292080,17.47700500,3.45299792,-9.19405651,-12.06083298,8.03598499,-11.86850548,1.11894763,-14.51114750,6.81683254
3.00000000,-15.24082661,-4.62609339,-10.96995068,1.52951336,8.12266445,-1.26536465,5.95709229,16.02687645,3.23982406,-8.83628750,-11.40019798,7.84100246,-12.06414795,0.81660628,-14.33545113,6.29105568
3.00000000,-16.98439217,-4.34923553,-11.28422546,1.29495692,7.86790466,-1.48670232,6.40893126,16.56367493,4.03368855,-9.06103134,-12.46711349,8.31835175,-11.47900963,0.80816543,-14.70949268,6.87640524
3.00000000,-17.99327850,-4.46622705,-12.29067802,2.32387257,8.59043789,-1.80716681,6.85218954,18.67401886,3.96738458,-9.05082703,-12.44151020,7.86800671,-12.70257378,0.61822963,-15.29872131,6.55481768
3.00000000,-16.03707504,-4.35721874,-11.24054527,1.33065701,7.09342670,-1.32294440,6.05329514,16.45274925,3.63018250,-9.08327293,-11.78284836,8.08162785,-11.38846016,0.75703776,-14.51212978,6.09770823
3.00000000,-16.18756866,-4.65538692,-11.13761139,1.11757684,7.34481239,-1.65822196,5.96863604,16.13804245,3.68382549,-8.97431946,-12.08409309,8.14728451,-11.35369110,0.72095942,-14.65128994,6.49223661
3.00000000,-15.85733318,-4.13104343,-11.67797089,1.28304577,8.34744740,-1.57712722,5.76519299,16.65787888,3.12395215,-8.76562500,-11.13837147,7.84147263,-11.86998558,1.12747920,-14.83145618,6.65878868
3.00000000,-15.80503559,-4.64533186,-12.23064232,1.36546040,8.18113613,-1.71810067,6.99925041,17.58076668,4.10326767,-8.54672241,-12.37567997,8.40810490,-11.40594673,1.13814557,-15.04506016,6.57475758
3.00000000,-15.79627323,-4.67147589,-12.22265148,1.64349794,7.83390331,-1.81036711,5.67519093,16.97376060,3.42618370,-8.93398094,-11.43108559,8.18927670,-11.71304893,0.74371207,-14.61718082,6.33188581
3.00000000,-16.76247597,-4.10944033,-12.50384808,2.07146263,8.31455994,-1.61143231,6.30071354,17.82527924,4.54311657,-7.97449684,-12.08477306,8.28219700,-12.94592285,0.54838181,-16.36870003,6.26018381
3.00000000,-16.29546738,-4.93332100,-11.96246052,1.64537835,7.69298744,-0.70627111,5.92268324,17.14528847,3.60124063,-8.92365837,-11.67178249,7.55910015,-12.52720070,0.82444012,-14.83526039,6.52728796
3.00000000,-16.97017097,-4.58517694,-12.02927113,1.60953021,8.34617329,-1.74908602,6.58588791,17.03895187,4.22397327,-8.84442806,-12.73660851,8.22654915,-12.14896393,0.38435718,-15.10523605,6.84147739
3.00000000,-16.60704994,-4.74322748,-12.30753231,1.63950253,6.70668888,-1.04318202,6.17799377,17.84849167,4.03646660,-8.47400188,-11.93812180,7.97027683,-12.81946945,0.35362172,-15.43040848,5.96327591
3.00000000,-17.91035652,-4.23082542,-11.94472980,2.05442929,8.43948555,-1.84047198,6.95570803,18.13142967,3.96101689,-8.87885094,-12.61726475,8.14413834,-12.49184227,0.68292415,-15.30341721,6.53592491
3.00000000,-15.07761383,-4.46022797,-11.03838253,0.87059945,6.97622871,-1.34359348,5.95170546,16.45764351,3.63386226,-9.10868931,-11.28149509,8.16894913,-11.93949318,0.92356026,-15.10015202,6.56531143
3.00000000,-15.52187538,-4.44708395,-11.35485744,1.00539708,7.89997864,-1.39339721,5.97263098,16.21282196,4.08165359,-8.54889584,-11.60667038,7.48845005,-12.33926201,0.48250914,-14.20107079,6.08121920
3.00000000,-14.55835533,-4.58139610,-10.90574455,0.96404535,6.46018410,-1.32768142,5.95252943,15.78941154,3.45534778,-9.11388779,-11.34474468,7.90980721,-11.96932793,0.50364840,-14.32803249,6.48032427
3.00000000,-16.71959877,-4.52640867,-13.03781414,1.99563789,7.72308826,-1.62822151,6.62341356,18.19592476,4.17492008,-7.24507618,-12.08180714,7.97720814,-12.42887115,0.00864021,-15.93466473,5.32718182
3.00000000,-14.98355770,-4.04944897,-11.04091072,1.09066963,7.77546406,-1.44830585,5.90047407,15.62378025,3.92877984,-9.03687286,-11.40482140,7.86185169,-12.35543442,0.26310208,-14.00213623,6.05569935
3.00000000,-14.58502769,-4.15529871,-10.78704166,0.43081230,7.52359200,-1.43502688,6.04533339,16.00733566,3.69532394,-8.57955551,-11.44490337,7.98521042,-11.77728844,0.30805570,-14.04136658,6.52231073
3.00000000,-16.82911110,-5.11872721,-12.42416096,2.21960115,7.26338196,-1.69936252,6.90207100,17.83799934,4.50203753,-8.52188301,-12.81406784,8.02725506,-12.40039062,0.48481509,-15.45623016,6.11665010
3.00000000,-15.62818527,-4.40071630,-11.26141548,0.51189691,6.66429806,-0.99592113,6.34413099,16.40481377,3.67590332,-8.18262291,-11.00997162,7.69672775,-12.04858208,0.28873554,-14.76139355,6.19382000
3.00000000,-18.07588196,-4.66867638,-12.43953896,2.31418324,8.24149418,-1.72015500,7.23573828,18.20701790,4.22771454,-8.86280155,-12.98721790,8.38232994,-12.36638832,0.38897276,-15.61438847,5.95278025
3.00000000,-16.19518852,-4.42118597,-11.95751095,1.83158493,7.45978355,-1.74962568,6.96224403,17.39114571,4.22382975,-8.25686455,-11.99247074,8.40134144,-12.33336449,0.55724657,-15.39562511,5.67011595
3.00000000,-16.72431946,-4.74304724,-12.41297817,1.84092474,8.00479794,-1.50022888,7.17797661,17.97942924,4.42899561,-8.73650837,-12.65141773,8.29317474,-11.68795967,0.72531366,-14.96948910,5.99622774
3.00000000,-15.59910870,-4.46666384,-11.52273369,1.47444868,7.45231056,-1.47719491,5.78397274,16.56137657,3.09057426,-9.30633736,-11.69019699,8.30890751,-11.87759399,0.73089790,-14.00018883,6.43457603
3.00000000,-14.83207989,-4.05556250,-10.74986076,1.12462902,7.43968964,-1.45594907,6.12223816,15.37435246,3.66087985,-8.66412258,-11.26476574,7.95033836,-12.23776817,0.44687948,-14.12530994,6.10947323
3.00000000,-15.46998024,-3.99066210,-11.05931282,1.04733586,7.43659687,-1.01309013,6.32405758,16.58290482,3.45334268,-9.43150616,-11.59931183,8.63585663,-11.90987015,0.80632639,-14.09300423,6.39735842
3.00000000,-15.78421307,-4.30199432,-10.50480175,0.67974323,7.26819515,-1.60317981,5.93733263,15.43353176,2.92938495,-8.73821449,-11.44121170,7.67901707,-11.52552414,0.51557922,-14.48140049,7.03081512
3.00000000,-18.17040443,-4.38230085,-13.16432953,2.71340036,8.85880280,-1.95788264,7.53493261,18.30756569,4.24069214,-7.98780632,-12.11869526,8.75390148,-12.99035454,0.04332514,-16.52617836,6.23727226
3.00000000,-14.88892460,-4.38898754,-10.78644085,0.94479746,7.73171329,-1.53039300,5.80575323,16.05624962,3.77305603,-8.71630383,-11.17106152,7.87110710,-11.98877907,1.10269606,-14.51667690,6.76949167
3.00000000,-17.08840561,-4.52257633,-12.63332367,2.14233804,8.22299099,-1.90134907,7.33930779,18.65718460,4.10988855,-8.68801880,-12.64462090,8.45563221,-11.89880180,0.95131564,-15.59464169,6.42106819
3.00000000,-15.85196114,-4.13689613,-11.35370445,1.36940885,8.62120819,-0.90774530,5.65859270,16.72593689,3.16382599,-9.23038864,-11.63076115,7.88647461,-12.17852592,1.40556872,-14.63613224,6.81394768
3.00000000,-16.45443726,-3.79105806,-11.38709641,0.91601473,7.95221138,-1.42712760,6.23742628,16.62968826,3.79185629,-8.29816914,-11.34226322,8.02196026,-12.53060722,0.57079637,-15.26399040,6.24556732
3.00000000,-15.63411236,-3.94357157,-11.67864799,1.40504384,7.50434303,-1.85145581,6.31205463,17.42428398,3.87848401,-8.18681145,-11.93200302,8.26940918,-12.33750725,0.51497036,-15.59715557,6.32574511
3.00000000,-16.14388275,-3.79091597,-11.24185562,1.13139725,7.82080078,-1.17530847,5.79573679,16.88288307,3.24846101,-9.14727306,-11.40091133,8.13436890,-12.06661987,0.91333246,-14.78984928,6.61275959
3.00000000,-14.75472450,-4.15470314,-11.00341606,1.32633781,7.33181858,-1.39034271,6.17145205,15.51585293,3.54705286,-8.86426544,-11.29900742,7.92440414,-12.29900169,0.49062800,-13.89859390,5.98121834
3.00000000,-14.88302803,-4.12548876,-10.92422295,0.57588166,8.17732239,-1.36533356,5.86389303,15.51432800,3.21255946,-8.69777203,-11.06197739,8.12227249,-11.98925018,0.51009667,-14.24606800,6.41302443
3.00000000,-16.92752266,-4.62442207,-12.40479851,2.00431943,8.21707344,-1.71757603,6.23457670,18.14975166,3.86560678,-8.29197502,-11.71118450,7.48287296,-12.74983215,0.47268263,-15.49483299,5.94305134
3.00000000,-15.42597103,-4.57360411,-11.26720524,1.35015869,7.74202919,-1.58619893,5.70071077,16.46518898,3.08438706,-8.93634319,-11.25422764,8.18243790,-12.10261345,0.55230010,-14.47832489,5.96460962
3.00000000,-17.26505852,-4.58258152,-12.35963917,2.05112028,7.82527637,-1.51800299,6.63335514,18.55743027,4.02665520,-9.05319691,-12.41912270,8.22899342,-12.33932304,0.62441123,-15.25492573,6.27519751
3.00000000,-15.23318958,-4.35629654,-10.86041164,1.26861215,7.86873245,-0.91185158,5.73034954,16.83981705,3.52018762,-8.77540207,-11.37645721,8.02475452,-12.43858719,1.38663745,-14.82878685,7.13688374
3.00000000,-16.36551476,-4.52884436,-12.26572895,1.51658392,7.03882408,-1.01599288,6.08760691,18.16466522,4.01878691,-8.45559406,-11.95966911,8.00944805,-12.48958969,0.37117973,-15.21458244,5.93575239
3.00000000,-15.28886986,-4.20656919,-11.85049438,1.33934021,7.94635963,-2.00031638,5.78690815,16.43082047,3.19523191,-9.02465153,-10.99527645,7.81401920,-11.59325027,0.91367507,-14.58192825,6.39237690
3.00000000,-15.58750057,-3.52960253,-10.69130230,0.52872938,7.38609695,-1.39843750,5.84136868,15.76788807,3.33770704,-8.52878857,-11.54338646,7.70437241,-11.83995247,1.07666099,-14.31106091,6.60862684
3.00000000,-15.70255661,-4.30328941,-11.35265636,0.92490155,7.57864380,-1.70847666,6.13117695,16.80705833,3.58989358,-8.23660278,-11.40881634,7.81053352,-12.20921326,0.38059568,-14.86044598,5.80769491
3.00000000,-15.08455181,-3.90222120,-10.83156586,0.90320605,7.41067314,-1.61537111,6.06735849,15.91041088,3.45981002,-8.77096462,-11.45299339,7.68337059,-12.26318359,0.89476037,-14.01798344,6.00495481
3.00000000,-16.73683739,-4.10128736,-11.73707199,1.63543797,7.53341103,-1.50931823,6.19858170,17.46074677,3.62996650,-9.61252880,-12.08403873,8.37533951,-11.81125641,1.23658621,-15.38031387,6.51509571
3.00000000,-15.10383892,-3.90136909,-11.13527679,1.06695390,7.90817356,-1.61089265,5.82105398,16.15624619,3.40884185,-8.77053356,-11.05642605,7.79215813,-12.02309799,1.23889971,-14.97581768,6.58266449
3.00000000,-16.16371536,-3.81587076,-11.30390549,0.73662978,7.88024521,-1.35807121,5.90881491,16.08141136,3.43709207,-8.74611664,-11.56257439,7.72108746,-12.31720734,0.80746686,-14.58588219,6.00318670
3.00000000,-15.66884899,-4.30145454,-10.63639545,1.12913823,8.43971252,-1.12917936,5.95034456,16.53511429,3.41384244,-9.10536957,-11.81693649,8.10271740,-11.96250916,1.35558522,-14.60530186,6.86869764
3.00000000,-14.74931145,-3.98729563,-10.95137882,0.89949852,7.56740189,-1.51447153,5.65664911,15.48324299,3.61248088,-8.54170418,-11.10422516,7.87831497,-12.13859177,0.61518109,-14.02294827,6.25712061
3.00000000,-15.33514118,-3.63457489,-10.62192345,0.69170207,8.53043938,-1.45030713,5.87571716,15.57338333,2.96751237,-8.51406384,-11.08311176,7.63736629,-11.93721390,0.68056905,-14.70635033,6.76381493
3.00000000,-15.30969810,-4.36614799,-10.75547791,1.04364657,7.93610477,-0.94028330,5.81832981,17.02403259,3.56137991,-8.56114769,-11.58390999,8.14159393,-12.31597900,1.51699173,-15.23020077,6.89998007
3.00000000,-16.90550995,-4.85546541,-12.47867298,1.83619690,8.06736469,-1.81391990,6.66435957,17.86518288,4.25459099,-8.64376259,-12.13635826,8.00814915,-12.53759193,0.42973721,-15.21970272,5.88578653
3.00000000,-15.94939232,-3.80385685,-12.63126183,2.04214525,8.56809902,-1.94225454,6.65482140,17.58033180,4.12866163,-7.68517208,-11.83187199,7.94143581,-12.28515625,0.33173579,-15.81166172,5.74328995
0.00000000,-10.75253391,-3.71255016,-9.19936657,-1.75593674,5.74920750,-0.49957284,3.34357429,11.94602871,1.67724848,-9.01326752,-8.00216961,6.95080614,-11.21137238,0.35847956,-11.04489136,5.95769405
0.00000000,-10.90796280,-3.71014404,-9.24499798,-1.77892125,5.72336388,-0.55311626,3.43599629,11.99825573,1.78908253,-9.00131893,-8.16267681,7.02995682,-11.30068779,0.33664507,-11.00967503,6.07737637
0.00000000,-10.73392010,-3.71278358,-9.17433071,-1.74466956,5.72405148,-0.51210153,3.37620521,11.96016884,1.71866202,-9.00397968,-8.04081726,6.99504471,-11.24603844,0.30315155,-11.01041031,5.98323822
0.00000000,-10.77165890,-3.70071888,-9.21595097,-1.79880798,5.73367596,-0.53646094,3.37708282,11.98308468,1.72362995,-8.95125484,-8.04090786,7.02346325,-11.28380394,0.38447940,-10.94720554,5.99567413
0.00000000,-10.81500626,-3.68736815,-9.26695633,-1.74731708,5.74598122,-0.49813083,3.44067740,12.05357742,1.77092266,-8.94922924,-8.09702492,6.99923515,-11.25770760,0.35055730,-11.06887531,6.02411938
0.00000000,-10.76549625,-3.75734138,-9.21442890,-1.76531315,5.73355198,-0.53837883,3.44221258,11.92074203,1.73665762,-8.90138435,-8.01511478,7.06755972,-11.26272774,0.33333296,-11.09233856,5.97204018
0.00000000,-10.91392708,-3.75458956,-9.32834816,-1.74782181,5.83457947,-0.58740807,3.48203754,11.98032093,1.74714446,-8.97741413,-8.17484665,7.15836525,-11.25666618,0.34877449,-11.06522083,6.06588459
0.00000000,-10.83810997,-3.71367884,-9.31633472,-1.79664958,5.73901653,-0.54152942,3.48418427,11.95580578,1.80059969,-8.88645840,-8.12360287,7.07922411,-11.22695351,0.41848993,-11.03638077,6.05437183
0.00000000,-10.90679073,-3.69824600,-9.20991421,-1.79880631,5.79988575,-0.60986364,3.38012838,12.11405945,1.76910269,-9.06843758,-8.17032146,6.98943567,-11.24092865,0.35560313,-11.12694836,6.03145218
0.00000000,-10.84167862,-3.66274357,-9.31728172,-1.83820558,5.74448681,-0.58609563,3.41565394,11.99128151,1.74812567,-8.97477245,-8.11544800,7.02429533,-11.29085922,0.30283910,-11.05119896,6.06411648
0.00000000,-10.86040020,-3.73876333,-9.22707939,-1.83796585,5.72488689,-0.44699249,3.42577934,12.03232002,1.77502990,-8.97703171,-8.15261173,7.07061052,-11.29755402,0.33694878,-11.02648163,6.05527592
0.00000000,-10.86188984,-3.73343110,-9.28240585,-1.74019516,5.75329494,-0.48528150,3.46840286,11.97972965,1.72808421,-8.99413872,-8.18504238,7.07586527,-11.23463058,0.34506083,-11.05357075,6.04846573
0.00000000,-10.77451420,-3.69011927,-9.23492050,-1.81175721,5.74632263,-0.47675422,3.37241983,11.95207596,1.74777400,-8.92504501,-8.04676914,7.00330734,-11.25179291,0.33781642,-10.99585724,6.01953697
0.00000000,-10.81798363,-3.71637368,-9.26471519,-1.82317686,5.73025322,-0.57284153,3.40657210,12.03039837,1.73792839,-8.95931149,-8.08795547,7.03322744,-11.20890999,0.40477639,-11.00474930,6.04912758
0.00000000,-10.87438965,-3.75923419,-9.23471928,-1.79753149,5.69547558,-0.51067948,3.44064522,11.99398327,1.76993191,-8.93498611,-8.12102890,7.01650810,-11.28480721,0.32918572,-11.02484417,6.04364586
0.00000000,-10.82695103,-3.72097397,-9.26852798,-1.76753128,5.78272533,-0.56046242,3.44199967,12.03705215,1.76381183,-8.98910427,-8.11447048,7.05124617,-11.26008415,0.37370452,-11.05977821,6.01483059
0.00000000,-10.86701298,-3.69210792,-9.29566479,-1.77030265,5.74403000,-0.53111845,3.45426512,12.00056553,1.74425590,-8.94314289,-8.08448982,7.04321527,-11.23902512,0.30812860,-11.07260227,6.04809952
0.00000000,-10.89713192,-3.76341271,-9.30736637,-1.82100761,5.75820160,-0.53431034,3.46997619,12.01890469,1.73633158,-8.87786770,-8.10766888,7.02022171,-11.29690933,0.35745180,-11.11237812,6.02191448
0.00000000,-10.92151928,-3.71095252,-9.21005249,-1.78994930,5.77927303,-0.59292245,3.42203999,12.02806664,1.74902844,-8.93836021,-8.16680908,6.96945906,-11.27780914,0.33126375,-10.99910450,5.96359444
0.00000000,-10.78681469,-3.75825572,-9.20023346,-1.79790533,5.77400494,-0.48347452,3.37988091,11.99879169,1.78051591,-8.94424248,-8.09634972,7.02919769,-11.21799278,0.35759160,-11.04866600,5.95825672
0.00000000,-10.79451370,-3.70432806,-9.29896545,-1.78701437,5.73502254,-0.51989931,3.37756205,12.09793568,1.77795792,-8.99640942,-8.12261295,6.97679996,-11.30580521,0.34181994,-11.01785088,6.01106930
0.00000000,-10.79018497,-3.72070932,-9.25031853,-1.74895430,5.79668331,-0.55958349,3.43687654,11.94239044,1.77888620,-8.89417648,-8.01433849,7.02682400,-11.28181267,0.30204031,-11.07745934,5.97393799
0.00000000,-10.73922062,-3.68743825,-9.23608494,-1.84591687,5.84312630,-0.54781628,3.35861135,11.90339851,1.69930565,-8.89646149,-7.99882317,7.03510857,-11.28357315,0.34499681,-11.03710270,6.04766369
0.00000000,-10.76043129,-3.67628098,-9.25598335,-1.79281247,5.77427006,-0.54484177,3.40204430,12.01004791,1.68459737,-8.96117306,-8.03916836,6.95058489,-11.29373741,0.37454653,-11.04650116,5.95753956
0.00000000,-10.77397633,-3.68900037,-9.20726490,-1.79143703,5.70955276,-0.51386100,3.34824395,11.95824242,1.69731760,-8.94804287,-8.08470917,6.99586535,-11.23622513,0.35251766,-11.01636696,5.99786854
0.00000000,-10.83471489,-3.67279077,-9.18459415,-1.78500843,5.73486137,-0.48581752,3.38281012,12.00599098,1.76126075,-8.97805405,-8.06387424,6.97611856,-11.24365234,0.38396731,-11.04886246,6.02959061
0.00000000,-10.84317493,-3.66824365,-9.19841766,-1.78120577,5.74171829,-0.52584934,3.34175968,12.01051521,1.74339879,-8.98554707,-8.08101559,6.95608807,-11.28403854,0.31920642,-11.08341694,6.01861477
0.00000000,-10.77832603,-3.71423793,-9.23170280,-1.81097865,5.77079296,-0.47118971,3.40406370,11.96314335,1.76748240,-8.92336369,-8.04806519,7.00695372,-11.22517967,0.35142875,-11.07067680,6.00815010
0.00000000,-10.77960205,-3.71189141,-9.23359680,-1.81776917,5.73938465,-0.49424341,3.38652682,11.98745060,1.73581064,-8.90099430,-8.07053757,6.97337866,-11.28345680,0.37624577,-11.04726696,6.03323174
0.00000000,-10.70898628,-3.70266366,-9.29307175,-1.79800999,5.67521954,-0.49917951,3.36961055,11.93799114,1.74835443,-8.97127247,-8.06690502,7.04356575,-11.20132637,0.26630509,-11.01728058,5.94502068
0.00000000,-10.87975979,-3.70412445,-9.28453064,-1.72925055,5.72627354,-0.53101766,3.42790174,11.96405697,1.82150924,-8.90954685,-8.10322762,6.98331308,-11.24228287,0.41271150,-11.04821396,5.96359539
0.00000000,-10.80398464,-3.70580077,-9.27822876,-1.80836725,5.70464993,-0.48686269,3.41679311,11.98565674,1.80086803,-9.01388454,-8.15061665,7.01078939,-11.33621788,0.33647925,-11.08031559,5.97914886
0.00000000,-10.80144596,-3.82408881,-9.25889969,-1.78515899,5.76257420,-0.53764355,3.36569738,12.04692173,1.68147945,-8.99126148,-8.06873417,7.02212763,-11.23967743,0.34255630,-11.12224865,5.96852684
0.00000000,-10.83259773,-3.74083447,-9.18326664,-1.80079961,5.75373840,-0.51614153,3.43258905,12.06045818,1.73531151,-9.01815033,-8.05991650,7.03313351,-11.31559563,0.35126385,-11.03278732,6.00403786
0.00000000,-10.79582119,-3.69872618,-9.14044762,-1.80689180,5.73577213,-0.52972084,3.29080129,12.00249577,1.73139429,-9.02016544,-8.01903439,7.04025793,-11.21387291,0.33098596,-11.07817745,6.03922272
0.00000000,-10.87966442,-3.69858479,-9.13757515,-1.85316503,5.71076107,-0.54177064,3.38266683,12.01565647,1.73066342,-9.02397633,-8.09528351,7.03066254,-11.30616570,0.36412036,-11.03861332,6.06044388
0.00000000,-10.83630753,-3.68668866,-9.22867870,-1.87417376,5.70888710,-0.50617540,3.38280416,11.99262810,1.70563555,-8.99609566,-8.07641029,7.01029015,-11.29098511,0.35749966,-10.97431564,6.01662254
0.00000000,-10.84298229,-3.74157596,-9.33319378,-1.77898848,5.79888535,-0.59156138,3.43738842,12.00471878,1.80929828,-8.93651295,-8.11458588,7.04497957,-11.16799355,0.34764349,-11.07685471,6.01324177
0.00000000,-10.81436348,-3.64810371,-9.35633945,-1.78792202,5.79082489,-0.56789154,3.43818927,11.97112274,1.75671601,-8.90277576,-8.04130745,7.02009296,-11.25531578,0.35507396,-11.10169125,6.00305367
0.00000000,-10.88609505,-3.68947411,-9.23406696,-1.85913610,5.74793720,-0.51413447,3.40978670,12.05772400,1.78025115,-8.95528030,-8.14672565,7.09139824,-11.28320885,0.41701820,-11.01491070,6.05040932
0.00000000,-10.83402729,-3.70429158,-9.25638580,-1.79393530,5.77969837,-0.57592845,3.43708587,12.02041340,1.69292021,-9.00383759,-8.17261791,7.03932190,-11.28678703,0.35405302,-11.01799583,6.03901672
0.00000000,-10.81295300,-3.73191977,-9.25080872,-1.78136826,5.78988838,-0.53032434,3.43100309,12.00035286,1.75643802,-8.95286846,-8.00548172,7.05438185,-11.23594856,0.41464761,-11.07820892,6.02630424
0.00000000,-10.81938457,-3.73160100,-9.30272961,-1.80699325,5.73365784,-0.48739746,3.45911384,11.93050766,1.72562909,-8.95640182,-8.14371300,7.03931761,-11.23469734,0.32061285,-11.03115177,5.98701286
0.00000000,-10.75384140,-3.72930837,-9.21776104,-1.77258456,5.75116634,-0.51227969,3.40599895,11.98460579,1.74702787,-8.93415070,-8.02296448,6.98251104,-11.25078773,0.42969301,-11.04673100,6.01106167
0.00000000,-10.78423500,-3.70391893,-9.21005821,-1.77933097,5.70303249,-0.50689095,3.32889414,12.03096771,1.73026061,-9.00989723,-8.09315872,6.97097969,-11.25296593,0.34494805,-11.01612377,6.01637745
0.00000000,-10.73132706,-3.72974992,-9.16315269,-1.78404391,5.76187801,-0.54099822,3.31412721,11.98117733,1.67690396,-8.99171638,-8.01243114,7.00111532,-11.27383041,0.32045621,-10.99503231,6.00588799
0.00000000,-10.76713753,-3.72759914,-9.18134403,-1.81013131,5.75755596,-0.54672587,3.32060266,11.96735954,1.73205996,-8.94551182,-7.98170090,6.95955801,-11.18564034,0.33093542,-11.00878143,5.95506096
0.00000000,-10.82151604,-3.76174784,-9.20068645,-1.77215326,5.73021030,-0.55025703,3.39303064,12.02367020,1.77349997,-8.94200993,-8.07043457,7.01990843,-11.28687668,0.31501943,-11.04884052,6.02791405
0.00000000,-10.76116753,-3.71307278,-9.19230270,-1.82152677,5.73621559,-0.52117467,3.39093733,11.97130680,1.70732164,-8.96714878,-8.08916855,6.99797297,-11.28420067,0.35458970,-10.95975494,5.98669529
0.00000000,-10.81494331,-3.69009542,-9.20100594,-1.75713074,5.74760246,-0.47499838,3.29233742,12.01997662,1.73673797,-9.02975368,-8.10797310,7.00817204,-11.31518364,0.32133386,-10.95561028,6.02056313
0.00000000,-10.75255966,-3.69155478,-9.16201401,-1.82862413,5.79956150,-0.47615609,3.30315065,11.95371628,1.71650815,-8.99275398,-7.97661734,6.97581100,-11.27169991,0.41540971,-10.98828602,6.03176785
0.00000000,-10.82033730,-3.71207595,-9.33522701,-1.78345442,5.69948196,-0.52392435,3.38842916,12.01457787,1.77327144,-8.96917534,-8.11748314,7.01368237,-11.29625320,0.33970869,-11.03262234,5.98028660
0.00000000,-10.84665394,-3.69392180,-9.23220444,-1.84917796,5.74032497,-0.61149907,3.37729287,12.06124783,1.72877848,-8.99540520,-8.13683128,7.05417919,-11.27114868,0.40272883,-11.02924824,6.01356506
0.00000000,-10.84828949,-3.72369313,-9.21789646,-1.77423835,5.81993389,-0.52448034,3.44445825,12.02614117,1.74321175,-8.96411514,-8.08426476,7.02126265,-11.20702553,0.31457686,-11.00728989,6.10860729
0.00000000,-10.86183548,-3.75903511,-9.18726349,-1.81399596,5.81783390,-0.51714146,3.37938213,12.03099442,1.74413121,-8.96659565,-8.03034592,7.07376289,-11.26968193,0.38192442,-11.06145191,6.05580235
0.00000000,-10.88320255,-3.72833443,-9.31531811,-1.77831197,5.76395893,-0.53408915,3.47585845,12.00374126,1.71875799,-8.97123814,-8.08979321,7.11598253,-11.29410934,0.32797119,-11.04797840,6.00159073
0.00000000,-10.72935772,-3.70953250,-9.21593380,-1.78651142,5.75019264,-0.53058714,3.38421082,11.92579460,1.66099727,-8.90175438,-8.03958511,6.99445963,-11.22063637,0.35481173,-11.01186752,5.96190834
0.00000000,-10.88742542,-3.70098829,-9.32066631,-1.79020190,5.81666565,-0.55214733,3.47012854,12.02071857,1.77126849,-8.96016693,-8.13890362,7.02210617,-11.31001091,0.35301560,-11.07349873,5.99952316
0.00000000,-10.87461472,-3.70062113,-9.21740437,-1.84680057,5.77640820,-0.54561049,3.36646128,12.06953049,1.74056137,-9.01859283,-8.10884094,6.98758888,-11.34359169,0.35572499,-11.03253269,5.99730682
0.00000000,-10.86085987,-3.76872683,-9.28383827,-1.75542855,5.81985855,-0.54889441,3.36820102,12.08612251,1.71976244,-9.01689625,-8.11758804,7.06886721,-11.27666283,0.30712178,-11.09289455,5.95750904
0.00000000,-10.81609249,-3.69511104,-9.22983456,-1.79530966,5.78677654,-0.53214169,3.42845750,11.98250866,1.73483062,-8.96404934,-8.06320858,7.04022026,-11.26985168,0.26980102,-11.02538586,6.04664040
0.00000000,-10.85895538,-3.74496555,-9.21762562,-1.76339698,5.72058678,-0.54459929,3.40256643,12.03586483,1.73959637,-8.98839569,-8.11628342,7.03524637,-11.23745346,0.33946958,-11.06972027,5.99098682
0.00000000,-10.82460690,-3.73956323,-9.17652988,-1.75944722,5.83217812,-0.53479683,3.43711782,12.00637722,1.82172883,-8.90342903,-8.13750076,6.99732161,-11.22048569,0.31170374,-11.01329041,6.04714489
0.00000000,-10.71492767,-3.70202303,-9.16361618,-1.81178153,5.75132465,-0.53638476,3.35064650,11.92784882,1.72501493,-8.94567299,-7.99858475,6.95527124,-11.22678757,0.34376717,-10.99381351,5.99070835
0.00000000,-10.81773090,-3.73246574,-9.16648769,-1.83034074,5.75164890,-0.50953645,3.37738252,11.99608517,1.68451095,-8.98109722,-8.11252308,6.98390722,-11.28505516,0.40388808,-11.03746319,6.09542656
0.00000000,-10.90244007,-3.79842639,-9.34662056,-1.75738680,5.76197243,-0.47092912,3.47382402,12.09874821,1.85724759,-8.89239597,-8.23126793,6.96550417,-11.28901100,0.40084752,-11.11814785,6.04694080
0.00000000,-10.75400162,-3.69844699,-9.18670559,-1.79036033,5.68633556,-0.51081830,3.35766649,11.99290180,1.70551753,-8.98692703,-8.05732727,6.95591831,-11.24672699,0.34701869,-10.99239254,6.00300312
0.00000000,-10.82181358,-3.74122858,-9.26070881,-1.73093069,5.74435616,-0.51314598,3.38070202,12.12494659,1.73091388,-8.98022556,-8.15440464,7.05066586,-11.25222397,0.35493255,-11.05797386,6.01896095
0.00000000,-10.91343594,-3.72046947,-9.24601173,-1.71519578,5.77092743,-0.59342378,3.43114948,12.14884090,1.77156389,-8.92457485,-8.19282055,7.04211903,-11.23028374,0.37952998,-11.09427452,6.14834118
0.00000000,-10.83040142,-3.75414038,-9.27398586,-1.80930555,5.82084656,-0.55039442,3.40170646,12.03972435,1.73720086,-8.92110062,-8.09905243,7.01174498,-11.27797699,0.37394258,-11.09187126,6.03394222
0.00000000,-10.80151176,-3.72380877,-9.26666641,-1.76471376,5.69410229,-0.53049350,3.43524742,12.00902271,1.76884329,-8.95562840,-8.11330891,6.99768591,-11.26584435,0.33646217,-11.06883526,5.96844292
0.00000000,-10.79477596,-3.74424744,-9.20478725,-1.81582570,5.66480637,-0.55366427,3.37470388,11.92685699,1.68861604,-8.96327400,-8.06964970,7.06790638,-11.27173042,0.33891970,-10.99157906,5.99395466
0.00000000,-10.78593349,-3.71569610,-9.12951565,-1.78981745,5.76097775,-0.51166344,3.34103060,12.03165531,1.68036687,-8.97612476,-8.05585003,7.01389408,-11.32663727,0.39652282,-11.01343346,6.00611115
0.00000000,-10.84531784,-3.72352982,-9.23315811,-1.77137673,5.68879986,-0.50805241,3.42036819,12.00664330,1.79857576,-9.03204727,-8.13434410,7.03797579,-11.26058197,0.35814863,-11.01667881,6.01708317
0.00000000,-10.87226200,-3.68673897,-9.27448750,-1.82231200,5.71331120,-0.54480410,3.34636569,12.06581974,1.73133159,-8.99268627,-8.15195084,6.99095726,-11.32036018,0.28201687,-11.02655315,5.98250198
0.00000000,-10.79909039,-3.74383259,-9.24441910,-1.77334166,5.80826759,-0.53917176,3.37838459,11.94935513,1.71970856,-8.91201019,-8.03609180,6.99799490,-11.28462601,0.36010334,-11.00631618,5.98060322
0.00000000,-10.81318188,-3.75521064,-9.26798439,-1.80232894,5.81494331,-0.51489985,3.44651604,12.14710236,1.78227007,-8.95690155,-8.15366840,6.99452257,-11.33364868,0.29376444,-11.05792046,5.97631836
0.00000000,-10.75447655,-3.68541312,-9.27485943,-1.80189919,5.77825069,-0.54633689,3.34289408,11.96714687,1.73949897,-8.92552853,-8.05316734,6.98218393,-11.16234970,0.36880812,-10.97243404,6.07280350
0.00000000,-10.80133438,-3.75652742,-9.29169846,-1.73223829,5.82647133,-0.53325665,3.44362664,12.04054546,1.73859453,-8.99278259,-8.11999416,7.02978992,-11.21353722,0.32941419,-11.04841423,6.07608604
0.00000000,-10.87252712,-3.68037605,-9.21966934,-1.73753405,5.74110222,-0.56550223,3.41504669,12.00946999,1.75199544,-9.03185272,-8.10117054,6.99455595,-11.30513954,0.29891777,-11.05588341,6.08410454
0.00000000,-10.87242603,-3.69003224,-9.19801617,-1.77533901,5.73683071,-0.55387259,3.45666647,12.12289143,1.78931916,-9.01618099,-8.21989632,6.98402643,-11.28203964,0.37751675,-11.06110096,6.02869129
0.00000000,-10.82328987,-3.73512602,-9.15316963,-1.77667356,5.75545311,-0.54126531,3.40329266,12.01482582,1.71633172,-8.94758415,-8.10666561,6.96387196,-11.27615738,0.36506659,-11.07220936,6.05179119
0.00000000,-10.82346058,-3.72382545,-9.20847797,-1.78845835,5.76095009,-0.54542971,3.42639351,12.02619362,1.78903019,-8.91296768,-8.10273647,7.00129366,-11.23987579,0.43051958,-11.05946445,6.00979137
0.00000000,-10.83699989,-3.70046568,-9.25767231,-1.81744933,5.74737453,-0.54499000,3.45620131,12.02721024,1.69316435,-8.97573757,-8.14280987,6.99809456,-11.31388664,0.36135435,-10.97923088,6.03349304
0.00000000,-10.85368538,-3.72284722,-9.22877216,-1.82726812,5.69397163,-0.58340091,3.38067770,12.02203083,1.69424593,-8.99004841,-8.08498383,7.03350735,-11.31467247,0.37390000,-11.03922939,5.99361610
0.00000000,-10.81588459,-3.72714663,-9.15620232,-1.77175498,5.71028900,-0.49630341,3.41281033,12.03208542,1.74204302,-8.94003487,-8.12292290,7.02458858,-11.24966812,0.38008559,-10.99435806,6.14046669
0.00000000,-10.72804737,-3.71271658,-9.16826057,-1.78293395,5.76583958,-0.45356032,3.38211608,12.01277828,1.74817121,-8.99851894,-8.01009655,6.90838289,-11.27766800,0.36806887,-10.98462296,5.92498875
0.00000000,-10.85032845,-3.71878076,-9.30264854,-1.82051671,5.73244953,-0.46147159,3.45356941,11.99719238,1.79360497,-8.85734653,-8.06970024,7.00619316,-11.28835487,0.37430772,-11.09352016,6.02888012
0.00000000,-10.81491280,-3.72840548,-9.26166630,-1.75425839,5.72804928,-0.56023133,3.41793776,11.94351387,1.76696861,-8.90862465,-8.03148460,7.01744080,-11.26041603,0.33321890,-11.06774712,5.99715233
0.00000000,-10.82162666,-3.73289919,-9.21334076,-1.84681582,5.74520969,-0.47740093,3.32456398,12.09147930,1.75945997,-8.99465466,-8.12417889,6.96918964,-11.22682571,0.34095562,-11.01103115,5.99381351
0.00000000,-10.78298187,-3.69769120,-9.32691097,-1.82139909,5.76217747,-0.51436263,3.42350936,12.04945469,1.70956171,-9.00995445,-8.18088341,7.03182888,-11.25865173,0.30439252,-11.02189541,5.97925377
0.00000000,-10.85759926,-3.71985221,-9.26605701,-1.77224612,5.74351692,-0.53213114,3.45817351,12.06547165,1.77377212,-8.94162083,-8.12495518,7.04976082,-11.22397614,0.36865538,-11.02175331,6.05793476
0.00000000,-10.76913452,-3.69824505,-9.20065498,-1.82517636,5.72091103,-0.52331102,3.34758902,11.99017811,1.72585142,-8.93648911,-8.07723618,7.03920460,-11.24158096,0.38498724,-10.94513416,6.01351643
0.00000000,-10.81891632,-3.76294804,-9.20639610,-1.80147040,5.72547913,-0.54090708,3.40980458,11.96131897,1.75064564,-8.99372768,-8.06018448,7.05555391,-11.22880554,0.32881689,-11.03256607,5.99545860
0.00000000,-10.86716080,-3.69418955,-9.24383450,-1.76281238,5.76507759,-0.48977891,3.39686775,12.06664181,1.74350846,-9.00678539,-8.08195305,7.05119514,-11.26630402,0.36142874,-11.09390259,6.04580879
0.00000000,-10.81059551,-3.68797708,-9.28180027,-1.79497814,5.70365143,-0.58089250,3.45529366,12.01662445,1.71313667,-8.96617126,-8.09711933,7.04908752,-11.30323982,0.34846854,-10.99160004,6.05489540
0.00000000,-10.79221344,-3.64769888,-9.14032459,-1.73277950,5.69646454,-0.51997626,3.34052157,11.97854233,1.65882850,-9.04101086,-7.96341515,6.92272806,-11.26122665,0.35699606,-10.99761486,6.04442215
0.00000000,-10.87089634,-3.66386771,-9.15107250,-1.77150643,5.78076458,-0.55627233,3.39125919,12.02226925,1.70943987,-9.01443100,-8.11215591,6.99125433,-11.23482132,0.41837716,-11.03552628,6.12322140
0.00000000,-10.74702358,-3.68404102,-9.18308640,-1.81379092,5.68405437,-0.54680479,3.33543038,11.94423676,1.70290577,-8.96106243,-8.04604149,6.96304464,-11.22523117,0.37096035,-11.03106499,6.03066158
0.00000000,-10.82814598,-3.73842168,-9.21638966,-1.76111770,5.72998714,-0.48176947,3.39508367,12.13825989,1.75941467,-8.97562027,-8.05801296,7.00954914,-11.29082870,0.32127333,-11.01464081,5.97760296
0.00000000,-10.76287365,-3.67005277,-9.18877983,-1.81182623,5.74869442,-0.53001773,3.33921576,11.94039249,1.71833932,-8.98034000,-7.99412012,6.95748329,-11.25004959,0.34840170,-10.99211121,5.94985962
0.00000000,-10.85703278,-3.69207215,-9.34499741,-1.82443106,5.75894260,-0.53394532,3.42662024,11.95709515,1.71018779,-8.98000240,-8.09749889,7.02017879,-11.21906471,0.29343826,-11.09108734,5.96039486
0.00000000,-10.86905384,-3.70988250,-9.32365036,-1.72784507,5.81719112,-0.57239276,3.46332550,12.11028862,1.72191489,-8.99666786,-8.17553711,7.06141520,-11.30331993,0.35128337,-11.02276993,6.10042286
0.00000000,-10.89524078,-3.63639140,-9.26678276,-1.81014216,5.79454041,-0.59885913,3.40487480,12.02769375,1.72601485,-8.91595650,-8.19556999,7.01967621,-11.28995705,0.32702714,-11.05400181,6.04396248
0.00000000,-10.89120579,-3.70651579,-9.27775669,-1.81058633,5.66985798,-0.48383608,3.40156078,12.04966927,1.74360621,-9.11830235,-8.11193180,7.06076765,-11.31530190,0.35572284,-11.08277321,6.01144791
0.00000000,-10.71300697,-3.71094608,-9.18943024,-1.85033512,5.72164249,-0.54252344,3.37715316,11.95572186,1.70884943,-8.97678661,-8.07220173,7.02604675,-11.24194145,0.32643804,-10.95064640,5.96259403
0.00000000,-10.82073593,-3.71255660,-9.20956802,-1.78145659,5.76455593,-0.52914596,3.31703854,12.03976536,1.76463568,-8.97347355,-8.08764935,6.98573828,-11.30052567,0.32708162,-11.03956413,6.05967331
0.00000000,-10.86116028,-3.72867441,-9.21342754,-1.76024044,5.77513409,-0.50798297,3.35665989,12.04900455,1.80556417,-8.93581772,-8.07609177,6.97840977,-11.25122833,0.33468181,-11.08141136,6.03707790
0.00000000,-10.84467125,-3.76161218,-9.23152924,-1.81477392,5.74382401,-0.53449315,3.37497258,12.13764381,1.77041531,-8.95743084,-8.11943245,7.05188417,-11.31279945,0.28582907,-11.06947613,6.01520443
0.00000000,-10.84852791,-3.69578767,-9.27757931,-1.78529227,5.77542019,-0.58557922,3.43586540,12.04863644,1.68145311,-9.04964828,-8.17759418,7.02552986,-11.30033302,0.30842644,-11.06444359,6.06953049
0.00000000,-10.77488136,-3.68632984,-9.21587372,-1.82011139,5.70711803,-0.55658954,3.36639261,11.93319511,1.66231441,-9.03431892,-8.00038624,7.00392866,-11.24773979,0.30324474,-10.96790695,6.01727390
0.00000000,-10.80472374,-3.71948051,-9.21625233,-1.71802986,5.79942608,-0.53960526,3.44242334,12.04816341,1.75492167,-8.96238899,-8.07457352,6.99910307,-11.23137665,0.38376650,-11.07479858,6.04615498
0.00000000,-10.77549076,-3.70666981,-9.26815128,-1.77009940,5.83149242,-0.60187173,3.36819673,12.01648235,1.72577345,-8.97272110,-8.14423656,6.96898079,-11.25034142,0.30590627,-10.99466991,6.01420975
0.00000000,-10.80961800,-3.71401310,-9.18760300,-1.80097139,5.71519566,-0.50275522,3.41217780,11.98797894,1.66158867,-9.01683521,-8.02581310,6.98011827,-11.24974060,0.38972601,-11.03835869,6.03553295
0.00000000,-10.78823948,-3.71383071,-9.27521992,-1.75115621,5.73321152,-0.51680195,3.35466385,12.00764370,1.74851632,-8.94863510,-8.06604767,6.98596621,-11.24404526,0.36406338,-11.01136303,5.97599316
0.00000000,-10.88720703,-3.71228218,-9.20479870,-1.76413000,5.76819515,-0.52655417,3.41258311,12.06654072,1.74947453,-8.95155716,-8.14423561,6.98992968,-11.26603317,0.37580341,-11.09357452,6.08343029
0.00000000,-10.73976231,-3.70859075,-9.19053078,-1.83275342,5.69958019,-0.51584309,3.40398836,11.94283295,1.70849609,-8.94196415,-8.07366657,6.94012594,-11.25635338,0.29015994,-10.95661640,6.05035496
0.00000000,-10.84735966,-3.74683690,-9.23952293,-1.81196404,5.74594975,-0.48910609,3.41266775,12.07824421,1.79771125,-8.96641254,-8.10748386,7.04278374,-11.30159378,0.29122329,-11.05949688,5.98255157
0.00000000,-10.80625629,-3.73597145,-9.19915676,-1.84244871,5.79388809,-0.49773219,3.33972049,11.99281216,1.75650454,-8.95655155,-7.98629570,7.02433968,-11.22276497,0.30344829,-10.99766541,6.03914261
0.00000000,-10.77960205,-3.75199461,-9.26415634,-1.74947727,5.79069901,-0.54749441,3.39760947,11.93043995,1.76123476,-8.89919662,-8.03311920,7.02798128,-11.28262329,0.33755267,-11.06162739,5.99292374
0.00000000,-10.77689552,-3.77242732,-9.25977993,-1.74485362,5.85382652,-0.61007041,3.41997886,12.13438034,1.77409148,-8.97644901,-8.15774918,7.02290869,-11.31362915,0.37804157,-11.09454155,6.06299973
0.00000000,-10.86965370,-3.64988041,-9.41046143,-1.76224864,5.82078075,-0.55695432,3.49436760,12.00472260,1.74222219,-8.93749905,-8.20997715,7.05757618,-11.26303291,0.37602028,-11.08482933,6.11050320
0.00000000,-10.95417786,-3.82368016,-9.29912376,-1.82029474,5.78789425,-0.52068448,3.40303111,11.98437023,1.81095695,-8.88731766,-8.11476421,7.04136658,-11.26842690,0.30831459,-11.11234570,6.07481956
0.00000000,-10.81707859,-3.69364166,-9.25416851,-1.81927359,5.76412678,-0.54834354,3.39177299,12.00291061,1.74484432,-8.95749569,-8.12027931,6.97464418,-11.33206749,0.30625632,-10.98252773,5.97742176
0.00000000,-10.85866547,-3.68448162,-9.22021198,-1.79299760,5.63492203,-0.54235280,3.44925618,12.03125858,1.71989250,-8.97020531,-8.21705151,6.99583292,-11.27241135,0.34587002,-11.01416874,6.05023098
0.00000000,-10.85076618,-3.74499917,-9.27868366,-1.75420141,5.74838066,-0.54098082,3.40754724,12.04394054,1.71722126,-8.95109940,-8.14019680,7.02734756,-11.25851250,0.35570645,-10.99791813,5.98365116
0.00000000,-10.78997898,-3.73916173,-9.23943996,-1.83411860,5.75884342,-0.53446174,3.42529917,11.94507027,1.71777022,-8.90935421,-8.07796955,7.01430225,-11.23523521,0.30079603,-11.01266575,5.98509026
0.00000000,-10.86729240,-3.71288610,-9.27620125,-1.86838579,5.74238110,-0.53554940,3.39352846,11.98171139,1.73503304,-8.99739933,-8.11435699,7.05476713,-11.24394608,0.34659684,-11.08010197,6.00245953
0.00000000,-10.82128239,-3.72098589,-9.29765034,-1.75550103,5.75725937,-0.56820756,3.42273736,12.07048416,1.74587154,-8.95450306,-8.14460945,6.95688534,-11.22614098,0.36646894,-11.02194691,5.99754524
0.00000000,-10.89017868,-3.73968005,-9.19806290,-1.79380667,5.82308865,-0.53243268,3.42420673,12.03248978,1.74503601,-8.99945259,-8.13612747,7.01223803,-11.26559448,0.36297560,-11.06727409,6.08695221
0.00000000,-10.80587769,-3.71957159,-9.22892952,-1.75959432,5.80102730,-0.54340285,3.39414096,12.03930283,1.70128703,-8.97130680,-8.04395103,7.01802254,-11.27679634,0.34621534,-11.05527592,6.06671524
0.00000000,-10.78116798,-3.74605465,-9.21488667,-1.81517935,5.73063946,-0.53894764,3.36995530,11.98726463,1.79347944,-8.92874432,-8.03275490,6.93965960,-11.24862480,0.35996199,-11.05349350,6.03886223
0.00000000,-10.82955456,-3.65570569,-9.31539345,-1.75088739,5.77362823,-0.52642727,3.39068031,12.01452446,1.79654860,-8.95145988,-8.11456108,7.03169727,-11.25184631,0.41087356,-11.04917240,5.99312115
0.00000000,-10.85197353,-3.78717279,-9.23264217,-1.82414436,5.77138329,-0.49753961,3.39710331,12.01474571,1.80076599,-8.86601448,-8.04645061,7.03343391,-11.31496620,0.41167754,-11.15106201,6.05099487
0.00000000,-10.85395336,-3.69596577,-9.24801540,-1.85829389,5.78787327,-0.57136077,3.42251110,12.00168514,1.67457664,-8.96549797,-8.14951611,7.02048016,-11.27971649,0.37169918,-11.03296375,6.06454849
0.00000000,-10.93102360,-3.78376865,-9.22900867,-1.81007600,5.74933147,-0.46538553,3.37302828,12.05858326,1.80543733,-8.97257042,-8.13743114,7.05190134,-11.32033730,0.36762089,-11.06898594,6.06175518
0.00000000,-10.93299580,-3.68468070,-9.18025875,-1.80028760,5.75256538,-0.50726706,3.45311785,12.07557487,1.71532226,-9.01767731,-8.12818146,7.00630093,-11.24035263,0.31072205,-11.07458496,6.04843807
0.00000000,-10.77086449,-3.74760652,-9.20701790,-1.82430804,5.76365280,-0.50976354,3.40534711,11.98185444,1.73287606,-8.98520184,-8.09644890,7.04356623,-11.32186127,0.36088324,-10.96605587,5.99145889
0.00000000,-10.86414719,-3.73974991,-9.27760506,-1.77682054,5.77095032,-0.54372919,3.43577957,12.08213329,1.69434798,-8.96877861,-8.22123146,7.01886511,-11.24378014,0.33109188,-11.00479507,6.04620838
0.00000000,-10.79714489,-3.70989847,-9.14018345,-1.80234683,5.67974091,-0.51909965,3.34483266,12.03166103,1.73151302,-8.99920559,-8.04001617,6.98536682,-11.24689865,0.31198192,-10.98352146,6.05007267
0.00000000,-10.81361675,-3.73537135,-9.36870575,-1.85243225,5.71664810,-0.55274212,3.49298787,11.98619938,1.73304510,-8.93096352,-8.08164120,7.04831409,-11.25644302,0.37013185,-11.02773857,6.03505135
0.00000000,-10.79121494,-3.72616744,-9.21177769,-1.84642625,5.72651577,-0.54717535,3.38832140,11.96441364,1.72143531,-8.95522881,-8.01519203,7.00602007,-11.26650810,0.39509714,-11.00459957,5.97669029
0.00000000,-10.87741947,-3.72354150,-9.24951744,-1.76412666,5.76159477,-0.55146736,3.46340084,11.93512344,1.70888507,-8.96843719,-8.18388176,7.03685856,-11.34477043,0.34439766,-11.02101803,6.03882122
0.00000000,-10.87273788,-3.71509099,-9.27401257,-1.80102086,5.78067398,-0.59571660,3.40589619,12.07177830,1.67559564,-9.03680897,-8.12015915,7.03011227,-11.34348679,0.35283008,-11.04664230,6.09306240
0.00000000,-10.80427742,-3.68628597,-9.27978706,-1.83658636,5.72284603,-0.54124171,3.41688347,12.01524353,1.70898700,-8.99721432,-8.08719444,7.03880215,-11.27646446,0.34390152,-10.98122215,6.02998734
0.00000000,-10.86601353,-3.77770591,-9.26371002,-1.77287555,5.76046658,-0.48225871,3.45802140,12.04672813,1.75457275,-8.98404884,-8.14593124,7.00979805,-11.31099510,0.36734623,-11.02188492,6.06206322
0.00000000,-10.81820965,-3.67916727,-9.20099735,-1.84679210,5.72030163,-0.53878999,3.33156943,12.01693439,1.75394809,-8.96796513,-8.09123325,7.01174879,-11.27167892,0.39902893,-11.01818657,6.03712273
0.00000000,-10.86524773,-3.74165177,-9.22571754,-1.74156165,5.80808258,-0.55769223,3.40898943,12.02299404,1.71152067,-8.91781998,-8.09963894,7.05690765,-11.22839165,0.38819188,-11.03557396,6.05076504
0.00000000,-10.64456463,-3.72268891,-9.15425587,-1.81813431,5.73146152,-0.49586037,3.33547497,11.88946915,1.72943068,-8.89934349,-7.97179604,6.99787569,-11.24596977,0.34718367,-10.90461445,5.89693260
0.00000000,-10.87738895,-3.81903243,-9.21282864,-1.71801221,5.70262623,-0.50035697,3.45086741,12.13625526,1.83145750,-8.89977551,-8.12690067,7.03112793,-11.30541229,0.34332940,-11.08570957,5.96223164
0.00000000,-10.77014256,-3.70158172,-9.24929237,-1.77150083,5.70489883,-0.49196330,3.40861225,11.92738533,1.76822722,-8.93459320,-8.03471565,6.99130678,-11.23930168,0.37599570,-11.02690697,6.06946754
0.00000000,-10.85119438,-3.75447154,-9.23681831,-1.82652819,5.75472546,-0.51315624,3.40676284,12.00698662,1.77552950,-8.92428970,-8.14208984,7.04300070,-11.24535370,0.37204596,-11.03647900,6.03604031
0.00000000,-10.78442192,-3.68614864,-9.21878242,-1.85211861,5.74489307,-0.48056355,3.37515020,12.03603649,1.78150213,-8.88699913,-8.07815933,6.98439884,-11.27413368,0.36120224,-10.98646450,6.03016949
0.00000000,-10.80834961,-3.78143907,-9.24993420,-1.84445381,5.74285126,-0.53786618,3.32253456,12.05694389,1.76301277,-8.95444489,-8.08278656,7.01355124,-11.19157410,0.30231315,-11.05137444,6.01366711
0.00000000,-10.85506725,-3.67364979,-9.17671776,-1.82247698,5.73053074,-0.53831267,3.38242030,12.07682896,1.71523499,-8.98821926,-8.11318493,6.99087715,-11.27548981,0.30674559,-10.98671341,6.10998821
0.00000000,-10.96045780,-3.76871705,-9.28649426,-1.79920828,5.77627277,-0.52739871,3.49071860,12.09080315,1.79538476,-8.88753700,-8.17972088,7.07693911,-11.33545303,0.40947339,-11.10508633,6.03957748
0.00000000,-10.83794308,-3.71568751,-9.24541378,-1.79036045,5.81089306,-0.53842705,3.38411760,12.01889038,1.72178924,-8.96358109,-8.08114243,7.03771734,-11.32301712,0.35310674,-11.05322742,6.06471252
0.00000000,-10.82275867,-3.70710349,-9.21595669,-1.81235456,5.74425888,-0.52406025,3.48276091,11.97402763,1.70090055,-8.97014713,-8.16273785,6.98749876,-11.25417900,0.32788837,-11.02228260,6.07404804
0.00000000,-10.79996204,-3.69969606,-9.25509548,-1.81301677,5.73932552,-0.52038431,3.42227697,11.93391037,1.73404157,-8.86568832,-8.09082413,7.01757622,-11.20055771,0.34831282,-11.01774883,6.00696468
0.00000000,-10.85758495,-3.72415304,-9.19265270,-1.79797053,5.76095676,-0.55180603,3.42117691,11.99436665,1.79438388,-9.01630592,-8.12025452,7.03499079,-11.20852661,0.40546960,-11.05889034,6.05943012
0.00000000,-10.76437092,-3.76999187,-9.20236969,-1.78297472,5.82264042,-0.50079536,3.38900185,11.96022797,1.77839267,-8.94672966,-7.98228264,7.00118685,-11.20643997,0.38413894,-11.02529049,5.98647881
0.00000000,-10.70648289,-3.70755363,-9.25904083,-1.79474318,5.80442619,-0.54597020,3.37602544,11.91128922,1.69158447,-8.91718483,-8.02281284,6.98229122,-11.20721626,0.38220647,-10.97529316,5.99575329
0.00000000,-10.79680538,-3.70311356,-9.24973392,-1.80669224,5.72024155,-0.46935931,3.36656666,11.99278831,1.78896105,-8.97531414,-8.08025837,7.04248524,-11.26963997,0.37099648,-11.03250408,5.97259521
0.00000000,-10.84349442,-3.72835970,-9.31823921,-1.76963997,5.81476593,-0.52139384,3.43932152,12.06404305,1.83571684,-8.99833679,-8.21707249,7.02988052,-11.18919563,0.33938777,-11.03702259,6.04035950
0.00000000,-10.80903530,-3.73654342,-9.17960930,-1.79091787,5.74054527,-0.52815688,3.37121940,12.01137352,1.70022357,-9.05083275,-8.06042385,7.03143024,-11.25261688,0.33839139,-11.03898525,6.01932049
0.00000000,-10.94398880,-3.73924017,-9.32540321,-1.67626178,5.75045586,-0.54076320,3.50959063,12.12793827,1.81555021,-8.91480446,-8.17461395,7.05590820,-11.30033302,0.40005118,-11.10452175,6.04723167
0.00000000,-10.81848526,-3.76614213,-9.20776653,-1.78341329,5.73991489,-0.48534724,3.40624762,12.05142403,1.76932430,-9.01091957,-8.11759090,6.94587660,-11.26338196,0.32750413,-11.03743649,6.03571033
0.00000000,-10.82191467,-3.71289730,-9.24114227,-1.73699105,5.74546242,-0.50336349,3.36082554,12.00027847,1.74671924,-9.03601837,-8.01404190,6.97973394,-11.19839096,0.38484538,-11.07601547,6.05203819
0.00000000,-10.90096474,-3.72631502,-9.25386620,-1.81580257,5.73927116,-0.51016098,3.39246678,12.01892471,1.81144536,-9.01834011,-8.16553020,7.04309607,-11.28904724,0.34365261,-11.07181358,6.02256775
0.00000000,-10.91170120,-3.69835043,-9.31622219,-1.78604519,5.85387707,-0.55234039,3.48552036,12.13248158,1.74828327,-8.97798538,-8.22569275,6.99901485,-11.26867104,0.29698741,-11.08558464,6.08985329
0.00000000,-10.83480644,-3.72238016,-9.30149651,-1.75409091,5.79439545,-0.60253787,3.43442822,12.03769970,1.69347739,-8.94480991,-8.07614994,7.00473118,-11.25255203,0.34269047,-11.01615429,6.06443787
0.00000000,-10.86923790,-3.76360941,-9.21448040,-1.74893141,5.78393364,-0.62046117,3.43175650,12.03300476,1.76837945,-9.00221252,-8.09372807,7.01376772,-11.21761131,0.33595210,-11.04934788,6.07371330
0.00000000,-10.76493740,-3.75788569,-9.17626476,-1.83941317,5.79404736,-0.52331704,3.35185075,11.97375679,1.74579525,-8.92923927,-8.00003338,6.99524593,-11.27123070,0.35162443,-11.03550053,6.04607201
0.00000000,-10.77872849,-3.72011709,-9.21826458,-1.84534550,5.71605682,-0.47410104,3.37508655,11.97260284,1.68931508,-8.99152946,-8.09061050,7.06030846,-11.28760529,0.33322626,-10.93248272,6.05136395
0.00000000,-10.74862385,-3.64046955,-9.22527218,-1.85858989,5.74306488,-0.54188669,3.35585499,11.91196918,1.74034679,-8.97056007,-8.10228443,6.93244171,-11.19897842,0.31269962,-10.96978855,6.01705647
0.00000000,-10.81794548,-3.69351411,-9.16660500,-1.74844694,5.73028183,-0.48115489,3.40602803,11.98685455,1.71532297,-9.00672817,-8.04292297,6.99775076,-11.26173401,0.39553183,-10.97540474,6.01010323
0.00000000,-10.86436749,-3.70366168,-9.17728615,-1.80191338,5.80482101,-0.50739163,3.36089039,12.06246948,1.73243082,-9.01449394,-8.11646461,6.98104429,-11.30141258,0.36208916,-11.05096722,6.03377724
0.00000000,-10.83419514,-3.78340912,-9.20480061,-1.83180714,5.72255993,-0.50417310,3.40424967,11.98182869,1.73843992,-8.95554924,-8.06886101,6.96619654,-11.26168823,0.34740084,-11.03762627,5.98392010
0.00000000,-10.81793022,-3.64763880,-9.22918797,-1.79796040,5.73159313,-0.55461210,3.39573836,11.92020512,1.75923121,-8.92165661,-8.03488922,7.03422070,-11.19914055,0.38674250,-11.05183887,6.05501938
0.00000000,-10.86601639,-3.71757770,-9.23734760,-1.83469868,5.76145649,-0.57368040,3.38701415,12.09052277,1.76617682,-8.98072052,-8.12001514,7.08302593,-11.27939987,0.34189892,-11.02686024,6.10357952
0.00000000,-10.94817924,-3.68960953,-9.20626259,-1.80630636,5.72709179,-0.52472347,3.42544913,12.00338650,1.76717925,-8.94074821,-8.21691036,7.01558828,-11.26293182,0.44561613,-11.05755234,6.10790539
0.00000000,-10.71919727,-3.70075893,-9.19973373,-1.77408218,5.72656727,-0.52088642,3.46467614,11.98521137,1.68521452,-9.03699493,-8.15021229,7.02101803,-11.24588966,0.33880341,-10.97888184,6.00804329
0.00000000,-10.82389641,-3.75565624,-9.20392418,-1.84518743,5.73285961,-0.45767084,3.39220619,12.00255108,1.79569006,-8.94453812,-8.05594254,7.01022482,-11.32635689,0.34590673,-11.03643131,5.95887756
0.00000000,-10.80000687,-3.69963622,-9.16895199,-1.78583741,5.75109959,-0.53046662,3.36803603,12.01566696,1.72099209,-8.99222660,-8.07444477,7.00853252,-11.24785805,0.39297789,-11.02410507,6.00152493
0.00000000,-10.82934570,-3.72075534,-9.26432228,-1.71196735,5.75292778,-0.51678634,3.47025967,12.10806084,1.72588468,-9.05927372,-8.18688202,6.97034121,-11.25524330,0.32092276,-11.06675053,6.00862026
0.00000000,-10.83922005,-3.75980186,-9.24101639,-1.69412780,5.69765663,-0.56296581,3.41606164,12.10802078,1.79439068,-9.01280212,-8.17866421,6.99832964,-11.23984718,0.40971139,-10.98134995,6.05856705
0.00000000,-10.83996868,-3.71866894,-9.16938210,-1.79381275,5.74819183,-0.58018625,3.36670160,11.96328449,1.72703922,-8.96998787,-7.99340534,7.05883312,-11.22174644,0.33257812,-11.04263115,6.04803658
0.00000000,-10.78864098,-3.73363519,-9.19680500,-1.76879382,5.70445824,-0.56259763,3.42857075,12.03384876,1.70342696,-9.04093361,-8.10779572,6.98597622,-11.29877853,0.30239427,-11.01237965,6.06250763
0.00000000,-10.81571198,-3.73029017,-9.22624969,-1.76939392,5.72774887,-0.60945719,3.35022736,12.04533768,1.71031547,-9.01696396,-8.10807419,7.00507593,-11.25524521,0.37760064,-11.00208950,6.00371456
0.00000000,-10.84450912,-3.72473693,-9.22083759,-1.78711271,5.79036617,-0.53318661,3.40824986,11.99977970,1.74836218,-9.00076580,-8.11620426,6.97741461,-11.25929642,0.30991995,-11.05364704,5.99678707
0.00000000,-10.79573059,-3.73033619,-9.23603725,-1.76760209,5.78026104,-0.57269472,3.46254849,12.02232933,1.75081468,-8.90778255,-8.08763504,6.98045444,-11.25380898,0.39058697,-11.05280972,5.96508980
0.00000000,-10.85948658,-3.73956895,-9.22438526,-1.88130295,5.78649521,-0.56297106,3.39924884,11.95267677,1.70008683,-8.97111416,-8.03446960,7.07421160,-11.25479507,0.29101938,-11.07921505,6.05123425
0.00000000,-10.83421516,-3.71669674,-9.26412964,-1.72858429,5.73254871,-0.52833962,3.42869663,12.02038670,1.73510993,-8.95273876,-8.16321945,7.04232359,-11.28072739,0.33020362,-10.99549580,6.03173351
0.00000000,-10.82911110,-3.73863387,-9.32785320,-1.79310596,5.76487064,-0.52952123,3.47120357,12.00639725,1.79640257,-8.89264297,-8.09886551,7.03161192,-11.20860672,0.38786292,-11.10685349,6.00074482
0.00000000,-10.78956509,-3.71696496,-9.34202576,-1.78829265,5.76913643,-0.52979875,3.42254186,11.99201298,1.77570963,-8.93672943,-8.10502148,6.98800945,-11.23040581,0.36660701,-10.97390366,6.04946327
0.00000000,-10.86259651,-3.69471264,-9.28278828,-1.84662843,5.78421307,-0.54864746,3.44975781,11.87899017,1.77619088,-8.92473888,-8.09544754,7.01041412,-11.24143410,0.39315790,-11.07284737,6.08288097
0.00000000,-10.82421112,-3.73869586,-9.31490993,-1.83436096,5.77884388,-0.48036644,3.39758801,12.07082653,1.78290188,-8.99370670,-8.14096546,7.07164431,-11.26155281,0.30991343,-11.07518482,5.95875454
0.00000000,-10.79075527,-3.69205952,-9.27074718,-1.76659083,5.72603512,-0.53582305,3.36163163,12.02755356,1.74280798,-8.97787476,-8.05194473,7.03593254,-11.24903870,0.38211527,-10.99937439,5.98156738
0.00000000,-10.80233192,-3.71324062,-9.17304039,-1.80967593,5.74963474,-0.49937496,3.35018730,12.02767849,1.70838106,-8.97584248,-7.96919107,6.94958591,-11.21832275,0.34510899,-11.01996803,6.04847717
0.00000000,-10.80412102,-3.70119357,-9.25589657,-1.77704084,5.74952126,-0.55755687,3.42178488,12.01907158,1.74519122,-8.97462273,-8.03922749,7.04960346,-11.20637703,0.37289184,-11.05699921,5.97873211
0.00000000,-10.82039261,-3.67012572,-9.21297741,-1.77570021,5.74882507,-0.47391662,3.43110847,11.86957359,1.72717237,-8.94944000,-8.04224110,6.97928810,-11.23243332,0.37052953,-11.03085804,5.99278259
0.00000000,-10.88656139,-3.69436550,-9.20409203,-1.76123869,5.76272964,-0.48907200,3.44405174,12.01076031,1.76996720,-8.98025227,-8.15321636,7.03353071,-11.30137444,0.30775064,-11.07949543,6.05896854
0.00000000,-10.74950790,-3.68198800,-9.27628517,-1.80163145,5.72198296,-0.54613543,3.39070368,12.01279545,1.72363341,-8.96028614,-8.08404255,6.98158598,-11.24476814,0.34408128,-10.94046974,5.98944187
0.00000000,-10.77696228,-3.72846985,-9.24789238,-1.75083017,5.71645737,-0.48348549,3.36536622,12.01804447,1.71407425,-8.96845722,-8.13438129,6.95856285,-11.23494720,0.33304453,-10.96653461,5.93881893
0.00000000,-10.81401443,-3.71375132,-9.19131947,-1.77974749,5.74734592,-0.50567979,3.36863112,11.99532890,1.71607411,-8.95612431,-8.05559635,7.03768778,-11.27520752,0.32420772,-11.06150055,6.02039909
0.00000000,-10.81938553,-3.70926523,-9.28402710,-1.78999877,5.71405888,-0.53024900,3.39024520,12.04360485,1.73610544,-9.01947975,-8.06514835,6.97817087,-11.19613266,0.38077289,-11.01145363,6.03959656
0.00000000,-10.90238380,-3.71147943,-9.21539593,-1.79945040,5.77210903,-0.58527207,3.41586328,12.02706623,1.71311104,-8.95634460,-8.12929821,6.96402740,-11.25667572,0.41180950,-11.03877258,6.08251953
0.00000000,-10.79235077,-3.72660398,-9.15347195,-1.76874924,5.73089981,-0.55865943,3.36415553,12.04822826,1.70564210,-9.05955887,-8.16432190,7.02008390,-11.28248024,0.37205896,-11.01279831,6.02891731
0.00000000,-10.73467350,-3.68594408,-9.19573307,-1.75766408,5.73597813,-0.57313788,3.30349398,11.94978142,1.71183479,-8.92127132,-7.98263025,6.99209118,-11.24149704,0.34453338,-11.00452805,6.00790405
0.00000000,-10.76231670,-3.68202329,-9.18958569,-1.81115472,5.75580597,-0.52920938,3.37651348,11.93677235,1.71863234,-8.97436905,-8.05066490,6.92542315,-11.24686432,0.31563658,-11.00783634,6.11514473
0.00000000,-10.77153683,-3.72580361,-9.24778748,-1.81061506,5.75840855,-0.51059943,3.37892675,11.97915268,1.69905424,-9.00206852,-8.10536861,6.98638725,-11.31117249,0.29358560,-11.00967884,6.01384926
0.00000000,-10.76467133,-3.74622297,-9.19615173,-1.79897189,5.81336403,-0.53737336,3.45399165,11.98563004,1.70368218,-8.94487286,-8.07170010,7.02135754,-11.19205475,0.31548694,-11.04090309,6.04157448
0.00000000,-10.85457516,-3.70368791,-9.36983681,-1.77983773,5.81333637,-0.51840198,3.43708277,12.01097202,1.73003340,-9.02359390,-8.19051266,7.04599905,-11.31785011,0.36706010,-11.05527687,6.11358452
0.00000000,-10.85470963,-3.71532393,-9.22195911,-1.77557373,5.75782871,-0.52078640,3.37843108,11.99028301,1.70802224,-9.00963783,-8.04637527,7.05717659,-11.27646065,0.31714869,-11.07082272,6.01513767
0.00000000,-10.82915592,-3.72904539,-9.19861889,-1.81256711,5.74437237,-0.53642637,3.39342785,11.92661572,1.68856311,-8.99375916,-8.00439835,7.05807352,-11.24682808,0.30675814,-11.04432106,5.98602962
0.00000000,-10.84215069,-3.66541505,-9.18456078,-1.81069982,5.73766804,-0.44913700,3.31722856,12.00454235,1.71243823,-8.96288300,-8.04630756,7.00815248,-11.25852203,0.35859340,-11.02000809,6.01821899
0.00000000,-10.74431705,-3.77501869,-9.23056507,-1.78985274,5.73222542,-0.48776868,3.38092756,12.06419182,1.76243997,-8.95360947,-8.08362865,7.00672483,-11.30059624,0.39038894,-11.02554035,5.97613049
0.00000000,-10.78339577,-3.73261523,-9.24806499,-1.83045113,5.73595333,-0.52159446,3.43564034,12.00610256,1.74942827,-8.87191391,-8.10046673,6.99078798,-11.29084015,0.32911015,-11.02399540,6.03918552
0.00000000,-10.74671459,-3.65194821,-9.23433304,-1.81514394,5.70803356,-0.51673216,3.37297916,11.93741226,1.70728517,-8.94457340,-8.04079723,6.97008324,-11.23802757,0.36230189,-10.95291233,6.01965427
0.00000000,-10.77197552,-3.68079972,-9.20381546,-1.82776904,5.68339348,-0.54867619,3.35512733,12.00010395,1.70039499,-8.98880386,-8.05330276,6.99648380,-11.25906372,0.30402601,-11.01952076,6.09845924
0.00000000,-10.78439331,-3.73104119,-9.20363903,-1.80985594,5.73070240,-0.51305258,3.35525393,11.96422958,1.70181394,-8.94732666,-8.07562351,6.94203138,-11.23696518,0.34324142,-10.99925613,6.02721024
0.00000000,-10.81576347,-3.72539616,-9.34780979,-1.78593552,5.77641201,-0.52616900,3.40551639,12.04396152,1.76570964,-9.00681305,-8.09204865,7.05018520,-11.20266533,0.29229689,-11.04987812,6.04856300
0.00000000,-10.77643013,-3.68471098,-9.22579765,-1.82785249,5.69789219,-0.55805558,3.40194750,12.01626015,1.72790253,-8.96838760,-8.05294323,6.96120787,-11.26438522,0.28936121,-10.97385120,6.06847763
0.00000000,-10.82256317,-3.72226930,-9.22349644,-1.80739689,5.73562622,-0.55711108,3.36487055,11.93755531,1.81261063,-8.92254162,-7.98671103,7.07159758,-11.24564552,0.35194236,-11.12664795,5.98608971
0.00000000,-10.75513744,-3.77302575,-9.22339630,-1.87119997,5.71355152,-0.47742161,3.44075012,11.98346329,1.76058543,-8.90561295,-8.08454514,6.97770786,-11.21906853,0.33705282,-11.00314522,5.92226982
0.00000000,-10.84284306,-3.73191881,-9.29312706,-1.80677986,5.67673779,-0.55658156,3.44472814,12.12163734,1.78232896,-8.94938278,-8.18276119,7.00754309,-11.27634621,0.30592567,-10.98607159,5.99018955
0.00000000,-10.81720734,-3.72025990,-9.19347286,-1.80224037,5.82258987,-0.53391355,3.35692620,12.04601955,1.74001467,-8.96071053,-8.10245991,7.05984926,-11.19797325,0.32600695,-10.99735260,6.01250458
0.00000000,-10.74114609,-3.71641397,-9.19255257,-1.87810445,5.66794109,-0.50289136,3.41504741,11.91565895,1.76037669,-8.94625187,-8.03687382,7.06080866,-11.26790619,0.31005734,-11.00156879,5.96324444
0.00000000,-10.79436111,-3.73972273,-9.27793789,-1.83468032,5.73552322,-0.52401704,3.36262870,12.03205109,1.78239727,-8.95346069,-8.14252281,7.00581741,-11.25354385,0.32827923,-11.02689362,6.02282906
0.00000000,-10.79201126,-3.72378707,-9.32122517,-1.86820328,5.74856663,-0.55559844,3.37492085,11.96703434,1.69712842,-8.97488689,-8.08162785,7.01332331,-11.22504234,0.31298631,-10.96058750,5.98571014
0.00000000,-10.84171963,-3.70369148,-9.33889675,-1.84578514,5.75056362,-0.49278995,3.45250869,11.96985054,1.78123701,-8.88951683,-8.10685539,7.02817488,-11.20931244,0.32950354,-11.05628872,6.00243664
0.00000000,-10.83867645,-3.72145224,-9.24644089,-1.77954805,5.68529987,-0.43944404,3.40848899,12.01779652,1.74769115,-8.91793251,-8.05743027,7.02139378,-11.31797981,0.41331732,-11.10253048,5.97738647
0.00000000,-10.87370014,-3.78365397,-9.23806667,-1.80831516,5.76041412,-0.51316196,3.44236112,12.03766918,1.73396277,-8.96592236,-8.18983173,7.01893997,-11.27492714,0.28062546,-11.09272671,5.99471188
0.00000000,-10.75476646,-3.69680667,-9.09664440,-1.81509018,5.71977043,-0.54316759,3.38714242,11.94929409,1.73901045,-8.97854233,-8.11003685,6.96073294,-11.25619888,0.37074640,-10.96724319,5.96960449
0.00000000,-10.85362530,-3.75576138,-9.30371952,-1.77589762,5.80357170,-0.53956401,3.45562100,12.04367638,1.78353035,-8.92525482,-8.15596676,7.02047873,-11.26629829,0.36351678,-11.00736141,6.04424858
0.00000000,-10.80889702,-3.68948674,-9.24941826,-1.81430483,5.71444893,-0.53257430,3.37709403,12.03932190,1.73994505,-9.00904274,-8.12728119,6.99897814,-11.25801086,0.33485729,-11.02264881,6.00981331
0.00000000,-10.92613125,-3.69075918,-9.27721405,-1.77623892,5.75809669,-0.52162486,3.44794178,12.09167194,1.80663741,-8.97785854,-8.14805603,7.03063631,-11.28129959,0.39586851,-11.06237507,6.03613567
0.00000000,-10.95091438,-3.70370722,-9.19114017,-1.79923105,5.74508858,-0.54037035,3.37363958,11.97134495,1.76282120,-9.01483727,-8.14563847,7.10568142,-11.28599548,0.36660653,-11.07867050,6.08000469
1.00000000,-11.13624096,-4.10291910,-9.38238811,-1.51583052,5.83206081,-0.76469088,3.58121395,12.36045933,1.98725355,-8.69450188,-8.47243023,6.95277023,-11.21111107,0.35693008,-11.35469818,6.20530891
1.00000000,-11.12685013,-4.00650549,-9.36139107,-1.55995941,5.75880432,-0.63680738,3.66855764,12.29959297,1.95304322,-8.96628094,-8.38336658,7.20989418,-11.29077339,0.29678440,-11.33839321,5.98281097
1.00000000,-11.29059124,-3.99677229,-9.39321995,-1.50655794,5.85273647,-0.70979249,3.70089960,12.48262501,2.07115459,-8.76336479,-8.64053345,7.14183903,-11.41231918,0.42503133,-11.42648029,6.09575272
1.00000000,-11.07924557,-3.88349104,-9.31660843,-1.54106843,5.89140129,-0.71995443,3.65277648,12.35085201,1.95514464,-8.79932213,-8.43329430,6.99143219,-11.25471115,0.31305563,-11.31326962,6.10487175
1.00000000,-11.16425323,-3.92690277,-9.36227703,-1.60112405,5.84396553,-0.68814856,3.59776115,12.32862949,1.78284538,-8.64177704,-8.56683064,6.93667936,-11.33480644,0.25533539,-11.39805031,6.12533855
1.00000000,-11.06261539,-3.83147907,-9.36675167,-1.48714674,5.88899517,-0.57728714,3.55694699,12.39427948,1.95440435,-9.07058525,-8.40790653,7.04970837,-11.17222404,0.35644203,-11.33218861,6.10926437
1.00000000,-11.12845135,-3.91843534,-9.27736950,-1.63811064,5.81069183,-0.53918773,3.52490902,12.20436001,1.85702503,-8.90728569,-8.45416355,7.17158079,-11.34418678,0.27926692,-11.22680378,6.05944347
1.00000000,-11.07991409,-3.88409352,-9.21767139,-1.50056684,5.86531734,-0.60751486,3.71750283,12.29047298,1.82202601,-8.88682938,-8.58002949,6.92628956,-11.27341843,0.45495185,-11.30978489,6.05323029
1.00000000,-11.20002365,-3.89059067,-9.37067318,-1.52170098,5.79869843,-0.65886885,3.70642757,12.42361927,1.95375955,-8.83765697,-8.45408058,6.92833519,-11.27221870,0.26544815,-11.34710598,6.05186939
1.00000000,-11.16351795,-3.89789581,-9.31330585,-1.58741701,5.67058849,-0.54162973,3.64381623,12.35558987,1.96265280,-8.80439949,-8.49392891,6.91479492,-11.10179138,0.30423817,-11.27826786,6.20996857
1.00000000,-11.18310070,-3.74938226,-9.50731277,-1.56990218,5.73906517,-0.58044058,3.73000193,12.32912064,1.97262478,-8.97842979,-8.47344112,7.08864021,-11.34661484,0.51331758,-11.36708832,5.95038605
1.00000000,-11.31385612,-3.80991101,-9.26556396,-1.52179968,5.71470833,-0.59917116,3.59971857,12.32832623,1.90451026,-8.95184422,-8.42457676,7.09208202,-11.29746819,0.38401687,-11.30385494,6.19164848
1.00000000,-10.99763203,-3.79353166,-9.14624596,-1.64776158,5.79542637,-0.58630192,3.47863531,12.21829224,1.70671368,-8.92207336,-8.30273628,6.95716858,-11.23785019,0.36801323,-11.21065044,6.19169426
1.00000000,-11.21969891,-3.89490461,-9.41831589,-1.53173780,5.92632389,-0.62937760,3.67087913,12.31775951,1.92307484,-8.87497044,-8.42716503,6.91451073,-11.16100311,0.30565643,-11.39170074,6.10266590
1.00000000,-11.09897137,-3.81914949,-9.25530529,-1.48519850,5.79780769,-0.65230995,3.66878581,12.14796543,1.85107148,-8.75501537,-8.43483734,7.01056147,-11.31502151,0.27833891,-11.33570480,6.01989841
1.00000000,-11.14585114,-3.89886928,-9.42580509,-1.51455641,5.88483238,-0.67786700,3.69811368,12.31224918,1.94421375,-8.83149147,-8.57686901,6.95177937,-11.30229568,0.33299547,-11.23592091,6.02891827
1.00000000,-11.13266754,-3.87080026,-9.39870548,-1.44261742,5.78410435,-0.76397228,3.63342595,12.33821392,1.83772242,-8.79828358,-8.47745991,7.05993176,-11.24308205,0.39283937,-11.36684322,6.06636143
1.00000000,-11.15387535,-3.85073972,-9.26949024,-1.66167998,5.85060120,-0.72891039,3.57931161,12.21952534,1.76245880,-8.92187786,-8.42193890,7.06504536,-11.33847046,0.26198056,-11.39175320,6.17520428
1.00000000,-11.15357876,-3.81062436,-9.39291000,-1.61004007,5.82549286,-0.58368599,3.64454150,12.29834366,1.88932967,-8.91497326,-8.37544346,7.05088902,-11.36919975,0.42721841,-11.46148205,6.12969398
1.00000000,-11.19795513,-3.91238189,-9.41714954,-1.42028677,5.86591911,-0.66652429,3.60349989,12.30582237,1.82196164,-8.93119431,-8.46056938,7.04728079,-11.33227348,0.15148745,-11.40490150,6.08946228
1.00000000,-11.01343441,-3.72760773,-9.34731483,-1.55353022,5.69510651,-0.56379956,3.60637689,12.31497002,1.82480526,-8.99299240,-8.41255188,7.19519949,-11.11969757,0.30652231,-11.23101234,5.95763016
1.00000000,-11.10757732,-3.82321405,-9.27280331,-1.60521138,5.75464821,-0.65016723,3.57024550,12.14921761,1.78121412,-8.91076469,-8.34406662,7.00831366,-11.19506073,0.36649710,-11.23870468,6.16419220
1.00000000,-11.12171078,-3.88445830,-9.43024826,-1.55826688,5.91270924,-0.51927680,3.71697927,12.31456184,1.98157215,-8.78428650,-8.38073730,7.04620028,-11.19224167,0.38859007,-11.28862095,6.12054539
1.00000000,-11.01413536,-3.96922064,-9.20800114,-1.62786961,5.74480820,-0.61437434,3.54631925,12.27044868,1.82236290,-8.87286854,-8.36854267,6.98327732,-11.25955582,0.34985518,-11.29300022,6.01581669
1.00000000,-11.08061218,-3.90702581,-9.30850697,-1.51566887,5.89430332,-0.62506813,3.67067575,12.35035515,1.83172166,-8.75950718,-8.50842285,6.96694517,-11.35470772,0.24236345,-11.36786175,6.02504349
1.00000000,-11.03324795,-3.94231844,-9.25828171,-1.54135180,5.85588551,-0.55926621,3.56480861,12.20268726,1.91746342,-8.94637108,-8.33186913,6.88628817,-11.26755524,0.40397841,-11.27290535,6.06662369
1.00000000,-11.27884674,-3.88936758,-9.38227463,-1.48657322,5.95146847,-0.56375790,3.64231277,12.31093502,1.83295202,-8.93130398,-8.46453094,7.08619642,-11.28259468,0.25587681,-11.29625034,6.10567188
1.00000000,-11.13151550,-3.82737470,-9.48576069,-1.60077143,5.91943169,-0.66878325,3.44946218,12.31604195,1.86987913,-8.87355804,-8.49784565,7.01520586,-11.19447136,0.36475909,-11.40438175,5.98228645
1.00000000,-11.22061443,-3.86827564,-9.29966068,-1.54737127,5.72453308,-0.67436093,3.66005254,12.31878281,1.78642654,-8.69558144,-8.35449982,7.02249384,-11.30420303,0.40579912,-11.42182064,5.95448112
1.00000000,-11.18503666,-3.92489219,-9.20274258,-1.61849833,5.84108353,-0.68594307,3.66228008,12.34984684,1.75523090,-8.88407421,-8.54503822,7.05432034,-11.26005936,0.38021174,-11.31326199,6.16587162
1.00000000,-11.09901237,-4.00421238,-9.37281036,-1.62656713,5.85720825,-0.54589319,3.69839001,12.43590927,2.06492710,-8.87899494,-8.51979256,7.09899807,-11.28152275,0.37124792,-11.29777241,6.13456821
1.00000000,-11.03946972,-3.85680413,-9.43817043,-1.64081669,5.76807785,-0.62323630,3.70896292,12.34083843,1.89630449,-9.04874706,-8.35496140,7.03570843,-11.19739151,0.41934219,-11.31057739,6.15722179
1.00000000,-11.05594444,-3.82858157,-9.41047955,-1.62026834,5.90644646,-0.60817903,3.55857468,12.24851418,1.86991274,-8.81190014,-8.34357929,7.03289318,-11.26722145,0.32107070,-11.32330799,5.97124004
1.00000000,-11.05640221,-3.78255606,-9.41528034,-1.41453707,5.74811077,-0.60803336,3.69854593,12.16254330,1.84308386,-8.96615791,-8.49290848,7.16185617,-11.34128761,0.25779432,-11.25102615,6.01678753
1.00000000,-11.28023911,-3.88054919,-9.40808868,-1.51042998,5.96932411,-0.57148248,3.74253511,12.38395500,1.95945501,-8.96709442,-8.59479523,6.95880938,-11.38951683,0.35972583,-11.47676086,6.18491840
1.00000000,-11.26496410,-4.04405260,-9.36543465,-1.50001860,5.87508297,-0.65915585,3.64363432,12.32619953,1.90117228,-8.80186749,-8.57890034,7.08487749,-11.32169342,0.29559228,-11.27618122,6.14346218
1.00000000,-11.25205612,-3.87346244,-9.21208763,-1.45791650,5.87657738,-0.72351891,3.56430173,12.13091660,1.73557293,-8.84180737,-8.70079994,7.17652321,-11.20985413,0.38899681,-11.30240822,6.09493256
1.00000000,-11.18056583,-3.78889203,-9.47128963,-1.55545712,5.95429993,-0.65130603,3.51565957,12.29651451,1.84310019,-8.90061283,-8.60135269,7.06444836,-11.21553421,0.35440871,-11.41094685,6.10111523
1.00000000,-11.42812061,-3.86443281,-9.39082146,-1.46589839,5.98467255,-0.73327005,3.64857841,12.30354595,1.85236251,-8.81944752,-8.52918816,7.04346275,-11.45511436,0.31879908,-11.51534176,6.20021152
1.00000000,-11.13241768,-3.85067177,-9.39182854,-1.49216199,5.91678047,-0.67621058,3.64387846,12.30847645,1.73890400,-8.90340805,-8.56472492,7.01176882,-11.19531059,0.32358688,-11.33966827,5.98139095
1.00000000,-11.09658813,-3.90339589,-9.27008343,-1.58733439,5.81238461,-0.69963098,3.61769629,12.24610233,1.75674629,-8.81689358,-8.50008392,7.05296898,-11.23844337,0.39919075,-11.30546284,6.06620407
1.00000000,-11.12509251,-3.88563180,-9.35430241,-1.63326442,5.92417145,-0.53029639,3.55116272,12.34023094,1.88208544,-8.86447048,-8.41249657,7.04956913,-11.37887383,0.27785623,-11.18015385,6.00660229
1.00000000,-11.06476307,-3.70568943,-9.18151855,-1.61193287,5.88847256,-0.68399858,3.59710360,12.11869335,1.86053550,-8.82572746,-8.44704533,7.03362608,-11.15524483,0.35886809,-11.38253975,6.34841251
1.00000000,-11.18617821,-3.80785942,-9.30697060,-1.52095270,5.86839771,-0.72084081,3.54785252,12.27437687,1.75557637,-8.80543423,-8.46712875,6.94708824,-11.26534653,0.38377005,-11.26318073,6.28715897
1.00000000,-11.10794830,-3.73844719,-9.18795776,-1.57015312,5.76887035,-0.67716992,3.57860970,12.21413326,1.83252728,-8.96404266,-8.35030556,7.07517338,-11.19933510,0.38298130,-11.19346428,6.16053677
1.00000000,-11.00331497,-3.81099439,-9.46645546,-1.58464265,5.78508759,-0.64825588,3.59780478,12.33205128,1.76179850,-8.81280708,-8.48398781,7.10689211,-11.32239723,0.36757687,-11.36475086,5.91765022
1.00000000,-11.18162918,-3.85477757,-9.40251446,-1.52908063,5.77057076,-0.59185678,3.63960075,12.30148888,1.79999638,-8.88877773,-8.46448231,7.19105196,-11.32927895,0.37450749,-11.32789135,6.07044983
1.00000000,-11.13724422,-3.95205784,-9.36772633,-1.54593134,5.81439495,-0.65923005,3.55740404,12.29134369,1.94238806,-8.86342525,-8.50093651,7.11388111,-11.34852028,0.31270772,-11.30932903,6.23346806
1.00000000,-11.14594269,-3.90944719,-9.24747467,-1.61205709,5.85935116,-0.72534657,3.55149508,12.17472267,1.78549337,-8.94325066,-8.44345188,6.99824142,-11.22052193,0.32517031,-11.34580898,6.23124218
1.00000000,-11.23054600,-3.76219225,-9.27409554,-1.56612635,5.88845634,-0.65223289,3.61897922,12.38022518,1.98671007,-8.79830360,-8.44469166,6.97653675,-11.29428101,0.38811433,-11.42679882,6.08053684
1.00000000,-11.26703167,-3.92295313,-9.27820778,-1.62184429,5.81773186,-0.66878104,3.50933385,12.29955482,1.96752656,-8.97504425,-8.55447674,7.02911139,-11.30837440,0.29124790,-11.31527996,6.14744854
1.00000000,-11.07413006,-3.91310239,-9.27379704,-1.55981219,5.92754936,-0.68513763,3.55514240,12.25310230,1.79507160,-8.89484406,-8.37997723,7.00293922,-11.26174545,0.35607016,-11.39765835,6.06722069
1.00000000,-11.24935818,-3.93823647,-9.31509399,-1.55140507,5.78299046,-0.55169564,3.54820442,12.26993084,1.81782568,-8.95712471,-8.56191826,6.95096350,-11.19971657,0.32056162,-11.32926655,6.11052322
1.00000000,-11.18458462,-3.79207444,-9.35058117,-1.62796533,5.94000530,-0.54221481,3.72429085,12.19075298,1.82675636,-8.76692677,-8.61000061,6.94960499,-11.17754555,0.24079844,-11.45851707,6.09742737
1.00000000,-11.28397942,-3.85110044,-9.36753368,-1.57974672,5.89323044,-0.57917458,3.74605918,12.31379890,1.92327893,-8.84758282,-8.69282913,7.17145491,-11.36508369,0.31314307,-11.28107929,6.14018726
1.00000000,-11.01484776,-3.91189432,-9.36593723,-1.53872800,5.90000916,-0.68028456,3.65149832,12.19654465,1.92254829,-8.92963982,-8.45777130,7.07424593,-11.25979996,0.43392622,-11.41718292,5.95122051
1.00000000,-11.22619915,-3.93462729,-9.39341450,-1.62847555,5.87395668,-0.54442638,3.65399861,12.18800449,1.86709070,-8.88535976,-8.39041328,6.98833513,-11.14091301,0.37576669,-11.41246700,6.17041492
1.00000000,-10.93722248,-3.90694189,-9.36982822,-1.55699611,5.84731388,-0.72701979,3.52369213,12.25500202,1.85982621,-8.76026058,-8.51728153,7.09502268,-11.32748032,0.34989196,-11.11549854,5.99404526
1.00000000,-11.15148640,-4.06578302,-9.39232254,-1.45972872,5.81278992,-0.53537768,3.60838675,12.48333263,2.00916314,-8.86013126,-8.72938538,7.15051699,-11.37689018,0.41342014,-11.28780079,6.04818916
1.00000000,-11.12131405,-3.83999634,-9.22565365,-1.53875232,5.68085194,-0.59882176,3.57130361,12.15784264,1.83733320,-8.89304924,-8.44235134,7.05648327,-11.27256393,0.36249071,-11.26904202,5.95546341
1.00000000,-11.09858036,-3.81051016,-9.43252850,-1.57383442,5.76502991,-0.73099875,3.66386032,12.21883488,1.77494407,-8.82259560,-8.46486092,7.01626825,-11.32947159,0.36433482,-11.44958496,5.91094685
1.00000000,-11.23418522,-3.83522868,-9.38215351,-1.55934072,5.91797638,-0.58430809,3.70560694,12.36277199,1.83021724,-9.00060844,-8.43507862,6.95214987,-11.24693680,0.46507984,-11.29227066,6.16600800
1.00000000,-11.02092552,-3.78898239,-9.28845501,-1.59403825,5.86942577,-0.63401598,3.55449176,12.21965694,1.76434290,-8.92893982,-8.35080242,7.05267620,-11.23921585,0.24650876,-11.24292374,6.04528427
1.00000000,-11.06012917,-3.84214497,-9.33759594,-1.59386575,5.87736320,-0.64131975,3.60832286,12.18160629,1.83108139,-8.90479660,-8.42832375,7.02421713,-11.34667397,0.32903224,-11.28784370,6.01253700
1.00000000,-11.32779980,-3.92415667,-9.41489792,-1.39777124,5.74956989,-0.53215045,3.72862887,12.33557415,2.09516215,-8.88534069,-8.47594643,7.14637899,-11.20887756,0.41721159,-11.42937183,6.08048820
1.00000000,-11.13113403,-3.92008257,-9.25381184,-1.48001838,5.92574501,-0.66840756,3.55167556,12.28071880,1.72319317,-8.78033257,-8.57518291,7.05769300,-11.25238991,0.36043012,-11.32336044,6.09133339
1.00000000,-11.31203938,-3.85575986,-9.42231655,-1.49391794,5.82217312,-0.68399394,3.73414445,12.10851765,1.86438739,-8.86054039,-8.49336147,7.10614061,-11.27662468,0.39363590,-11.54908657,6.13265228
1.00000000,-11.00968456,-3.93068933,-9.33446312,-1.58059323,5.87354946,-0.64489979,3.49335337,12.23555565,1.92792797,-8.84552383,-8.47328377,6.93327045,-11.26771164,0.28095314,-11.31276321,5.92793846
1.00000000,-10.96379852,-3.83621192,-9.28907204,-1.70279753,5.80546761,-0.63525820,3.57910395,12.06701088,1.80256271,-8.83326721,-8.30809212,7.08654356,-11.25359344,0.46992522,-11.14036369,6.09202480
1.00000000,-11.17328262,-3.83071923,-9.29646111,-1.65768301,5.88299751,-0.58803684,3.49706841,12.13608742,1.71332765,-8.99504948,-8.28751183,6.99056292,-11.34959412,0.36895394,-11.27670193,6.17130089
1.00000000,-11.00412083,-4.11069679,-9.23253918,-1.52634788,5.73261356,-0.58093804,3.59836316,12.23511887,2.10694551,-8.85939693,-8.49208450,7.07918358,-11.29145432,0.34316003,-11.33075809,6.04985428
1.00000000,-10.95628452,-3.92358875,-9.31408691,-1.60155845,5.76839924,-0.56663561,3.61610603,12.05962372,1.88568401,-8.74790478,-8.47006893,7.15982914,-11.14130974,0.41895646,-11.18984222,6.00003147
1.00000000,-11.32289696,-3.87179065,-9.23076534,-1.53019285,5.70324039,-0.58539158,3.65775466,12.38051701,1.83514917,-8.87174988,-8.57898140,7.14765882,-11.31379890,0.26848114,-11.31215000,6.18271542
1.00000000,-11.16105652,-3.80698824,-9.36056042,-1.55678439,5.97193909,-0.70128763,3.56502843,12.20028210,1.83689857,-8.96636772,-8.40950203,6.99301481,-11.28677177,0.31323949,-11.30755997,6.11753464
1.00000000,-11.24286079,-3.86360049,-9.43828583,-1.48136854,5.74349403,-0.70769781,3.68560100,12.09949207,1.87055147,-8.87395668,-8.45336342,7.14318323,-11.33845711,0.31914943,-11.42664909,6.03037453
1.00000000,-11.10737228,-3.91293359,-9.45996761,-1.50574112,5.83814430,-0.58444971,3.68480062,12.39210892,1.96764994,-8.83748245,-8.54174328,7.00300026,-11.32074356,0.40384188,-11.48903561,6.04518127
1.00000000,-11.24696636,-3.87912965,-9.19885159,-1.52280116,5.85265636,-0.70240057,3.55997753,12.43992233,1.75081730,-8.88715172,-8.53878403,7.17651558,-11.41293335,0.35795075,-11.29150963,6.03309250
1.00000000,-11.24024868,-3.83661222,-9.27066135,-1.57320487,5.82248974,-0.73572016,3.58903432,12.11665535,1.85476553,-8.85787296,-8.51396275,7.00692797,-11.15220642,0.32360530,-11.39726543,6.20877552
1.00000000,-11.14175797,-3.92864418,-9.31034279,-1.61188865,5.74645042,-0.44581845,3.58912444,12.27272129,1.93677080,-8.81622601,-8.41822338,7.05416250,-11.24021721,0.37074375,-11.21895504,6.13427639
1.00000000,-11.21952724,-3.74119043,-9.42068481,-1.56396532,5.76270771,-0.55080855,3.67628241,12.39268780,1.90394902,-8.97330379,-8.37247658,7.05307961,-11.29438210,0.36278778,-11.39322567,5.89353371
1.00000000,-11.33747101,-3.87919688,-9.35436821,-1.66017485,5.82791233,-0.56587803,3.75635791,12.22435188,1.92257750,-8.94546032,-8.32885456,6.89757490,-11.24564171,0.33705783,-11.36098576,6.32613468
1.00000000,-11.44387436,-4.12217093,-9.39583588,-1.39488304,5.80918980,-0.66685468,3.85790157,12.45260620,2.03908539,-8.86094570,-8.82276249,7.34594774,-11.34351730,0.28743601,-11.35290813,6.11547279
1.00000000,-11.09075546,-3.91454411,-9.42102718,-1.60055947,5.70274353,-0.65049070,3.72092199,12.15099621,1.87811434,-8.87568188,-8.46516800,7.08698320,-11.18994141,0.43782851,-11.26462173,6.20830345
1.00000000,-11.04049397,-3.73951530,-9.18168449,-1.49161816,5.73386669,-0.50054109,3.43315315,12.15574837,1.85460067,-8.98708439,-8.33426189,7.13186407,-11.29016685,0.40041712,-11.29933453,6.09133434
1.00000000,-11.32418156,-3.87724566,-9.35132694,-1.57121134,5.74358463,-0.68818980,3.57983732,12.29494667,1.85097349,-8.97689438,-8.61911201,7.08746529,-11.23845673,0.17840502,-11.42964649,6.10404778
1.00000000,-11.15539742,-3.88889718,-9.25604343,-1.45746493,5.68951130,-0.63501805,3.59790182,12.36690807,1.78612089,-8.79460335,-8.60294914,7.02621508,-11.18962479,0.36507091,-11.30461597,6.03990364
1.00000000,-11.02717876,-3.94108820,-9.40074158,-1.61791277,5.76150036,-0.64945406,3.64511609,12.27662086,1.86682498,-9.01454258,-8.44701004,7.05193329,-11.33161926,0.36603379,-11.36433697,6.05420685
1.00000000,-11.21665478,-3.92998075,-9.44690514,-1.47423756,5.92347431,-0.63919342,3.71575475,12.38820457,1.79406238,-8.83743668,-8.56455326,7.12323141,-11.31387138,0.37521458,-11.29044437,6.12379837
1.00000000,-11.09101486,-3.95007086,-9.31709957,-1.45669270,5.85290623,-0.58429301,3.66234469,12.41313553,1.94154620,-8.95692730,-8.63405704,7.17173195,-11.31262970,0.38674656,-11.07436752,6.12216568
1.00000000,-11.14577579,-3.84214735,-9.46992302,-1.50476861,5.79883194,-0.64529425,3.62193346,12.29428673,1.78595483,-8.92306995,-8.30781746,6.96228409,-11.16465759,0.30035073,-11.49603462,6.02600670
1.00000000,-11.05091953,-3.84704494,-9.35919952,-1.63225007,5.94658947,-0.57040560,3.60495901,12.21452808,1.93672788,-8.87345123,-8.41928101,6.95471239,-11.34203339,0.22142704,-11.31306744,6.07571125
1.00000000,-11.14440536,-3.95638776,-9.39281178,-1.56153035,5.74167728,-0.59752220,3.65068865,12.45077705,2.02583838,-8.82951164,-8.56141663,6.93851519,-11.27955246,0.34274280,-11.39213657,6.09493065
1.00000000,-11.15623856,-3.89374137,-9.24983311,-1.52808690,5.65941906,-0.70126492,3.70861530,12.18901825,1.95107889,-8.89972973,-8.55306816,7.11406660,-11.27875519,0.29727465,-11.44294071,6.15508366
1.00000000,-11.08463383,-3.96563125,-9.26707935,-1.45847917,5.85531139,-0.67346716,3.51848483,12.22709274,1.83043158,-8.82680607,-8.46096706,7.01839495,-11.37394905,0.40612552,-11.34387779,6.01726341
1.00000000,-11.55954742,-4.02039480,-9.32476711,-1.41513169,5.84605789,-0.64720905,3.72619343,12.36583328,1.94198966,-8.99936485,-8.66453075,7.08825445,-11.35256386,0.36616665,-11.58726120,6.28907490
1.00000000,-11.17904377,-3.81661582,-9.17119503,-1.56091988,5.87679958,-0.57560444,3.59605575,12.24603558,1.80251729,-8.75120735,-8.43896961,7.11917400,-11.27234077,0.55576789,-11.33899403,6.02270603
1.00000000,-11.10254097,-3.90641880,-9.26815510,-1.55119312,5.73313713,-0.65580958,3.66807723,12.37031460,1.85829711,-8.77516174,-8.68561935,7.09871101,-11.24365234,0.30818975,-11.32374191,6.14123249
1.00000000,-11.31458092,-4.02349377,-9.45235920,-1.52239156,5.93309402,-0.67115897,3.60951805,12.50782871,2.07148075,-8.77613544,-8.63803673,7.10242605,-11.33422470,0.51171768,-11.30785751,6.12565231
1.00000000,-11.25059223,-3.86049652,-9.40574074,-1.40953791,5.90173531,-0.62549669,3.72372437,12.32667732,1.90973711,-8.73699856,-8.49083138,7.03567505,-11.31687355,0.28417033,-11.45744705,6.15094662
1.00000000,-11.12391758,-3.84981322,-9.25423527,-1.66369772,5.83503342,-0.63881618,3.52123570,12.13957214,1.66996121,-8.95020390,-8.42157936,7.09554052,-11.25830078,0.35517800,-11.30101204,6.08436012
1.00000000,-11.14348602,-3.89703846,-9.33887672,-1.57757735,5.74497986,-0.54361582,3.66925263,12.39848328,1.88349104,-8.87890339,-8.45585442,7.01519728,-11.27348709,0.34654504,-11.31956196,6.14917088
1.00000000,-11.24494362,-3.96758032,-9.22742748,-1.58232999,5.91702652,-0.55604053,3.60838318,12.38152504,1.93717110,-8.78977203,-8.55562401,6.93423128,-11.26194572,0.41636547,-11.42612648,6.17755890
1.00000000,-11.16918755,-3.88513613,-9.24615002,-1.59909487,5.86130524,-0.57735366,3.70234132,12.26667690,1.94554687,-8.93495083,-8.41190910,7.02959299,-11.37286568,0.39536309,-11.23592567,6.13542652
1.00000000,-11.08660412,-3.90922570,-9.34432697,-1.60830200,5.80513954,-0.63293898,3.55384254,12.30902576,1.88873219,-8.91293716,-8.46968555,7.05595589,-11.24337006,0.39546159,-11.25954914,6.12026501
1.00000000,-11.27871513,-3.83706379,-9.46784401,-1.46040583,5.90689278,-0.78743368,3.66624570,12.34637451,1.90984464,-8.95899200,-8.59998512,7.07825661,-11.23343658,0.23301777,-11.40420818,6.00671005
1.00000000,-11.20807362,-3.92179608,-9.44192982,-1.46242762,5.83248711,-0.72606218,3.69066763,12.32941341,1.83512414,-8.85078907,-8.51154995,6.89426708,-11.31050301,0.31792614,-11.37320709,6.04776001
1.00000000,-11.22035313,-3.84863925,-9.32788086,-1.63976288,5.81546974,-0.72467321,3.60222173,12.35526276,1.88286364,-8.93479252,-8.40439606,6.97133541,-11.33434486,0.31812227,-11.31173611,6.07995224
1.00000000,-11.03261280,-3.90746188,-9.42219353,-1.57786465,5.87886620,-0.63135475,3.62834406,12.21562958,1.75206161,-8.92170906,-8.42568588,7.06537390,-11.25388336,0.31100643,-11.13854408,6.00884914
1.00000000,-11.23152447,-3.96197772,-9.44902039,-1.41653609,5.90135956,-0.59027666,3.83518291,12.34656715,1.92989719,-8.97142124,-8.57004166,7.12357473,-11.32621574,0.40640962,-11.46150780,6.04866314
1.00000000,-11.12875938,-3.86538196,-9.29103374,-1.56979060,5.75339413,-0.54684544,3.62137771,12.30965233,1.79815400,-8.90526772,-8.36506748,7.10584593,-11.48816872,0.35705665,-11.18886662,5.96892834
1.00000000,-10.99398041,-3.79449224,-9.30316257,-1.60770965,5.67675591,-0.74965119,3.52563739,11.97454071,1.78875518,-8.94189835,-8.42863846,7.04902124,-11.35285378,0.30989641,-11.15375328,6.01324940
1.00000000,-11.28895664,-4.03311729,-9.23681068,-1.38679135,5.88584805,-0.55078334,3.85730171,12.46914864,1.92859530,-8.90119743,-8.53800583,7.05953360,-11.36520767,0.42908064,-11.42850685,5.99639606
1.00000000,-11.04317379,-3.80661058,-9.35991669,-1.57099342,5.92743969,-0.55667514,3.65988827,12.11443424,1.83128834,-8.85214806,-8.34162903,7.02516890,-11.26006889,0.38698202,-11.32948303,6.17429638
1.00000000,-11.35288334,-3.92235899,-9.26858807,-1.47112274,5.72449207,-0.63719559,3.63233042,12.25729656,1.83934343,-9.00049973,-8.61347198,7.10757971,-11.34505081,0.40318701,-11.47828579,6.15808868
1.00000000,-11.14934731,-3.79336405,-9.29513550,-1.61503267,5.77349281,-0.72881728,3.64861584,12.16943264,1.80826867,-8.89394569,-8.52637863,7.08030176,-11.26875687,0.43375278,-11.29379845,6.06370544
1.00000000,-11.10118580,-3.96188593,-9.32345009,-1.54195368,5.73327160,-0.58561754,3.51469684,12.27267456,1.95153952,-8.68330288,-8.56016731,6.99158764,-11.18576241,0.34409514,-11.27279568,6.12543964
1.00000000,-11.18023777,-3.89689994,-9.31924438,-1.59674525,5.72830582,-0.51737285,3.62739182,12.24854279,1.89401448,-8.78251457,-8.50168419,7.12495565,-11.30127525,0.39964092,-11.30771160,6.07548904
1.00000000,-11.12458134,-3.92232752,-9.21693611,-1.53096437,5.87862396,-0.71187186,3.59452915,12.27954006,1.87071061,-8.92451668,-8.48844147,7.07130957,-11.23052216,0.42682922,-11.27942848,6.12968159
1.00000000,-11.22393227,-4.00417709,-9.50340748,-1.57284415,5.76537514,-0.69865680,3.76518178,12.37266636,1.88955462,-8.84975243,-8.47161102,7.14860058,-11.31293488,0.45195392,-11.29315281,6.03458595
2.00000000,-11.90154552,-3.95325017,-10.01087379,-0.71916759,5.87118530,-0.58651227,3.82501459,13.44579506,2.46259880,-8.87328339,-9.40261078,7.06344891,-11.19054604,0.19756287,-11.99932575,6.48362637
2.00000000,-11.92356110,-3.88577318,-10.13713741,-0.80116057,5.79645634,-0.76127273,4.35855532,13.40945148,2.30141783,-8.47337055,-9.87416553,7.14052963,-11.02019691,0.13427503,-11.77415371,6.05534267
2.00000000,-11.46650982,-3.75111580,-10.13979149,-0.92888284,5.76423740,-0.68144923,3.97733784,12.93745136,2.46810460,-8.60177326,-9.52075958,7.00883198,-10.82954216,0.51497316,-11.55998802,6.30902481
2.00000000,-11.67746544,-4.08784628,-9.90625286,-1.13708901,5.77736950,-0.42678407,3.99918056,13.15942669,2.58920956,-8.93113995,-9.45492840,7.02306795,-11.19211578,0.65379643,-11.70167542,6.59221840
2.00000000,-11.83450985,-3.77939367,-10.05240631,-0.93965328,5.83483601,-0.58736539,4.04891634,13.14714718,2.53077030,-8.71320629,-9.52677536,7.18213987,-10.87237930,0.31255174,-11.84868622,6.29871845
2.00000000,-11.86564541,-3.69516134,-10.23036957,-0.90936840,5.70138168,-0.77569002,3.78393912,12.92609406,2.69063282,-8.71280861,-9.43998814,7.05359888,-11.06574631,0.19993855,-11.80900669,6.50910664
2.00000000,-11.82324600,-3.84694695,-9.97767544,-0.53398395,5.94507313,-0.85562575,4.44191027,13.60620213,2.21649456,-8.33315372,-9.85982323,6.95768690,-11.06863213,0.13711181,-11.88406658,6.30927849
2.00000000,-11.78190708,-3.58450556,-10.33855534,-1.25505018,5.97072506,-0.48783627,3.94650912,12.77358246,2.54335737,-8.60873604,-9.48188496,6.95122337,-11.03749466,0.47657186,-11.68120003,6.45535374
2.00000000,-11.71898174,-3.92093396,-10.10397243,-1.08630157,5.93819904,-0.69851846,4.09692287,13.37406540,2.67571115,-8.72619057,-9.76177692,6.88983011,-10.78519821,0.60120946,-11.75143433,6.68180943
2.00000000,-11.60207939,-3.89978123,-10.05866241,-1.01811242,5.71387100,-0.47091541,3.98953986,12.75235271,2.42621136,-8.81544781,-9.44910622,7.03487539,-11.11265945,0.28524959,-11.36782551,6.37146759
2.00000000,-11.64580727,-3.85785913,-10.07042789,-1.03845906,5.92377567,-0.71041191,4.23286247,13.28005219,2.53636169,-8.48939323,-9.60862541,6.89710855,-10.88945007,0.23559052,-11.70390415,6.34190083
2.00000000,-12.08063602,-3.89613199,-10.17663383,-0.82748771,6.00757313,-0.44840720,4.59643221,13.16031647,2.48989344,-8.76737785,-9.88832951,6.92439032,-11.15206718,0.38422042,-11.93523693,6.40775681
2.00000000,-11.82374763,-3.96212506,-10.15637970,-0.96254587,5.79059696,-0.79459572,4.11516571,13.19016075,2.65634537,-8.52693367,-9.68327713,7.04874277,-10.85029411,0.24027064,-11.68377876,6.45201397
2.00000000,-11.67906284,-4.05232286,-10.30374336,-0.96853733,5.88042641,-0.58305079,3.79708385,12.93777466,2.42611885,-8.82166576,-9.52306652,6.92215109,-11.01244926,0.23732218,-11.61242962,6.48110962
2.00000000,-11.64052868,-4.10890055,-9.94517899,-0.79667127,5.97527981,-0.37249136,3.84445691,13.41180515,2.34964561,-8.91564941,-9.58649158,7.00612211,-11.03570175,0.46653384,-11.59749126,6.43767071
2.00000000,-12.09900475,-3.96337199,-10.26828766,-1.20817685,5.56786633,-0.43838611,4.17624474,13.15550041,2.55748606,-8.67589951,-9.52273273,7.26068878,-10.88237762,0.28651452,-11.72930622,6.22238731
2.00000000,-12.12139320,-4.06160259,-10.17308426,-0.61132330,5.86696815,-0.74163646,4.23561716,13.35617256,2.56417227,-8.51109505,-9.71295071,6.80441666,-10.81185150,0.26397222,-11.67197037,6.34253025
2.00000000,-11.73413944,-4.32177544,-10.01417637,-1.16263616,5.59294415,-0.34214064,3.89772892,13.29146862,2.70095682,-8.88091373,-9.65096092,7.09218407,-10.99078369,0.49387562,-11.40403557,6.51723003
2.00000000,-11.66871357,-3.94902658,-10.20241547,-0.83964860,5.86713409,-0.60729706,3.95874310,13.06525326,2.35774899,-8.83312988,-9.25052452,7.03128195,-10.82639885,0.20355135,-11.73576450,6.35054684
2.00000000,-11.82806683,-3.79994893,-9.89404202,-0.74350518,5.81990051,-0.86176759,4.12464333,13.22342300,2.03562021,-8.41908741,-9.81367493,7.12638330,-11.17247581,0.28449142,-11.65369892,6.18147945
2.00000000,-11.73182964,-3.91371202,-9.97818565,-1.27720857,5.69317436,-0.50408393,3.77950382,12.88832378,2.48255491,-8.80971527,-9.23468494,6.96610832,-10.80119133,0.45687675,-11.46374607,6.22127342
2.00000000,-11.98808861,-3.83249903,-10.04485321,-0.63177693,5.93280792,-0.64122146,4.27814674,13.20493698,2.43661594,-8.41264439,-9.98188114,7.08089018,-11.02775383,0.26969314,-11.75738907,6.40286160
2.00000000,-11.69157696,-3.98219943,-10.07399082,-0.97444695,5.66091061,-0.57185537,3.74138093,13.08031750,2.23199320,-8.91018486,-9.39690113,7.04332209,-10.86189651,0.07882188,-11.58811569,6.36401081
2.00000000,-11.82536030,-3.81400156,-9.87495327,-1.15833378,5.82929802,-0.53421819,4.01376247,13.13499165,2.64941168,-8.82002544,-9.79610157,7.19002819,-10.76128960,0.18940374,-11.57229519,6.44501686
2.00000000,-11.50407696,-3.74254942,-9.91887569,-1.45092082,5.76653481,-0.52073681,3.67568159,12.76476192,2.39905882,-8.67069149,-9.31354332,6.92323780,-10.74931145,0.45362553,-11.39535046,6.28359509
2.00000000,-11.97112465,-4.21058798,-9.95856476,-0.78315943,5.47313881,-0.44694868,3.90207529,13.20604992,2.57653046,-8.51944256,-9.53412819,7.06846189,-10.96641350,0.16580434,-11.76172924,6.60821247
2.00000000,-12.05025864,-3.96674275,-10.15418339,-0.90006506,5.95379543,-0.37804031,3.98160315,13.14257336,2.40578699,-8.71170616,-9.58245659,6.93879890,-11.15139008,0.31743592,-11.88668156,6.52874756
2.00000000,-11.83904648,-3.92571640,-10.02728271,-1.02888083,5.72214031,-0.54993790,3.94069004,13.16967010,2.44238615,-8.90680599,-9.75007439,7.04744625,-10.77876472,0.62623519,-11.64557171,6.57801437
2.00000000,-11.60935974,-4.26304102,-10.13778782,-1.21334636,5.76422405,-0.54756880,3.73784447,13.00860500,2.47527838,-8.49487972,-9.29676151,7.03224611,-10.93635368,0.31945598,-11.59680653,6.39548016
2.00000000,-11.88289738,-3.75619793,-10.31315899,-0.79936337,5.57255363,-0.69480854,4.03481531,13.12766266,2.71570396,-8.77560711,-9.82112598,7.19487476,-10.81346893,0.29862219,-11.68446159,6.49896908
2.00000000,-12.04494953,-3.84087563,-9.99389267,-1.08414984,5.77084827,-0.66318738,3.92498064,13.20151615,2.40877676,-8.70469761,-9.54399204,6.98912477,-10.80273056,0.29254526,-11.72426319,6.75011921
2.00000000,-11.86101913,-4.01332188,-10.10141850,-1.12205791,5.91636086,-0.43212453,4.33216238,13.39328098,2.63570690,-8.90461445,-9.62272930,6.99585342,-11.02156639,0.46210444,-11.77398300,6.65003204
2.00000000,-11.99927616,-3.94818187,-10.19657898,-0.72129923,6.00245380,-0.57559943,4.38119936,13.51969051,2.44206715,-8.49895000,-10.07199669,6.78975534,-10.87467384,0.28531992,-11.59272480,6.26344013
2.00000000,-11.54388523,-4.02036572,-9.93898296,-1.01448393,5.94774914,-0.57551658,3.91240001,13.14531994,2.42721176,-8.87379646,-9.42224884,6.72256327,-10.88349724,0.43686625,-11.88414955,6.40676689
2.00000000,-12.07747555,-4.00642014,-10.15701962,-1.24400771,5.59946728,-0.39892870,4.10141993,13.11606789,2.63398314,-8.73382473,-9.35837460,7.13294458,-10.94913101,0.21533681,-11.48515320,6.40518379
2.00000000,-12.01855183,-4.02836704,-10.06532001,-0.92483562,6.18778896,-0.59933281,4.16732979,13.05653286,2.53658724,-8.70516300,-9.62015057,6.83261061,-10.82574272,0.32658917,-11.81729221,6.74376106
2.00000000,-11.64780712,-4.20075512,-10.16983414,-0.74454689,5.90764618,-0.65964657,3.97389245,13.24306583,2.63920259,-8.57602978,-9.67190933,6.94219542,-11.05772591,0.36880258,-11.52725220,6.34777164
2.00000000,-11.98179245,-3.87291121,-9.93700981,-0.70487809,5.99457264,-0.74340010,4.44228888,13.36373806,2.49562144,-8.57128811,-9.98209476,7.04118347,-10.84685135,0.30820394,-11.82296658,6.54922199
2.00000000,-11.83864784,-3.88722372,-10.34379578,-0.78827810,5.92405605,-0.58087355,4.06770563,13.67654133,2.43785381,-8.53752327,-10.07963085,6.88077736,-11.17942810,0.27169761,-11.66540623,6.46094608
2.00000000,-11.74786663,-4.00755501,-10.17669392,-0.92785394,5.86571980,-0.50486505,4.02230644,13.34618855,2.43569183,-8.77343273,-9.85177803,6.87816954,-10.86584663,0.35990161,-11.79627514,6.65092373
2.00000000,-11.76981735,-3.87867880,-10.36273670,-0.62105852,5.86621094,-0.78160816,4.28372145,13.37339211,2.44414544,-8.51902103,-9.66121483,6.94088507,-10.84327888,0.19878790,-11.81149387,6.31570721
2.00000000,-11.70542336,-4.11364889,-10.11590004,-0.89744985,5.79101467,-0.62314332,4.39007521,13.26775551,2.46004963,-8.65932465,-9.85371399,6.67321301,-11.01150703,0.31557602,-11.62606144,6.48822117
2.00000000,-11.87905884,-4.03933048,-9.82376671,-1.07862306,5.72676182,-0.47349563,3.96151376,12.98911285,2.30043793,-8.78963661,-9.55015087,6.99830484,-11.21486855,0.12382835,-11.94345760,6.53185368
2.00000000,-12.02416897,-3.94532371,-9.89976120,-0.59642601,5.92359638,-0.62474221,4.33047676,13.50107670,2.40970325,-8.72071362,-9.75861740,7.41798115,-11.14630127,0.52412045,-11.89043999,6.41677475
2.00000000,-12.14558506,-4.19327068,-10.08487988,-0.93792343,5.63192558,-0.51533830,3.94940400,13.34434605,2.75658751,-8.58727837,-9.95690918,7.34384823,-10.70123863,0.22323796,-11.81848335,6.79064178
2.00000000,-11.69971275,-3.81246042,-9.88152981,-1.15421057,5.91940308,-0.40919015,4.10913563,13.17868233,2.39078045,-8.62351799,-9.80672359,7.20489883,-11.05030251,0.08993676,-11.66788101,6.33949471
2.00000000,-11.81530285,-4.01888227,-10.10623360,-0.91177487,5.94874573,-0.46917316,4.28389215,13.33815384,2.54731607,-8.65885925,-9.64459515,6.89520359,-10.66113091,0.60218859,-11.69674492,6.54854584
2.00000000,-12.20362568,-3.86897492,-10.17009830,-1.03037500,5.50164032,-0.51272464,4.24178982,13.24634552,2.70989227,-8.86457825,-9.77427483,6.78868294,-10.63897705,0.27742964,-11.64777184,6.53236198
2.00000000,-11.86408710,-3.90065885,-10.28990746,-0.61462110,5.85022545,-0.48193595,4.12345934,13.15297604,2.46083641,-9.02310467,-9.67242718,6.98939228,-10.87088776,0.14826113,-11.83740807,6.41115665
2.00000000,-11.77518272,-4.16789103,-10.08542919,-1.31547928,5.95099258,-0.71602428,3.78682804,12.94467449,2.58997679,-8.43169212,-9.51745415,6.83921146,-10.94017410,0.29072043,-11.40605736,6.57275963
2.00000000,-11.69726372,-3.79915786,-9.93819618,-1.28429103,5.93722725,-0.53610831,3.95450687,13.02921104,2.43109083,-8.59479809,-9.40182781,6.91969347,-10.96894646,0.55530953,-11.77372742,6.17026424
2.00000000,-11.80938530,-3.91924715,-10.01901722,-0.92876899,6.07653904,-0.48179749,3.95551419,13.48851299,2.56241608,-8.80364418,-9.70796013,6.56729317,-11.03882408,0.28805584,-11.73091698,6.65197563
2.00000000,-11.97615528,-4.16023445,-10.08237362,-0.80693716,5.98458958,-0.74668556,3.88077641,13.18325138,2.45108676,-8.81510162,-9.68070126,7.29173326,-10.83426476,0.35574102,-11.93779755,6.63971424
2.00000000,-11.46051407,-4.19537449,-10.02778816,-0.97762471,6.09158134,-0.45943949,3.68504953,12.96975803,2.57715559,-8.89236736,-9.39076519,6.84022236,-11.18607712,0.40820885,-11.50210285,6.51049137
2.00000000,-11.56540203,-3.78686714,-9.83261108,-1.22646499,6.10124874,-0.44293740,3.95685911,13.04903984,2.37257481,-8.59130287,-9.61896229,7.03876448,-10.86965942,0.19845428,-11.80214500,6.23135090
2.00000000,-11.87493801,-3.99202466,-10.26534367,-1.05617261,5.40989494,-0.43831757,4.15400362,13.26986122,2.56237698,-8.44291019,-9.51910877,6.95440674,-10.86001778,0.11390761,-11.65045547,6.41561604
2.00000000,-11.99028683,-3.97053409,-10.10260487,-1.25169444,5.42854595,-0.28233823,4.09747124,13.29757023,2.73937368,-8.87997627,-9.70023441,7.04757547,-10.70899010,0.41353005,-11.57513428,6.47014618
2.00000000,-11.49676132,-4.21656036,-9.82556725,-1.14943290,6.07642078,-0.34643364,3.74418855,13.09073448,2.42342234,-8.86168480,-9.46465492,6.84135914,-11.27345276,0.54421318,-11.61245155,6.41244793
2.00000000,-11.62632847,-3.92332006,-10.37471581,-0.68297756,6.06066418,-0.78115600,4.35995245,13.30963898,2.35294175,-8.60802364,-9.98662186,7.00099421,-10.78090858,0.18125249,-11.50386238,6.20990276
2.00000000,-11.97527790,-3.99921727,-9.83671761,-1.08981287,5.94495010,-0.63916665,4.04380035,12.91055298,2.46498823,-8.56569386,-9.64465427,6.91930389,-11.18992996,-0.02127540,-11.77524948,6.51966667
2.00000000,-11.88290691,-4.24139595,-10.07155132,-0.95488667,6.00905609,-0.48882124,4.27866030,13.59251881,2.63399696,-8.77275467,-10.04642677,6.86044836,-10.79521942,0.30486509,-11.54597378,6.51837349
2.00000000,-11.68010807,-4.05698299,-10.22918606,-1.01254129,5.72533703,-0.55543929,4.10712290,13.04967022,2.43471622,-8.83036518,-9.39635944,7.19037247,-11.16752243,0.64312422,-11.79308510,6.31134796
2.00000000,-11.67382908,-3.70486474,-9.96777344,-1.15399313,5.89240742,-0.63905489,4.01207113,12.94390583,2.52979040,-8.41945934,-9.54059219,7.01716471,-11.07038116,0.04063317,-11.48642826,6.40424919
2.00000000,-11.61685276,-3.93658280,-10.01424217,-0.93745601,5.88550377,-0.38442174,4.09273052,13.12595940,2.49999428,-8.78653145,-9.55307388,7.05041170,-11.13078308,0.36429799,-11.46551132,6.50105858
2.00000000,-11.89715576,-4.03244066,-10.11850929,-0.61566168,5.85764885,-0.71790624,4.17543411,13.44673920,2.44944167,-8.53274441,-9.88219452,7.18158007,-11.01195717,0.17330429,-11.85896587,6.15592575
2.00000000,-11.92050171,-3.94636774,-10.17545223,-0.91978848,5.97496891,-0.61710703,3.91819668,13.09363365,2.44252062,-8.83654499,-9.57353401,6.85369778,-11.25234604,0.36357981,-11.83699894,6.45261383
2.00000000,-12.18474483,-4.06622744,-10.01284504,-1.02766979,5.52513123,-0.54825705,3.94009447,13.25097561,2.46021891,-8.76928234,-9.55480194,7.08335400,-11.21538353,-0.00639845,-11.77621078,6.40710163
2.00000000,-11.73638439,-3.86564994,-9.87025452,-1.35294116,6.02685261,-0.30209741,4.07071447,13.11342335,2.56065607,-8.62302113,-9.64555550,7.15070105,-10.96432877,0.15966520,-11.72908688,6.32081699
2.00000000,-11.89431763,-3.98905134,-10.09209251,-1.04639292,5.67726803,-0.72337747,4.22347546,13.42027760,2.56487417,-8.72766590,-9.87809849,7.14100409,-11.07772827,0.23577034,-11.62979889,6.32349682
2.00000000,-11.84732533,-3.92741561,-10.27452946,-0.99735850,5.89168930,-0.84648216,3.89429021,12.92218590,2.45339346,-8.66477299,-9.57239532,7.33660698,-10.95567894,0.24261232,-11.83018684,6.56262493
2.00000000,-11.78103352,-3.94148493,-10.19327259,-0.99582702,5.31988335,-0.36320254,3.91324496,13.07850742,2.65043449,-8.71662903,-9.52959347,7.09414768,-10.84499550,0.38027671,-11.57373238,6.14837837
2.00000000,-11.85263920,-3.93469024,-10.01225758,-0.87820011,5.58733463,-0.39229071,4.02646017,13.33516312,2.59623909,-8.90656090,-9.60998344,7.11474800,-10.75093079,0.28672916,-11.63417912,6.57311726
2.00000000,-11.79069901,-3.81883860,-10.27385998,-1.06249285,5.69150162,-0.58450776,4.01073217,13.09545994,2.54162741,-8.64824390,-9.74848747,6.93670940,-11.07548523,0.29444253,-11.85327339,6.14624786
2.00000000,-11.54545403,-4.01813698,-9.83606434,-1.31956792,5.79413223,-0.55252111,4.03901911,12.86191368,2.60224771,-8.56509876,-9.54733276,7.18200541,-10.81144524,0.18361402,-11.74739552,6.50006008
2.00000000,-11.63444614,-3.75570798,-10.17589092,-1.36249769,5.79463768,-0.83645481,3.90517902,12.79337215,2.52449870,-8.47967815,-9.38460541,6.90004778,-10.78516579,0.14206970,-11.71166325,6.48831463
2.00000000,-11.51555347,-4.26351309,-10.19170189,-1.27788162,5.83874893,-0.43443045,3.81386065,12.94228172,2.50380993,-8.57169914,-9.43124294,6.92583704,-10.98736382,0.37463674,-11.55073357,6.40688038
2.00000000,-11.97717762,-4.13989353,-10.20429707,-0.75609159,5.69772530,-0.51484853,4.16060400,13.46535778,2.70600080,-8.67022514,-9.85360050,7.20197153,-11.06194878,0.47427502,-11.80936241,6.40951538
2.00000000,-11.77179527,-3.94081879,-10.17431068,-0.82231736,5.79065990,-0.54421788,4.35284185,13.63188267,2.48382545,-8.43531513,-10.09141350,6.97486544,-10.83292961,0.27659428,-11.62624550,6.45602608
2.00000000,-12.20126343,-3.90020895,-9.92398930,-1.13730621,5.67816353,-0.38425919,3.87423730,13.15577126,2.53379011,-8.87528992,-9.45337868,6.86265421,-10.65437126,0.35890132,-11.80715561,6.71288204
2.00000000,-11.37850571,-3.78533387,-9.97476101,-1.19956446,5.91643810,-0.54029322,3.86622453,12.84348965,2.42267561,-8.57721710,-9.46144295,6.94374895,-10.97908592,0.32670891,-11.53418922,6.46244907
2.00000000,-11.79900360,-3.85963750,-10.08009243,-0.89300013,6.01746941,-0.90801239,4.27015972,13.29576588,2.42610741,-8.41916370,-9.80047703,6.70702600,-11.01332664,0.43596664,-11.64360809,6.28979492
2.00000000,-12.03767395,-3.91907096,-10.10419559,-0.92298651,5.64859676,-0.52900785,4.48639441,13.44481659,2.64818859,-8.59373760,-9.98085785,6.92148256,-10.99784470,0.37120619,-11.54263115,6.51509380
2.00000000,-11.87150955,-4.12878704,-10.23823738,-0.73892486,5.93354130,-0.54366761,4.00857067,13.40660286,2.54622507,-8.60596371,-9.62842560,6.82868958,-10.80317497,0.32639593,-11.60275555,6.52363014
2.00000000,-11.52270508,-3.80525947,-10.17151356,-1.24051380,5.67987537,-0.47101805,4.17845201,13.42903233,2.50136995,-8.66183376,-9.75388718,7.22676945,-10.99630356,0.46666127,-11.52551937,6.26704502
2.00000000,-11.94489384,-3.93262959,-9.93923950,-1.18029189,6.15153885,-0.71762937,3.89916801,12.92195415,2.53708792,-8.34647942,-9.40047359,7.00565386,-11.03673744,0.12512344,-11.84329987,6.52949619
2.00000000,-11.80423069,-3.96565247,-10.04652309,-0.95331240,5.63237190,-0.47483268,4.17814016,13.39575863,2.46427584,-8.61424541,-9.77188492,7.17559576,-11.09072304,0.17696795,-11.82645607,6.41227818
2.00000000,-11.91800499,-3.94046259,-10.36414623,-1.22384691,5.91956711,-0.51853973,4.20016003,13.17191887,2.70178032,-8.58724785,-9.81075859,6.95343685,-10.99087334,0.44054356,-11.81605434,6.32740688
2.00000000,-11.73609066,-3.61670256,-10.11197472,-0.85830551,5.93801785,-0.72222412,3.85368967,13.05047703,2.34975195,-8.73050785,-9.59879112,7.02725029,-10.84908295,0.08491211,-11.76834583,6.25037766
2.00000000,-11.81310272,-3.93608379,-10.21286964,-0.69105643,5.59129429,-0.59368342,4.11016321,13.18795204,2.46497536,-8.83282471,-9.68864441,7.12218904,-10.86778259,0.40637651,-11.63070297,6.33571911
2.00000000,-11.69935036,-3.94705987,-10.20213223,-0.89393061,5.75388908,-0.62537634,4.15798664,13.37152386,2.74173594,-8.62633610,-9.95023441,6.91686726,-10.82915115,0.41277078,-11.84790516,6.53805351
2.00000000,-11.55760098,-4.31693792,-10.14920902,-0.73612046,6.13692570,-0.64047027,3.88644862,13.24426365,2.60243940,-8.68254089,-9.57342339,6.74017715,-11.02622032,0.47324860,-11.68870735,6.47214508
2.00000000,-11.73570347,-3.87016320,-10.23134899,-1.02179265,5.79700089,-0.61478072,4.23703766,13.22064304,2.76799488,-8.81461143,-9.53406715,6.91733551,-10.76851845,0.53345507,-11.84622192,6.52014828
2.00000000,-11.98326111,-3.94902563,-9.93096161,-1.22555697,5.61790657,-0.69233960,4.20351410,13.08915138,2.33018446,-8.79491997,-9.70874786,6.93482018,-10.92730331,0.54397643,-11.28874588,6.40834618
2.00000000,-11.95790005,-4.03083372,-9.86096191,-0.85385370,5.86432171,-0.69507813,4.23948717,13.22600460,2.31480074,-8.76700687,-9.58020115,7.07449913,-11.20076561,0.31009263,-11.65144253,6.47100067
2.00000000,-11.71673870,-3.89213610,-10.11788654,-1.02455795,5.76404095,-0.42376366,3.96666193,13.08873653,2.44306421,-8.78817844,-9.57446384,7.17364311,-10.95611000,0.70894831,-11.44459248,6.40238476
2.00000000,-11.89311218,-3.93669295,-9.96056175,-1.21056843,5.62125206,-0.22539523,3.86103845,13.06276703,2.70287561,-8.71910191,-9.52585602,6.89223099,-10.89344406,0.30588865,-11.77727413,6.67430305
2.00000000,-11.91462135,-3.90728831,-10.21251297,-0.86162829,5.68288898,-0.51394945,3.71079707,13.30935764,2.49563026,-8.84452629,-9.68415642,7.39587927,-10.76829720,0.39389610,-11.78238773,6.37353039
2.00000000,-11.68236256,-4.05694008,-10.37492943,-0.68935019,5.94964790,-0.74088699,4.15850592,13.05126095,2.42410278,-8.55112362,-9.78711700,6.86679935,-10.87271500,0.38808036,-11.75274181,6.04808998
2.00000000,-11.51177502,-3.82413363,-10.00515461,-1.19098639,5.88052273,-0.35264134,3.95800900,12.96815109,2.54513836,-8.78129387,-9.40479851,6.99983549,-10.83506584,0.28400862,-11.43207169,6.18197727
2.00000000,-11.89199162,-3.88101673,-10.05161381,-0.55265200,5.71363735,-0.84015232,4.32110310,13.35822487,2.47254562,-8.47127914,-10.02449512,7.06157637,-11.10925102,0.10713374,-11.61151409,6.22546577
2.00000000,-11.74131489,-4.00787115,-10.16321850,-0.80745751,5.90889835,-0.59384859,4.27895927,13.25830460,2.38599324,-8.37727928,-9.86063194,6.87310600,-10.93743896,-0.04089856,-11.69922066,6.24624920
2.00000000,-11.68290520,-4.17707062,-9.91128159,-0.95266831,5.76745796,-0.28472355,4.24957228,13.15989876,2.47226834,-8.73574352,-9.50808430,7.04837465,-11.15599823,0.30160955,-11.82486534,6.30004787
2.00000000,-12.18659782,-3.91564393,-9.91955662,-0.92715216,5.86511898,-0.35900342,4.07982779,13.38751507,2.63749409,-8.64064980,-9.70638275,7.22892570,-10.79983521,0.16774659,-11.96792603,6.66650867
2.00000000,-11.57161713,-3.69759560,-10.01398754,-1.03468549,5.79057026,-0.50617772,4.14442778,13.41917038,2.23415565,-8.71889591,-9.89752102,7.25658989,-10.91067314,0.30462572,-11.55980015,6.13009834
2.00000000,-11.61427975,-4.09590435,-10.15529728,-1.02072549,6.05309010,-0.69225919,3.80306053,13.24598122,2.62829590,-9.00484562,-9.52813435,6.70168304,-11.03870201,0.22856273,-11.69288254,6.62073040
2.00000000,-11.63937759,-3.83536220,-10.16146183,-1.18866992,5.69991207,-0.51128858,3.93631911,12.98661041,2.50232601,-8.58023548,-9.29602432,6.97075272,-10.97521400,0.19860804,-11.82745075,6.50028419
2.00000000,-12.14923191,-4.07921267,-10.05749035,-0.89004022,5.81899452,-0.76136458,3.97973013,13.40151119,2.27687144,-8.59337711,-9.63804817,6.93161154,-11.03715515,0.27983266,-11.63847351,6.33692932
2.00000000,-11.80775452,-4.05490065,-10.19309998,-1.00526965,5.99941349,-0.60701245,4.06269598,12.94302940,2.50744534,-8.82765198,-9.58335018,7.01584148,-10.86609459,0.47795016,-11.68636322,6.29169559
2.00000000,-12.02085018,-3.93661952,-10.10236359,-1.12415767,5.44433308,-0.53754479,3.93164849,13.25010395,2.34073424,-8.57093334,-9.61258888,7.21833515,-10.93317413,0.24600835,-11.68576813,6.50525761
2.00000000,-11.53041840,-4.02673626,-9.87702274,-0.78641272,5.97407818,-0.63313073,4.13298702,13.18763161,2.33407784,-8.48075676,-9.76486969,7.21770811,-11.10735130,0.37578562,-11.55947971,6.23716831
2.00000000,-12.02592945,-3.93846989,-10.03966427,-0.85863841,5.93037796,-0.77298146,4.44447374,13.33861160,2.36432290,-8.69230843,-9.90323257,6.96061134,-10.93493652,0.34728515,-11.72929859,6.41411686
2.00000000,-12.02681446,-4.16027689,-10.03170013,-0.80309409,5.30264759,-0.93105394,4.16028357,13.45689011,2.52652216,-8.52364922,-9.78361416,6.94481754,-11.02161789,0.41583431,-11.70022583,6.52701950
2.00000000,-11.75867462,-3.86729693,-10.22942924,-0.75103188,5.55151844,-0.70680124,4.22855759,13.21742344,2.41304588,-8.37970734,-9.52918625,6.89331198,-10.65606117,0.17763960,-11.72010422,6.42057419
2.00000000,-11.98774052,-3.98202753,-10.02083969,-1.09230089,5.75273132,-0.38559973,4.26315641,13.28382492,2.49463367,-8.77461147,-9.75377464,7.37829924,-10.82771873,0.26338583,-11.74269295,6.62844563
2.00000000,-11.81106758,-4.18254232,-9.98246765,-1.06596351,5.83240604,-0.46194652,3.86371803,13.23074913,2.66517448,-8.85746670,-9.56018448,7.14908504,-10.94624329,0.39624590,-12.15137482,6.65622711
2.00000000,-11.72638130,-4.05787611,-10.15142727,-0.81458879,5.88862991,-0.49650112,4.20244598,13.32260609,2.62759972,-8.88271904,-9.60280704,7.01454163,-10.89446449,0.53054076,-11.83764267,6.62188816
2.00000000,-11.50067997,-4.03651571,-9.92371464,-0.95290434,5.76832199,-0.35360542,3.79107380,13.65246010,2.47878742,-8.61290359,-9.61438179,7.19297266,-11.01917267,0.07160050,-11.42467022,6.26456070
2.00000000,-11.57036972,-4.13922358,-9.98004532,-1.02233720,6.03653240,-0.77542579,4.34870005,13.33911228,2.74600172,-8.48644543,-9.74285603,6.99940491,-10.98594475,0.36475301,-11.80899048,6.27628803
3.00000000,-14.05047512,-3.87674427,-9.72464752,-0.06104791,8.08157730,-1.20842385,5.49788141,14.43113804,3.33205032,-8.44618893,-11.13057327,7.17203426,-11.04792023,0.93683475,-13.41533375,6.75698853
3.00000000,-15.89221287,-4.72753000,-12.05591583,1.49608493,8.19790649,-1.68233323,5.71613598,16.41791534,4.54039431,-6.96465397,-12.73630238,7.04722118,-11.36149406,0.46918017,-15.08113384,6.08781719
3.00000000,-14.16268349,-4.15313530,-10.44963169,-0.23434457,7.46232510,-0.97808260,5.00939178,14.52287102,3.89223576,-8.15893364,-10.89540863,7.03800488,-11.09582138,0.80332100,-13.70230293,6.64475727
3.00000000,-14.54879475,-4.41181469,-11.40291595,0.68101788,6.98356915,-1.69189513,5.59583521,16.20620918,4.26460981,-7.33650064,-11.99485779,7.37406349,-11.13911819,0.64064246,-14.74333954,6.44348431
3.00000000,-14.37919712,-4.42864275,-10.63257217,0.87907112,7.45965958,-1.63658643,5.13656330,14.69493484,4.15835381,-8.44548702,-11.53275967,7.18944979,-11.23057175,0.75718433,-13.31414700,6.19100571
3.00000000,-13.80350304,-4.16172457,-10.47345066,-0.45912638,7.49111557,-1.57250524,5.32492065,14.35855103,3.87065363,-8.33220100,-10.88542271,7.28075552,-11.17760849,0.50621569,-13.62446117,6.74971390
3.00000000,-15.52186871,-4.73719263,-10.59267807,0.98092735,7.94844246,-1.35620272,5.65777779,15.11976147,4.34680223,-8.53382397,-13.02045155,7.64907646,-11.09272575,0.59672964,-13.88629436,7.20234299
3.00000000,-14.78044510,-4.45510244,-10.84525681,0.81547022,7.77622795,-1.41373134,5.38229370,15.36321449,3.63552332,-8.57097149,-11.98816681,7.51588249,-11.07240868,1.19346404,-13.51122093,6.67775154
3.00000000,-14.27099514,-4.68867445,-10.25936413,-0.16756618,6.84558105,-1.02862406,5.28789806,15.09888554,4.02205324,-8.78654194,-11.38680840,7.41597700,-11.17137527,0.64989954,-13.87603664,6.86674309
3.00000000,-14.33937645,-4.64011431,-10.81721878,0.43734562,7.02477932,-1.63981235,5.66934872,15.63453388,4.16929722,-8.21854782,-12.05255413,7.15423059,-10.73851204,1.40366650,-14.02709961,6.77492809
3.00000000,-14.51175213,-3.98156834,-10.33314133,-0.37298054,7.21405602,-1.32623708,5.35373306,14.89737606,3.94362545,-7.81821728,-11.15627766,7.39626217,-10.98748970,0.53495425,-13.54797459,6.76669121
3.00000000,-13.87548447,-4.08162403,-10.23411274,-0.13716173,7.19918537,-1.53549170,5.43050575,14.50689507,4.15353727,-8.29781914,-11.34479427,7.09329605,-11.00247002,0.63731104,-13.24870777,7.05184937
3.00000000,-14.27200222,-4.26897621,-10.39173508,0.27302873,7.70453739,-1.48948169,5.04763365,15.40898228,3.75295687,-8.11765289,-11.11905766,7.02918100,-11.38720131,1.34015417,-14.25039577,7.06049728
3.00000000,-14.88329697,-4.00819826,-11.84465504,0.98467255,7.96564102,-1.89399743,5.71833420,16.07043266,4.22204638,-6.94348526,-11.81048393,7.03918028,-11.18197441,0.54542798,-14.68929100,6.22742271
3.00000000,-13.44150829,-4.08354998,-10.24807262,-0.51216686,7.48425007,-1.42479599,5.02378798,14.00437069,3.08179188,-8.12798500,-10.94108391,7.51624823,-10.94904518,0.92682004,-13.30563259,6.87852383
3.00000000,-14.13153934,-4.70744467,-11.56954765,0.41446877,7.30715179,-1.65912843,5.03604174,15.38356686,3.56721020,-8.49448109,-11.21054363,7.42871904,-10.81173897,0.97028548,-13.24796486,6.65292358
3.00000000,-14.40178394,-3.76857901,-10.53396797,0.24079496,6.55046368,-0.90545195,4.97283268,14.91509056,3.78504992,-8.45164490,-11.70210075,7.19457865,-10.53662682,0.68075973,-13.69357300,6.68364334
3.00000000,-14.75266552,-4.53299618,-11.29829311,0.93397987,7.12319088,-1.19207180,6.07319403,15.91601467,4.68470335,-7.51247692,-12.17705059,7.54141951,-11.35174370,0.89720565,-14.30269718,6.13008308
3.00000000,-14.06699562,-4.42928457,-10.24303627,-0.06349319,7.00174999,-1.19323444,5.63862705,15.23509216,3.83927441,-8.59917259,-11.42417336,7.48301554,-11.18222809,0.94444036,-13.88646412,6.64447975
3.00000000,-15.22501087,-4.87097168,-12.05974197,1.38986278,8.08612537,-1.79377520,5.78053379,16.02876282,4.83125591,-6.93837929,-12.52729034,6.85612059,-11.28367233,0.28081062,-14.77030277,6.06346989
3.00000000,-15.61924362,-5.22805405,-11.47620773,0.23114109,7.99428558,-1.41333246,5.54591179,15.12801170,4.24470234,-8.15066433,-12.52308941,7.00454235,-10.78744125,0.57579255,-13.96463966,7.15041828
3.00000000,-14.72673607,-4.48136616,-10.46415710,0.30135858,6.79527664,-1.44397175,5.10369873,14.67378330,3.92260647,-8.47831821,-11.59741306,7.23253393,-10.11164474,0.77907050,-13.49481487,6.32823849
3.00000000,-14.41211891,-3.97881746,-10.36272526,-0.11453295,7.13333607,-1.55361426,5.26492214,14.61397362,4.10605431,-8.26730156,-11.88061523,7.51943779,-11.30290985,0.66899824,-13.19126701,6.89163494
3.00000000,-14.34228230,-4.60766029,-10.63081741,0.37736261,6.71766853,-1.47817743,5.57878256,15.63204002,4.20072651,-7.62958097,-11.69529247,7.52527428,-10.74367332,1.02681935,-13.69505501,6.32451248
3.00000000,-14.41450024,-4.42516994,-10.50945759,0.36983693,7.81300926,-1.01426232,5.30161810,15.06534004,3.47770739,-8.40228081,-11.49253845,7.16834021,-10.87049484,1.09915662,-13.90820312,7.07273388
3.00000000,-14.74565411,-4.80722141,-11.62531948,0.58538151,7.73414230,-1.51514471,6.44857311,16.02024460,4.59608364,-7.99342394,-12.42759895,7.68615818,-10.15779495,1.32058334,-13.82579231,6.90630817
3.00000000,-14.69955540,-4.67047215,-10.95301247,0.38309765,7.53072929,-1.32556522,5.04228258,14.45778847,3.36308098,-8.58114052,-11.52261925,7.44459057,-11.13812637,0.34247249,-13.26084805,6.59377098
3.00000000,-14.75239277,-4.28998137,-11.05465031,0.37854588,8.21042728,-1.35010600,5.18967915,14.59821415,4.77907562,-8.36798954,-11.58396435,6.70869875,-11.26324463,0.37615535,-13.72753239,6.39479446
3.00000000,-14.51886177,-4.18068171,-10.23893356,0.38671279,7.13709927,-1.44567490,5.14486217,15.21437168,3.53926897,-8.39797401,-11.54783154,6.93742943,-11.33761978,1.01921654,-13.30770493,7.07271862
3.00000000,-14.02154255,-4.23984718,-10.24035931,0.26017189,7.18408298,-1.56815064,5.33831215,14.71758842,3.69806910,-8.37736797,-11.51607037,7.23336172,-11.21714020,0.80578727,-13.17816639,6.38883114
3.00000000,-14.62136841,-4.49765539,-11.55003834,0.78155303,7.43237686,-1.23622990,5.79980421,15.64163971,4.05962658,-7.18428898,-11.53483200,7.10172606,-11.14510727,0.47343719,-14.69156361,5.84937382
3.00000000,-14.35802937,-4.75669527,-10.80135345,0.44560921,6.37868500,-1.01094913,5.39844751,15.65940094,4.07413578,-8.61297321,-11.92030525,7.39389324,-10.97769928,0.48856744,-14.20469570,6.71203518
3.00000000,-15.18819141,-5.34002066,-11.57056522,0.82658970,7.11451912,-1.24363518,5.81537342,15.84821224,4.51030540,-7.84317923,-12.06790352,6.98191690,-11.29894066,0.60518742,-14.26045513,5.93430901
3.00000000,-13.96987247,-4.62034559,-10.25409412,-0.23866594,6.82060432,-0.81808162,5.58794212,15.19019032,3.86204958,-7.51098490,-10.91349697,6.89711142,-11.12290764,0.65628517,-13.47681141,6.18717957
3.00000000,-16.14319420,-4.94726372,-11.82083130,1.17622185,7.72375488,-1.53339243,6.11246014,17.14279556,4.63547850,-8.23809242,-12.87812424,7.45989609,-11.02726173,0.51794249,-14.38743401,6.28247452
3.00000000,-15.18452930,-4.57262754,-11.62265015,0.91351342,7.32161999,-1.34435523,5.59216118,15.82244778,4.47150803,-6.78186798,-11.80363083,6.92520714,-11.31993866,0.32767710,-14.50902176,6.27192497
3.00000000,-14.23468208,-4.24153900,-10.34045410,-0.06474298,7.62718296,-1.50872552,5.05476046,15.19830227,3.67049122,-7.86518526,-11.36090279,6.83914280,-11.30151749,1.29222250,-14.04406548,6.97732925
3.00000000,-14.36070633,-5.23017120,-10.73122978,0.68962693,7.10610962,-0.80578357,5.24566221,15.47752571,4.08462191,-7.93762732,-11.74433041,7.06426859,-11.13797379,0.90441078,-13.43307686,6.59432411
3.00000000,-13.96847248,-4.38072824,-10.47946548,0.04403555,7.18501949,-1.33302867,4.91367960,14.89221191,3.75951958,-8.59811211,-11.07463074,7.20746088,-10.99902725,1.26586771,-14.17891979,6.53433132
3.00000000,-13.16263008,-4.15669823,-9.68264961,-0.32441860,6.48740292,-1.10675931,5.04611015,14.27032280,3.13927937,-8.32115078,-10.80289268,7.21006250,-11.01252365,0.32247981,-12.96285820,6.38393021
3.00000000,-14.70726299,-4.15953732,-10.73237228,-0.07507437,7.11973953,-1.53974628,5.26358414,14.81933308,3.79826498,-8.15177917,-11.67928028,7.02610922,-10.97437096,0.79908288,-13.65378857,6.04375744
3.00000000,-14.60747910,-4.73908186,-10.65443993,0.63310850,7.29503918,-1.31457162,5.03689766,15.59870338,3.83823490,-8.11058998,-11.64699078,7.49630260,-11.17927361,1.32102871,-14.38922882,6.95264626
3.00000000,-15.24219227,-4.42225647,-11.35143661,0.89504802,8.20185280,-1.48740649,5.66862440,16.44808960,4.72154284,-7.69654989,-12.20405579,7.06614256,-11.39410019,1.19777417,-14.77867508,6.66835213
3.00000000,-15.15247059,-4.12080240,-10.70294094,0.49834228,7.52204132,-1.26945555,4.96412945,15.51227951,3.46127129,-8.80657959,-11.65648460,7.55573225,-10.95636940,1.21666050,-14.00226688,6.95695114
3.00000000,-14.71892738,-4.65487051,-11.36094475,1.11966538,7.33228874,-1.49384296,5.76620293,16.72574043,4.48361635,-7.66521406,-12.93347073,7.70967722,-11.20974541,0.81943792,-14.20845413,6.38115120
3.00000000,-14.46001244,-5.05692720,-10.61328506,0.81590450,7.01602650,-1.55743837,5.25932646,15.65154552,3.62154675,-8.52880764,-11.85608864,7.24714279,-10.85847664,0.81275326,-13.26823139,6.87961006
3.00000000,-14.30521393,-4.61493158,-10.69849205,0.39238822,6.52760410,-1.54896283,5.57817125,15.62159824,4.03522301,-7.81440067,-11.70131493,7.40974236,-10.82239151,0.92467201,-13.71245956,6.40243912
3.00000000,-15.64012241,-4.82727194,-11.48966885,0.75026238,7.86951160,-1.54075456,5.52485514,16.15584755,4.54293919,-7.67171097,-11.67443371,6.74927616,-11.48011208,0.60601747,-14.05154800,6.32393360
3.00000000,-15.87008953,-4.88978624,-10.51053810,0.63766217,7.62203693,-1.50715744,5.58993435,14.99944210,4.36830902,-8.43499947,-12.45768738,7.33937025,-10.47646904,0.73603779,-13.61826134,7.32819462
3.00000000,-14.25941563,-3.73865843,-10.20787430,0.12757033,7.46716309,-1.33551860,5.78952980,14.58328819,4.28823471,-8.85283089,-11.35006618,7.51193953,-11.56031990,0.69449770,-13.13447952,6.62121773
3.00000000,-14.97429562,-5.40257311,-11.94139481,0.74080563,7.16554260,-1.35922170,5.41638184,15.72726631,4.27092981,-7.70649529,-12.22838974,7.19724178,-11.12825012,0.40969884,-13.69833374,5.85511684
3.00000000,-14.86509991,-5.07308674,-11.07666492,0.56623507,7.29499626,-1.00362635,6.13923073,15.47427082,4.85874653,-8.39712620,-12.09562683,7.15383577,-10.24957085,0.98434156,-13.96611977,6.91787338
3.00000000,-14.70098400,-4.83298445,-10.40332985,0.97292507,7.16254520,-1.44424129,5.47070980,15.66528702,3.37898540,-8.68913651,-12.05809498,7.51246691,-10.70281410,0.98533702,-13.31932926,6.93728161
3.00000000,-14.88594532,-5.16248751,-11.30806828,0.39110899,7.21668339,-0.63112718,5.11965799,15.32074547,4.02022457,-8.09066296,-11.57641506,6.83530617,-11.38167572,0.60227096,-13.54091167,6.33645630
3.00000000,-15.23223209,-5.21564293,-11.82898235,0.37047946,6.56465054,-1.19685853,5.80711317,16.10277176,4.28714132,-7.23967314,-12.27742481,6.46646786,-11.64940453,-0.02664441,-14.39902496,6.30132389
3.00000000,-15.04208279,-3.93854213,-10.63820171,0.27838594,7.37825203,-1.14010572,5.17958736,14.94297218,3.85887480,-8.64145374,-11.25198650,7.38813925,-10.81840134,1.16007710,-13.53825760,6.62060165
3.00000000,-15.14031696,-4.02870512,-11.08495331,0.09744626,7.25591850,-1.95058465,5.74861336,14.91930008,3.97362804,-8.61816025,-12.02885246,7.05676937,-10.93973923,0.63928646,-13.87018013,6.04466057
3.00000000,-14.47395229,-4.47648096,-10.22075081,0.26023966,7.90271473,-1.64253128,5.33243084,15.27929688,3.53642845,-8.32161331,-11.51117897,6.95843220,-11.20247078,0.76798463,-13.23560047,7.21636105
3.00000000,-14.15170765,-4.38999367,-10.44562531,-0.30826551,6.31778431,-1.12109613,5.76534986,15.11838913,3.63730383,-8.88464260,-11.37495613,7.36596107,-11.00031281,0.79915488,-13.44474506,6.34621906
3.00000000,-14.07566929,-4.60831499,-10.76984692,0.66508245,7.01001167,-1.08781207,5.33194590,15.44718075,3.61785603,-8.83625603,-11.66623592,7.42062187,-10.97174263,0.66590881,-13.03096771,6.41606617
3.00000000,-14.42542267,-3.88436222,-10.58819008,0.35937858,6.91992474,-1.22021091,4.75625229,14.84559441,3.62934446,-8.43577385,-11.66928291,7.10085344,-10.60568428,1.08432198,-14.10217762,6.86001110
3.00000000,-14.66767597,-4.74909258,-11.03353024,-0.02230412,7.92498684,-1.49056315,5.20071268,14.85647202,4.21750450,-8.42161560,-11.59985542,6.57384396,-11.20924568,0.36913529,-13.35703087,6.16721821
3.00000000,-13.45049572,-4.35964823,-9.68634224,-0.13347274,6.50643921,-0.94999105,5.34810352,14.73044300,3.39890575,-8.07376099,-11.26730728,7.33526564,-10.70940018,0.46977788,-13.18928719,6.48951817
3.00000000,-14.55489540,-5.16966581,-10.62064362,1.05167365,7.22412777,-1.29895055,5.43524218,15.91722870,3.85497046,-8.60390091,-12.10188484,7.26816320,-10.72866249,1.15221357,-13.36490631,6.97759914
3.00000000,-13.93807888,-4.88572931,-10.30280781,0.64662707,7.77399731,-1.13510025,5.31152248,14.59257507,3.60046721,-8.25107574,-11.38702679,7.10239840,-10.98563576,0.84561068,-13.24609089,6.47871208
3.00000000,-15.56913090,-4.67167616,-10.46796131,0.34978342,7.50415802,-1.33810103,5.64519691,15.04416943,4.44212723,-8.36316776,-12.51689339,7.44765759,-10.27943230,0.81743199,-13.51512909,7.02154636
3.00000000,-16.39147949,-4.79983711,-11.38204861,1.17669594,8.19971085,-1.60294151,5.99173927,16.79747772,4.43286753,-8.32159710,-12.46489811,6.95913363,-11.31590271,0.68189621,-13.90542603,6.82838535
3.00000000,-14.79753876,-4.59508562,-10.55253124,0.51068592,6.73638535,-1.21417928,5.39507341,15.09673882,4.00149202,-8.48898315,-11.79887962,7.36720896,-10.30954742,0.71910089,-13.46379280,6.25782967
3.00000000,-14.87204170,-4.93608665,-10.45269489,0.21943104,7.02865028,-1.52308381,5.25493574,14.67624092,4.12504339,-8.35091686,-12.06725311,7.37874842,-10.18382072,0.69806558,-13.52678585,6.62680340
3.00000000,-14.54307270,-4.36163092,-11.00370216,0.41686177,7.94642258,-1.35823655,5.08263350,15.23894978,3.47562695,-8.19756126,-11.25262642,7.08654165,-10.77434158,1.19697762,-13.73084259,6.83431339
3.00000000,-14.44075394,-4.95611382,-11.45753098,0.47744906,7.78461266,-1.54199886,6.24759197,16.03761292,4.47290277,-7.90631866,-12.42419434,7.60865164,-10.16706657,1.19210839,-13.83060074,6.81591415
3.00000000,-14.42213058,-4.93169117,-11.50691319,0.69976985,7.41960335,-1.63613796,4.95515156,15.39735794,3.81861877,-8.31181145,-11.49356556,7.44925737,-10.55172729,0.84594625,-13.41350079,6.54523087
3.00000000,-15.16915703,-4.44135571,-11.65820312,1.01804626,7.88646507,-1.46769404,5.44560337,16.07450294,4.97897530,-7.24673891,-12.08652401,7.34254646,-11.54437065,0.56144816,-14.92648602,6.48272038
3.00000000,-14.83608341,-5.25800133,-11.18415070,0.73201275,7.32033825,-0.57562387,5.18909883,15.52244377,3.92304707,-8.25584507,-11.73572159,6.69725752,-11.31975746,0.78826612,-13.67575073,6.74378967
3.00000000,-15.29330063,-4.96723700,-11.18323612,0.55546618,7.86128521,-1.54288185,5.69556141,15.25242519,4.67915630,-8.09268856,-12.77383327,7.26501131,-10.72241211,0.47388989,-13.68544102,6.99290752
3.00000000,-15.25045776,-5.02016401,-11.57326889,0.70599067,6.34778404,-0.88688564,5.45383167,16.29094696,4.37815762,-7.78753948,-11.98503208,7.14062977,-11.59488297,0.38242513,-14.21299648,6.18976021
3.00000000,-16.36535072,-4.55665016,-11.06521606,0.95902610,8.05554867,-1.65415668,6.13951302,16.35236168,4.36957884,-8.14689159,-12.64322281,7.27170944,-11.14749527,0.75074476,-13.94745541,6.74321938
3.00000000,-13.93499565,-4.70088530,-10.44360352,0.15773761,6.65357399,-1.21822631,5.43598032,15.26600170,3.92103100,-8.52864933,-11.37381649,7.48276281,-10.96123123,0.90880018,-14.15037537,6.67414570
3.00000000,-14.29493427,-4.67640591,-10.73667526,0.18567818,7.53057861,-1.29036367,5.28008127,14.85649395,4.41974974,-8.00497818,-11.70945740,6.78587580,-11.30868912,0.48833263,-13.16701031,6.15981483
3.00000000,-13.51853466,-4.80602932,-10.34037495,0.30018079,6.19559860,-1.23388910,5.40183306,14.69952106,3.70090437,-8.62211418,-11.38627243,7.30198145,-11.05023575,0.50633293,-13.44835377,6.61807442
3.00000000,-15.25600243,-4.82628059,-12.27665615,0.97208869,7.29544163,-1.48148084,5.79960203,16.58850670,4.55297756,-6.55325842,-12.12804604,7.12102127,-11.17243576,0.04696018,-14.65631771,5.58626270
3.00000000,-13.92002392,-4.27215242,-10.51197147,0.39859617,7.44781113,-1.35006797,5.29875374,14.46378708,4.20826864,-8.58100510,-11.40551758,7.23827744,-11.45472908,0.29340056,-13.09215736,6.18604469
3.00000000,-13.52605343,-4.37192154,-10.23206329,-0.20405412,7.21502972,-1.29260528,5.49276781,14.88624001,3.93477392,-8.08939457,-11.50398922,7.37164259,-10.90488434,0.35151941,-13.15149593,6.65555382
3.00000000,-15.30603313,-5.44268465,-11.52232361,1.18803787,6.83963966,-1.53972530,6.08385563,16.14010429,4.96889877,-7.80067301,-12.78733158,7.14279747,-11.13193321,0.54636419,-14.17396069,6.35844135
3.00000000,-14.41190052,-4.67713022,-10.56529617,-0.26787299,6.31681824,-0.86474520,5.67300463,15.04852962,3.99022198,-7.57273197,-11.04813862,6.98153782,-10.97648811,0.30252346,-13.72194290,6.35499859
3.00000000,-16.46742249,-5.01403332,-11.46648216,1.20190406,7.78278255,-1.51824808,6.33615160,16.35403633,4.67883635,-8.12466240,-13.03456497,7.46399975,-10.99739075,0.46153796,-14.22963047,6.15812016
3.00000000,-14.86320686,-4.67476749,-11.21736431,1.01978624,7.08217239,-1.58255708,6.17679071,15.92647552,4.56050682,-7.61979723,-12.04878235,7.59268522,-11.21723747,0.60610867,-14.26643944,5.86291504
3.00000000,-15.15407372,-5.05760479,-11.62390900,0.79338741,7.59172344,-1.34748292,6.34311342,16.30853462,4.79010677,-8.01162338,-12.75819492,7.39730120,-10.40650940,0.72528040,-13.70225525,6.15550709
3.00000000,-14.25486088,-4.70778751,-10.84504795,0.63832462,7.07409191,-1.28250480,5.12125492,15.02760124,3.45724821,-8.76896191,-11.73750973,7.56973219,-10.76971626,0.78813171,-12.95435810,6.59913445
3.00000000,-13.69995499,-4.28859091,-10.16099930,0.34895611,7.13316727,-1.38046324,5.54812813,14.19559765,4.04221630,-8.19042206,-11.31884956,7.27833223,-11.29758453,0.47165796,-13.17588234,6.22692108
3.00000000,-14.37887287,-4.22787333,-10.42850304,0.27210701,7.12321949,-0.91266447,5.72989988,15.32545567,3.74936628,-8.85175610,-11.62919331,7.96297407,-10.96422768,0.80999738,-13.13850117,6.55924416
3.00000000,-14.60385799,-4.55678892,-9.82969761,-0.04909176,6.92446613,-1.48077619,5.31859970,14.15419483,3.23732996,-8.20597744,-11.50717258,7.00934887,-10.57064247,0.52928078,-13.48126793,7.13292027
3.00000000,-16.44500351,-4.77574444,-12.24237347,1.48500872,8.35828686,-1.83246350,6.57613945,16.33412933,4.70592737,-7.17466688,-12.16526222,7.68207550,-11.45388031,0.09217528,-15.02082443,6.51050854
3.00000000,-13.77670860,-4.61667633,-10.16378498,0.20642745,7.41778946,-1.35014546,5.21504593,14.85509872,4.11164808,-8.18275547,-11.24814510,7.21933126,-11.04152679,1.13271022,-13.57668972,6.94800949
3.00000000,-15.54352951,-4.84333467,-11.82501793,1.09905815,7.80612946,-1.73095000,6.50354433,16.97293854,4.54498291,-8.01414204,-12.72327518,7.55756187,-10.57807732,1.04247069,-14.24569321,6.61024189
3.00000000,-14.52008247,-4.41979742,-10.61023045,0.46186507,8.27685833,-0.73892653,4.95143127,15.19883251,3.52049541,-8.62145901,-11.68093681,7.16147470,-11.08067894,1.47448754,-13.43634701,7.05948734
3.00000000,-15.09295082,-4.05775690,-10.66008186,-0.00022686,7.56347370,-1.27693987,5.51029301,15.15523815,4.12154245,-7.65839195,-11.40297508,7.19589853,-11.39206886,0.65382022,-14.14903259,6.41981316
3.00000000,-14.26457787,-4.20380116,-10.88406181,0.52346337,7.09916210,-1.68291354,5.55791759,15.90460777,4.26744509,-7.52965689,-11.99766541,7.48745060,-11.17298317,0.58261210,-14.40418625,6.51841831
3.00000000,-14.94968700,-4.07136059,-10.57000160,0.31012279,7.51879597,-1.03677356,5.15414429,15.53145599,3.54562473,-8.54960442,-11.42322063,7.44606543,-11.04931641,0.93961722,-13.73321629,6.75722790
3.00000000,-13.60913658,-4.41825724,-10.41686726,0.54692948,7.00269032,-1.32231963,5.60538769,14.33311558,3.87918758,-8.38393784,-11.32408333,7.26469469,-11.37012482,0.52368724,-12.94157887,6.10375214
3.00000000,-13.75639248,-4.40397596,-10.31571007,-0.22494856,7.85578537,-1.28087449,5.28807831,14.28437901,3.49116516,-8.16381454,-11.15204906,7.46585894,-11.02164268,0.56486899,-13.29218197,6.56238079
3.00000000,-15.43878937,-4.93036747,-11.56379890,0.92581248,7.83396149,-1.55545831,5.44780397,16.46447754,4.30125046,-7.58577919,-11.75294399,6.66369772,-11.46306419,0.55811614,-14.22179890,6.19377422
3.00000000,-14.18931293,-4.81488514,-10.62526512,0.52305901,7.36207485,-1.43055391,5.04048443,15.12734509,3.47084904,-8.38966560,-11.26661015,7.45006561,-11.09605026,0.64800793,-13.42702198,6.14054298
3.00000000,-15.78995228,-4.84260893,-11.54048634,0.99244487,7.40569973,-1.32918036,5.83574772,16.89111710,4.39506245,-8.37798691,-12.47927475,7.36824512,-11.08136940,0.66906446,-13.95828438,6.45909691
3.00000000,-13.95330906,-4.57968140,-10.13884544,0.47529566,7.55363846,-0.72078240,5.09456730,15.41512299,3.84170341,-8.18128109,-11.46641731,7.31088829,-11.40990829,1.38892770,-13.83413506,7.31846237
3.00000000,-14.96097374,-4.81061268,-11.47938824,0.59664619,6.65300941,-0.84287119,5.32777977,16.55303383,4.36313581,-7.77958965,-11.98947048,7.14730453,-11.23322868,0.40771699,-14.00233650,6.20365810
3.00000000,-13.96938610,-4.45527315,-11.15989113,0.40842962,7.54112053,-1.80184150,5.09426832,14.98452091,3.58019495,-8.44322586,-11.03007221,7.08232069,-10.46460915,0.99394941,-13.49955845,6.58253479
3.00000000,-14.47303486,-3.78314519,-10.06040478,-0.26416105,7.11549664,-1.29474318,5.29701853,14.56595707,3.63596725,-7.99356270,-11.53292942,7.02924585,-10.92922592,1.07476878,-13.36421394,6.72654247
3.00000000,-14.45440102,-4.54669905,-10.66901875,0.10023606,7.18839931,-1.59970498,5.44727659,15.44024944,3.93066025,-7.65779352,-11.43124199,7.05920124,-11.15628433,0.45551139,-13.78530598,5.99347496
3.00000000,-13.91556358,-4.14703035,-10.18114567,0.12878799,7.08391571,-1.53030324,5.44670773,14.65942383,3.78399706,-8.24766922,-11.45627403,7.04185486,-11.29562950,0.91318727,-13.05218887,6.11462402
3.00000000,-15.43819809,-4.39832687,-10.97537708,0.79831874,7.21090126,-1.39813960,5.52485847,16.00310516,3.99017382,-8.95747471,-12.11251736,7.57016802,-10.69474220,1.23885727,-14.24420071,6.62145901
3.00000000,-13.98535919,-4.10465670,-10.51271057,0.31081170,7.57155418,-1.44399536,5.23236465,14.95004559,3.73310089,-8.18176079,-11.13456535,7.15368462,-11.09035110,1.27912092,-14.01939201,6.77030849
3.00000000,-14.89503288,-4.11746502,-10.60686779,-0.07924330,7.50072956,-1.25415683,5.19777203,14.72967529,3.74022388,-8.17245007,-11.60860634,7.02707005,-11.32164574,0.83294302,-13.53057575,6.14826393
3.00000000,-14.32426548,-4.58538103,-9.88610935,0.21945947,8.10221291,-0.99231476,5.26939249,15.01559925,3.72962332,-8.47111416,-11.83051777,7.37013054,-10.91128540,1.38272214,-13.40319157,7.13393497
3.00000000,-13.65352440,-4.22470570,-10.37717533,0.17029893,7.22965050,-1.42098880,5.05691671,14.29477692,3.92049408,-8.08011436,-11.11762905,7.20197964,-11.26018715,0.63386679,-13.07791710,6.36427116
3.00000000,-14.22416878,-3.89469981,-10.00911999,-0.04381794,8.17984581,-1.29037678,5.24195528,14.34838867,3.30726194,-7.98730421,-11.15512562,6.94870138,-10.92600441,0.71218407,-13.70400047,6.91685295
3.00000000,-14.00167942,-4.58283758,-10.02489471,0.20980650,7.60491467,-0.75296688,5.14741802,15.58092499,3.88834190,-7.95318794,-11.64042473,7.41484594,-11.22591782,1.56261086,-14.18005085,7.09992981
3.00000000,-15.45260239,-5.17343473,-11.66783047,0.85644162,7.67310810,-1.64957964,5.83834934,16.21261978,4.66731977,-7.97513533,-12.16562176,7.14988947,-11.27270508,0.51028693,-13.95184517,6.12242603
3.00000000,-14.51313210,-4.08928680,-11.94116306,1.05141962,8.18011951,-1.74365306,5.86246300,16.05821419,4.51830626,-7.08004665,-11.93960190,7.07247496,-11.05727768,0.37567940,-14.63316154,5.91829777
0.00000000,-10.31948185,-0.29806834,7.81129122,4.43964195,3.29853654,12.12514114,-4.13797951,-1.33049726,-1.31853318,14.18764114,-0.61379701,-17.71222878,-9.18668938,12.09259796,8.05437660,-8.38410568
0.00000000,-10.54511833,-0.35779601,7.96308184,4.48449898,3.11519718,12.45610332,-4.23156595,-1.48472738,-1.40309191,14.33568573,-0.44661498,-17.89656067,-9.42834568,12.26250362,8.20998573,-8.49994183
0.00000000,-10.17489147,-0.30381569,7.80490303,4.41345024,3.17189336,12.05942822,-4.13456869,-1.30710506,-1.33056951,14.11115742,-0.60252047,-17.60982895,-9.05484581,12.00532913,7.99763393,-8.33167744
0.00000000,-10.39207554,-0.31235456,7.88057184,4.45188332,3.22039342,12.26974964,-4.16360998,-1.41254938,-1.36824381,14.22303391,-0.59352964,-17.79165840,-9.29421711,12.15507412,8.11419773,-8.42411327
0.00000000,-10.59755802,-0.31507540,7.98039484,4.50063229,3.19464350,12.39280701,-4.19558144,-1.44180954,-1.39983618,14.40869141,-0.54125118,-17.96719742,-9.40771580,12.28265667,8.31510639,-8.60018635
0.00000000,-10.40988255,-0.31700808,7.87446356,4.43202209,3.22660255,12.35500813,-4.16295910,-1.47988319,-1.42611563,14.37067604,-0.52803183,-17.83269119,-9.28521442,12.21883774,8.23787498,-8.48313236
0.00000000,-10.74511242,-0.32143843,8.12934875,4.55064869,3.19776750,12.67380333,-4.24028826,-1.56681108,-1.43611228,14.59627914,-0.48919100,-18.14067078,-9.57497597,12.47317886,8.43531513,-8.66514492
0.00000000,-10.62046242,-0.33216286,8.08969116,4.49093819,3.20441246,12.54289436,-4.18323803,-1.56156468,-1.38744044,14.49467564,-0.49192089,-17.89404106,-9.47430992,12.33173466,8.31576347,-8.60886002
0.00000000,-10.87944412,-0.26841012,8.23955536,4.65544605,3.22651243,12.76449585,-4.17442226,-1.47510111,-1.39869821,14.73036480,-0.46735045,-18.34840012,-9.69872570,12.54968357,8.36727715,-8.75640488
0.00000000,-10.47856522,-0.36053240,7.91796112,4.48122835,3.20081854,12.24403381,-4.11789799,-1.30947888,-1.40910923,14.24421597,-0.51795363,-17.79924011,-9.24891376,12.16337872,8.09962368,-8.42085266
0.00000000,-10.59866524,-0.23817261,8.01660347,4.41368675,3.18987155,12.45437431,-4.22059059,-1.44744897,-1.38007796,14.44477367,-0.56171536,-17.98607826,-9.44916725,12.28852081,8.23599625,-8.46670723
0.00000000,-10.63252926,-0.30719143,8.04376602,4.54913807,3.17994785,12.49498367,-4.25806427,-1.40747833,-1.44218445,14.41123199,-0.58921349,-18.04154587,-9.44294548,12.39907742,8.37301350,-8.60529995
0.00000000,-10.45967388,-0.35451096,7.87970543,4.48910284,3.22897434,12.31233120,-4.14833641,-1.42594278,-1.33721817,14.26689148,-0.53736258,-17.83646774,-9.30486298,12.17220020,8.13631630,-8.45609856
0.00000000,-10.47990704,-0.31377459,7.94622421,4.41370678,3.14629483,12.37956810,-4.13612652,-1.44352651,-1.42249274,14.31210327,-0.53002369,-17.85493088,-9.31201172,12.25607014,8.18348503,-8.53678513
0.00000000,-10.50395966,-0.32297385,7.96071005,4.48039246,3.18899179,12.36682320,-4.14937305,-1.46206594,-1.37184632,14.28695297,-0.58539736,-17.83190155,-9.31735611,12.21198082,8.21022987,-8.47990131
0.00000000,-10.61843014,-0.36895156,7.99853325,4.46683693,3.20017290,12.36725903,-4.20304203,-1.47985041,-1.37814474,14.41990185,-0.54364777,-17.98493195,-9.41537380,12.32783794,8.24599075,-8.57438946
0.00000000,-10.49875355,-0.33916408,7.97702456,4.49104452,3.17462397,12.35677338,-4.16656160,-1.40140331,-1.36726642,14.36318111,-0.53334713,-17.85527039,-9.24382687,12.23577881,8.27180099,-8.50052261
0.00000000,-10.72442341,-0.33631200,8.15036392,4.54349899,3.24115610,12.64422607,-4.12647533,-1.47345769,-1.43778920,14.56829929,-0.50032300,-18.04319572,-9.55228519,12.40752983,8.35737419,-8.69811630
0.00000000,-10.65794182,-0.32093325,8.03125191,4.51738119,3.23425341,12.45762157,-4.25490856,-1.47701228,-1.38016701,14.43784142,-0.47065461,-17.98203659,-9.51560402,12.34835052,8.31577396,-8.61077690
0.00000000,-10.56589317,-0.26368195,7.95718288,4.45782471,3.24014592,12.39971161,-4.13393402,-1.47610164,-1.39465153,14.43036938,-0.58082581,-18.01566887,-9.42995834,12.26241016,8.31023407,-8.54619408
0.00000000,-10.56893826,-0.28316867,8.02791595,4.47657490,3.21891999,12.46733093,-4.14810753,-1.46498525,-1.41926861,14.41930676,-0.46258917,-17.95432854,-9.46903896,12.31430912,8.16324425,-8.55474472
0.00000000,-10.53951645,-0.36963379,7.92100668,4.47945881,3.22259521,12.32008839,-4.05724525,-1.43506134,-1.29988241,14.37186909,-0.49706540,-17.82073975,-9.30463505,12.22346783,8.17386150,-8.53879166
0.00000000,-10.46443748,-0.32250035,7.92344618,4.40872860,3.19388628,12.33041382,-4.12907219,-1.43737030,-1.30770028,14.31235504,-0.50527346,-17.85689926,-9.25513744,12.15733624,8.15273762,-8.48052788
0.00000000,-10.53241253,-0.27965134,7.88263321,4.40099049,3.28984118,12.32325840,-4.17002058,-1.39981437,-1.38790810,14.34953594,-0.50354481,-17.81280708,-9.26273632,12.19127846,8.21464157,-8.54972363
0.00000000,-10.27541924,-0.36035705,7.79192448,4.42506456,3.20395827,12.01530933,-4.11408901,-1.33841538,-1.37453604,14.11188412,-0.59706712,-17.59299088,-9.12195301,12.03647327,8.12000942,-8.35289669
0.00000000,-10.41579342,-0.29986840,7.89084530,4.49463177,3.19842434,12.23979759,-4.21044159,-1.41873813,-1.36346352,14.32423973,-0.55447382,-17.83629227,-9.30240440,12.16959953,8.20659065,-8.45607090
0.00000000,-10.44678307,-0.26082909,7.87373257,4.53151131,3.19587016,12.25054932,-4.15888786,-1.37345195,-1.35387230,14.25162411,-0.58906108,-17.81818581,-9.31568146,12.15627956,8.15604496,-8.47269058
0.00000000,-10.43840790,-0.30526304,7.90424299,4.38971615,3.19260335,12.25133610,-4.10199451,-1.37806833,-1.37879014,14.34299946,-0.56741339,-17.74780655,-9.28589535,12.24060345,8.18477440,-8.48794651
0.00000000,-10.60647774,-0.35566968,7.99666786,4.48293686,3.20841861,12.41268158,-4.22011805,-1.47443020,-1.36694610,14.45246410,-0.46947330,-17.93594551,-9.43519688,12.28608036,8.27684021,-8.56204319
0.00000000,-10.27508640,-0.32383984,7.81298304,4.40395355,3.25756097,12.08624744,-4.12919617,-1.30968213,-1.33732378,14.08251286,-0.60522580,-17.61891365,-9.09307098,11.99708271,7.97168541,-8.30035305
0.00000000,-10.58914566,-0.31789428,7.97113943,4.48974514,3.20094705,12.45328903,-4.13335037,-1.44537199,-1.37235868,14.46752644,-0.54156625,-17.91941643,-9.46165180,12.30819607,8.21863651,-8.63933086
0.00000000,-10.65241718,-0.30524451,8.05203819,4.48130322,3.18622470,12.51271725,-4.19167614,-1.50491798,-1.36184347,14.45544052,-0.49938923,-18.03337097,-9.50917053,12.33329773,8.34017944,-8.56074810
0.00000000,-10.45988846,-0.30990577,7.94942999,4.45887566,3.27640080,12.24996185,-4.13948345,-1.39680767,-1.35796750,14.33698750,-0.59408307,-17.83600998,-9.31483078,12.26536846,8.16878986,-8.52389431
0.00000000,-10.48169804,-0.24046430,7.95810175,4.41827393,3.18894410,12.35889721,-4.15304613,-1.39540672,-1.42854512,14.30210781,-0.54927647,-17.90359688,-9.33169937,12.23236942,8.18911266,-8.47682953
0.00000000,-10.24409294,-0.28497064,7.76668024,4.36302948,3.21491385,12.00517464,-4.11102486,-1.30549788,-1.31419623,14.12664032,-0.64330006,-17.59346581,-9.05863380,12.00066376,7.97524309,-8.29836369
0.00000000,-10.49158192,-0.28137434,7.85810804,4.40832996,3.22631454,12.23906040,-4.16714382,-1.45281065,-1.40515006,14.30410480,-0.57789648,-17.84291840,-9.34309769,12.16079617,8.09855461,-8.44339561
0.00000000,-10.53929424,-0.27037132,8.01096249,4.48037052,3.22584653,12.41896057,-4.23421240,-1.43407762,-1.36134207,14.42163181,-0.50125593,-18.02487564,-9.40770912,12.29021835,8.19304276,-8.53965378
0.00000000,-10.63391495,-0.34211200,7.98542070,4.42166233,3.23296380,12.40927029,-4.13586712,-1.43730509,-1.44339252,14.40369511,-0.54634148,-17.98444366,-9.37373829,12.35704422,8.30689240,-8.61191750
0.00000000,-10.53202724,-0.31460011,7.94942284,4.43254566,3.22709394,12.37710953,-4.10957050,-1.47468567,-1.36075175,14.38796806,-0.51961887,-17.86641312,-9.27681065,12.28541851,8.26267338,-8.61070442
0.00000000,-10.49878883,-0.32306105,7.92643309,4.49912262,3.16802526,12.29828930,-4.16116238,-1.45062840,-1.37094462,14.32378864,-0.54238462,-17.86088943,-9.33570194,12.26855946,8.15996933,-8.53403378
0.00000000,-10.65516090,-0.21100959,8.04147911,4.47266483,3.25971913,12.47546005,-4.15532732,-1.46817887,-1.39984965,14.55208111,-0.48354590,-18.03864670,-9.49291420,12.40386677,8.29670620,-8.58966255
0.00000000,-10.45540428,-0.32639462,7.91033173,4.48729420,3.23466086,12.34102535,-4.17884636,-1.44121933,-1.29478776,14.37152481,-0.59246218,-17.88821030,-9.29888630,12.22365665,8.22088623,-8.51242065
0.00000000,-10.58592129,-0.28512913,8.00275612,4.47347355,3.24024987,12.42965126,-4.13512611,-1.47187233,-1.42440224,14.49818325,-0.50040513,-17.95131493,-9.40304852,12.30391884,8.22368908,-8.58730602
0.00000000,-10.54378700,-0.31881616,8.03617954,4.47130680,3.18290567,12.44119453,-4.16638470,-1.49779248,-1.36106217,14.49698162,-0.50762743,-17.96996498,-9.44536877,12.28929234,8.29341030,-8.59650326
0.00000000,-10.45537281,-0.31031775,7.88061333,4.43577337,3.22434545,12.22966385,-4.18073177,-1.43523157,-1.36862266,14.26780987,-0.49863642,-17.79493523,-9.25889206,12.12648773,8.11987877,-8.41497421
0.00000000,-10.33692837,-0.28371531,7.84684801,4.45854330,3.18284297,12.12667751,-4.14052582,-1.29400504,-1.32496190,14.15208626,-0.59907460,-17.66954422,-9.09347534,12.07453251,7.96807337,-8.39837170
0.00000000,-10.42980194,-0.25207907,7.87927532,4.45142269,3.30626512,12.23516655,-4.11518002,-1.40832198,-1.32765090,14.29835224,-0.57429045,-17.80442429,-9.23217583,12.14299679,8.12571621,-8.52626991
0.00000000,-10.43614769,-0.36034247,7.93615294,4.49153566,3.23923564,12.28397369,-4.16989326,-1.41783702,-1.38272214,14.33504009,-0.58582413,-17.80628014,-9.29250240,12.23978424,8.16419697,-8.39267921
0.00000000,-10.40447903,-0.32055718,7.85252094,4.39154482,3.23299241,12.25209427,-4.15225649,-1.42608738,-1.32082260,14.23123932,-0.53685737,-17.74319649,-9.19844723,12.09583855,8.08443451,-8.39447975
0.00000000,-10.38195133,-0.22079295,7.90487528,4.42575741,3.17129087,12.28639507,-4.15339661,-1.32862353,-1.36085856,14.24885464,-0.55279422,-17.81377029,-9.27422237,12.15873337,8.06645012,-8.41358852
0.00000000,-10.33941460,-0.27518180,7.80208397,4.46029758,3.21845698,12.11183548,-4.10238743,-1.32020736,-1.30989528,14.15534019,-0.61135173,-17.71881104,-9.18546391,12.01817608,8.07708645,-8.39568901
0.00000000,-10.49212170,-0.29510301,7.96882772,4.41960096,3.22386932,12.32612801,-4.16910839,-1.37008429,-1.37033224,14.42580032,-0.50785291,-17.92593575,-9.34256744,12.22482300,8.15728664,-8.52054310
0.00000000,-10.55455685,-0.30220133,7.95253563,4.48324680,3.20159960,12.39342403,-4.22364330,-1.44798994,-1.39412284,14.34864616,-0.46881399,-17.95732880,-9.34740162,12.30915642,8.15304756,-8.53812599
0.00000000,-10.53569984,-0.25498506,7.97179747,4.54597712,3.20006633,12.40931320,-4.17782402,-1.41753924,-1.35204983,14.34836006,-0.51825178,-17.92830658,-9.28084755,12.26208305,8.21615505,-8.48685074
0.00000000,-10.50969219,-0.31225497,7.92816401,4.50510454,3.19463253,12.41140938,-4.14136219,-1.47936893,-1.36487734,14.39935398,-0.56654525,-17.94097710,-9.37389183,12.25240421,8.28454018,-8.52371120
0.00000000,-10.43818474,-0.30824679,7.89818478,4.41852951,3.16757011,12.24027634,-4.17932606,-1.37725842,-1.34881938,14.21923256,-0.61784327,-17.79186821,-9.16689587,12.19482422,8.19102192,-8.44652081
0.00000000,-10.35360718,-0.33916771,7.82595682,4.46082306,3.21178937,12.20726776,-4.12937021,-1.44018888,-1.37707865,14.23420715,-0.55040884,-17.66752052,-9.22700405,12.08432198,8.13661766,-8.41316319
0.00000000,-10.65175724,-0.26886660,8.07009697,4.47499704,3.18463731,12.49861240,-4.13570976,-1.48499882,-1.39047194,14.43961620,-0.44215581,-18.06114578,-9.39860058,12.35343170,8.34518337,-8.59580898
0.00000000,-10.61869621,-0.29090095,7.98533440,4.51978588,3.19876933,12.38818169,-4.13829231,-1.41102695,-1.39314735,14.32022572,-0.52769524,-17.90269089,-9.43542862,12.24375153,8.15304756,-8.52073097
0.00000000,-10.62368488,-0.25952244,8.10106087,4.51320362,3.27944326,12.48236847,-4.21316004,-1.47369003,-1.44141769,14.56520748,-0.47814387,-18.04784203,-9.45147514,12.35631752,8.39744473,-8.61853981
0.00000000,-10.42553520,-0.32445034,7.93897200,4.47231102,3.19606566,12.41149330,-4.15824366,-1.46256137,-1.38270462,14.34688663,-0.49766237,-17.83855057,-9.31400776,12.26898193,8.22659302,-8.46560192
0.00000000,-10.50828552,-0.29062724,7.97457314,4.42233276,3.19453645,12.37524605,-4.16269398,-1.42538917,-1.40657449,14.35692406,-0.56073743,-17.93732643,-9.37220669,12.27889729,8.23421097,-8.55651569
0.00000000,-10.65602875,-0.35297254,8.10988617,4.53051758,3.15404677,12.59026718,-4.14694881,-1.50483739,-1.37206018,14.46591759,-0.46518660,-18.02886772,-9.54235458,12.41894245,8.38477516,-8.62096024
0.00000000,-10.29721546,-0.36231008,7.78348827,4.41693592,3.19762349,12.04379272,-4.13805008,-1.36397362,-1.34357846,14.09070301,-0.58068299,-17.60290146,-9.09813595,12.02629948,8.08298206,-8.41919708
0.00000000,-10.42425251,-0.32588363,7.91811991,4.40388107,3.17381167,12.26543713,-4.14516544,-1.41125703,-1.35422337,14.27889061,-0.56878972,-17.88179588,-9.27691555,12.18663025,8.11438656,-8.47347355
0.00000000,-10.88323498,-0.25396511,8.19062328,4.52913284,3.25327444,12.70453644,-4.20904160,-1.53131545,-1.44677544,14.75153351,-0.48203254,-18.20298958,-9.70153141,12.57343769,8.44510937,-8.74213314
0.00000000,-10.25410366,-0.28333294,7.84705257,4.41109800,3.20197439,12.15643501,-4.07438278,-1.34501183,-1.35542572,14.18281555,-0.55663788,-17.74667358,-9.12996483,12.09602165,8.05456352,-8.38571453
0.00000000,-10.51630783,-0.21690553,8.01229191,4.53765774,3.26718664,12.43735790,-4.18724060,-1.45038998,-1.36150396,14.48910236,-0.48680347,-18.07237625,-9.53361988,12.37299252,8.23437881,-8.55915451
0.00000000,-10.70508385,-0.26091173,8.07926559,4.61434937,3.28022265,12.61510658,-4.18640614,-1.48014164,-1.34217298,14.58945656,-0.50650573,-18.14811707,-9.59868813,12.41927433,8.34304905,-8.64299297
0.00000000,-10.63162041,-0.27958560,8.04107857,4.49136925,3.17734551,12.53301811,-4.15596533,-1.50215352,-1.38506484,14.45947170,-0.50023317,-17.95320892,-9.40210152,12.31163025,8.30192089,-8.63564014
0.00000000,-10.56967640,-0.28820699,8.05257797,4.41386127,3.15511203,12.45605183,-4.19247055,-1.48528039,-1.43760669,14.43297958,-0.45271847,-18.01469421,-9.52451229,12.37835312,8.28501320,-8.54984665
0.00000000,-10.38485909,-0.33679265,7.83584452,4.38589668,3.15322828,12.16073036,-4.19175529,-1.34317315,-1.38424540,14.10960770,-0.54680157,-17.77713203,-9.12331581,12.10215759,8.01813412,-8.36943436
0.00000000,-10.37609959,-0.28345948,7.83453369,4.46983910,3.19390035,12.20655823,-4.17889786,-1.36404026,-1.29063153,14.28061771,-0.58255827,-17.77781105,-9.24974346,12.09379387,8.09243774,-8.41053009
0.00000000,-10.46651459,-0.30849051,7.96920729,4.41236877,3.17642260,12.35617447,-4.20962620,-1.43736899,-1.34774029,14.38695717,-0.51647115,-17.88869095,-9.41738510,12.26431847,8.18634796,-8.52783871
0.00000000,-10.58284378,-0.28401357,8.01889801,4.50925016,3.23795676,12.48366833,-4.20470190,-1.37202227,-1.42636514,14.40001202,-0.52826774,-18.05601501,-9.36990261,12.29635429,8.20275879,-8.55072975
0.00000000,-10.36970615,-0.32459658,7.90435791,4.49073839,3.29696846,12.29114723,-4.11524630,-1.38087356,-1.35189509,14.30605984,-0.55035579,-17.74148178,-9.20558262,12.13430691,8.15305614,-8.46400261
0.00000000,-10.73893166,-0.33237904,8.09648800,4.47552538,3.24484682,12.55616283,-4.14772511,-1.48026252,-1.41890943,14.60565567,-0.42044368,-18.08543777,-9.54288006,12.44348526,8.30077267,-8.65620422
0.00000000,-10.39269066,-0.26032108,7.94076920,4.47836781,3.19666028,12.28728867,-4.10755062,-1.40568233,-1.34642160,14.26552010,-0.59878182,-17.80887985,-9.31925106,12.14794540,8.18183517,-8.47621155
0.00000000,-10.59072304,-0.32427579,8.12042141,4.61557293,3.18730593,12.61131668,-4.26380825,-1.44811273,-1.40729296,14.57817173,-0.50642228,-18.05047607,-9.50705051,12.39371967,8.38020515,-8.61315632
0.00000000,-10.50231552,-0.32109839,8.01512909,4.43814945,3.11266971,12.35421085,-4.18863201,-1.39012611,-1.37072849,14.30983925,-0.55784202,-17.84335709,-9.35381413,12.25955105,8.18362713,-8.44546890
0.00000000,-10.70736313,-0.32431823,8.08739853,4.59294224,3.17811394,12.53835106,-4.23681259,-1.39544916,-1.43596137,14.53818512,-0.44560769,-18.04885864,-9.51744843,12.42210484,8.29256344,-8.61078262
0.00000000,-10.59853077,-0.32484573,7.97181797,4.52907705,3.18577170,12.43937111,-4.18798971,-1.40488052,-1.37166429,14.37532520,-0.49680090,-17.99600983,-9.34393883,12.30084133,8.29070377,-8.56552887
0.00000000,-10.47406578,-0.32657260,7.95996094,4.41723061,3.26651859,12.32243729,-4.17334127,-1.46106458,-1.39923334,14.38200378,-0.53072357,-17.88765907,-9.34223557,12.27417755,8.15601254,-8.51080704
0.00000000,-10.68042088,-0.37413111,8.07310295,4.51868773,3.21020317,12.56696320,-4.30671978,-1.49695563,-1.42789638,14.48206425,-0.47355792,-18.08838463,-9.46932125,12.37636375,8.35625076,-8.64976215
0.00000000,-10.46183109,-0.35127938,7.91726875,4.41751528,3.16701794,12.25980568,-4.16710472,-1.42730200,-1.40508342,14.27720356,-0.55569124,-17.83269310,-9.26485920,12.19241524,8.15724087,-8.48808384
0.00000000,-10.56455421,-0.33641118,7.99358034,4.56112003,3.14273262,12.35853672,-4.24966621,-1.38004601,-1.37764382,14.36378860,-0.52864325,-17.84822273,-9.30810261,12.20793915,8.17020321,-8.45719528
0.00000000,-10.41318607,-0.32219625,7.87009382,4.48894691,3.21339560,12.22366333,-4.11771965,-1.35943615,-1.35520971,14.26502514,-0.55274171,-17.77351570,-9.26024246,12.11361504,8.15145016,-8.42922306
0.00000000,-10.59203815,-0.31271619,8.04197979,4.50594902,3.16933537,12.52632999,-4.20388985,-1.53200436,-1.35654902,14.51159859,-0.47778416,-17.93438911,-9.43869209,12.32365608,8.26854420,-8.60293102
0.00000000,-10.50041580,-0.33533347,7.91285372,4.43046093,3.22496748,12.33393288,-4.15671444,-1.39185190,-1.38143647,14.41037560,-0.54583776,-17.82605743,-9.39455795,12.21978951,8.19007397,-8.55378151
0.00000000,-10.43589592,-0.29641271,7.88087702,4.39685917,3.22422814,12.28182697,-4.15540409,-1.37802935,-1.37059855,14.29027271,-0.51377141,-17.84534264,-9.30927658,12.16667557,8.13476849,-8.38951015
0.00000000,-10.70554543,-0.25664067,8.07344818,4.54780102,3.27512169,12.53337765,-4.19042110,-1.40316272,-1.41348219,14.53472424,-0.45794302,-18.02985001,-9.45856094,12.37362480,8.40379715,-8.59350967
0.00000000,-10.56607056,-0.36091968,8.00304985,4.51668596,3.16759872,12.40603161,-4.22175646,-1.48620200,-1.44197643,14.40339661,-0.51652801,-17.92193794,-9.45270252,12.25346279,8.22995377,-8.57444572
0.00000000,-10.35271263,-0.38506591,7.80580044,4.42520380,3.21786308,12.15771103,-4.14257050,-1.43862653,-1.40751529,14.15393448,-0.46594185,-17.66171646,-9.20779705,12.09556293,8.12789059,-8.35334492
0.00000000,-10.32422829,-0.37143284,7.84172678,4.42516947,3.18115687,12.17311192,-4.15315723,-1.35573399,-1.35706186,14.20079708,-0.58205044,-17.72311211,-9.27974606,12.11632919,8.16464901,-8.40774632
0.00000000,-10.53727436,-0.27093509,7.94040632,4.50938940,3.18228817,12.38061619,-4.21441460,-1.39084125,-1.42985308,14.38935375,-0.52509046,-17.97621727,-9.42893028,12.27988625,8.27396870,-8.59292030
0.00000000,-10.44678783,-0.30725086,7.91015291,4.42777443,3.20018625,12.28844166,-4.19320726,-1.34491205,-1.37876284,14.25476170,-0.55555642,-17.77274513,-9.22915077,12.18361092,8.12993050,-8.40681362
0.00000000,-10.25613213,-0.29115868,7.83839512,4.52546883,3.17315102,12.15797710,-4.14531422,-1.32816327,-1.36542881,14.14828968,-0.57764167,-17.65390396,-9.13483715,12.03592777,8.06870365,-8.38754177
0.00000000,-10.50814438,-0.23793255,7.98958874,4.50366783,3.20217109,12.43535995,-4.15912533,-1.43996477,-1.38861918,14.36209297,-0.51255381,-17.95970535,-9.41150856,12.28697872,8.23289967,-8.50778961
0.00000000,-10.42661858,-0.30309713,7.90486240,4.44814873,3.24344158,12.22093678,-4.11206245,-1.40591645,-1.36301565,14.23048973,-0.59417641,-17.84657669,-9.32330227,12.17566776,8.14475918,-8.43554306
0.00000000,-10.55337143,-0.26334113,7.97498226,4.52297592,3.26805568,12.41176224,-4.20287609,-1.45880091,-1.37468755,14.39943027,-0.47246653,-17.87902260,-9.40098763,12.23867226,8.22173977,-8.54990482
0.00000000,-10.28488445,-0.22165358,7.77508688,4.37161446,3.25782394,12.13558006,-4.11912441,-1.36141670,-1.33246255,14.19077110,-0.64679432,-17.80221939,-9.14409447,12.10516357,8.06773663,-8.42350197
0.00000000,-10.60942745,-0.30486923,8.07956314,4.50646257,3.21882105,12.54265404,-4.14342880,-1.44602787,-1.40647340,14.52378368,-0.50904047,-18.00395775,-9.38852501,12.38786507,8.31250095,-8.59936523
0.00000000,-10.48191643,-0.31168991,7.96973658,4.51867819,3.17547393,12.38933563,-4.17485046,-1.39927375,-1.37840605,14.35403824,-0.56002760,-17.89971161,-9.30032063,12.31622696,8.24089432,-8.52317524
0.00000000,-10.72412968,-0.25354588,8.06574631,4.57031059,3.19991875,12.57858467,-4.25576878,-1.43827224,-1.38322949,14.47982502,-0.50339770,-18.10696793,-9.41732311,12.45902157,8.28455544,-8.59594345
0.00000000,-10.58589649,-0.23085159,8.04351997,4.42901850,3.13370967,12.49806118,-4.25790071,-1.43345368,-1.39722121,14.58605194,-0.48893684,-18.07987022,-9.51793671,12.39819527,8.28925228,-8.58716679
0.00000000,-10.19851589,-0.38199157,7.80760336,4.43807840,3.20126915,12.06221008,-4.12443876,-1.31765008,-1.35612285,14.07334709,-0.59418106,-17.57848930,-9.11563396,12.02288914,7.97930670,-8.38461590
0.00000000,-10.48874283,-0.32241422,7.93967915,4.46169186,3.26958895,12.34625912,-4.13117790,-1.44990766,-1.36370695,14.36758709,-0.55849767,-17.90604782,-9.37167072,12.22922707,8.18061352,-8.47742176
0.00000000,-10.41524792,-0.29836583,7.90528107,4.49280834,3.24030209,12.24650383,-4.08551884,-1.37596321,-1.37955153,14.28464127,-0.51441991,-17.78549194,-9.20574665,12.19893074,8.17356396,-8.49213028
0.00000000,-10.59811878,-0.21079798,8.02587795,4.50349188,3.23066545,12.47180080,-4.18435287,-1.42727149,-1.39968824,14.49570274,-0.49104095,-17.95760918,-9.50936508,12.35187912,8.30701542,-8.57071114
0.00000000,-10.76553535,-0.29842633,8.11295319,4.57415962,3.16835594,12.52619267,-4.20272541,-1.45419252,-1.39695871,14.46284199,-0.47671419,-18.05467415,-9.45880413,12.43061352,8.38768291,-8.66373730
0.00000000,-10.10142422,-0.31199706,7.71798038,4.45826197,3.10806417,11.97854042,-4.12017441,-1.30009460,-1.37209845,13.98186684,-0.67089808,-17.53272820,-8.99059772,11.92602730,7.94867849,-8.21880150
0.00000000,-10.50900269,-0.35203391,7.99773598,4.56770563,3.24442339,12.39944649,-4.17326975,-1.51321805,-1.37559080,14.40982914,-0.47914550,-17.95354080,-9.44485855,12.24199390,8.26862717,-8.53918839
0.00000000,-10.48656845,-0.32894069,7.97729540,4.51761389,3.22217417,12.34058952,-4.17904472,-1.34634566,-1.36881018,14.30773258,-0.52933943,-17.87786293,-9.30041695,12.32173347,8.22691536,-8.53174019
0.00000000,-10.39669418,-0.31200403,7.83269262,4.49219704,3.24831796,12.12650871,-4.13764858,-1.37934375,-1.35824358,14.13383389,-0.49633992,-17.75370598,-9.18978405,12.05566120,8.07227898,-8.41999912
0.00000000,-10.48637295,-0.31118065,7.94088316,4.51199532,3.22322106,12.34800053,-4.16283989,-1.46089697,-1.38428688,14.39829445,-0.49891311,-17.92843056,-9.39864922,12.24951267,8.21757507,-8.51983547
0.00000000,-10.60189247,-0.22867958,8.00454903,4.52701950,3.19326329,12.50181675,-4.19216919,-1.43310809,-1.40837634,14.47078896,-0.52646458,-17.99128342,-9.46309376,12.38443565,8.28623962,-8.59845161
0.00000000,-10.22559166,-0.35157096,7.80370569,4.45360565,3.22008562,12.07654190,-4.16671085,-1.30738294,-1.35475373,13.99957848,-0.58257020,-17.60543442,-9.02490044,12.00004768,7.99182844,-8.24978065
0.00000000,-10.57781696,-0.23615578,7.96324539,4.43072128,3.15409231,12.39715481,-4.24483585,-1.42938387,-1.34719789,14.41111183,-0.50389338,-17.86465073,-9.40361691,12.26395607,8.19214439,-8.45613098
0.00000000,-10.32202530,-0.25479901,7.83830738,4.38990021,3.24778104,12.13090038,-4.14183235,-1.35589385,-1.27279067,14.22922611,-0.62840033,-17.69968987,-9.18378067,12.01690388,8.08478355,-8.38842678
0.00000000,-10.50660801,-0.32361633,7.92893171,4.42982864,3.20705795,12.34535503,-4.13696623,-1.42759383,-1.41605067,14.39840031,-0.51803887,-17.81857681,-9.34181023,12.26652336,8.18974781,-8.51057339
0.00000000,-10.64548302,-0.37576339,8.04899597,4.56527424,3.23161030,12.52610683,-4.16216278,-1.44485879,-1.40151119,14.47368240,-0.53522849,-17.99057770,-9.44042110,12.43419933,8.30840969,-8.60361385
0.00000000,-10.93837929,-0.34547675,8.22097015,4.61115170,3.15118289,12.83606434,-4.20936918,-1.52933145,-1.44017458,14.76864147,-0.39352068,-18.29660988,-9.70149899,12.62117958,8.60676861,-8.83790016
0.00000000,-10.67428207,-0.31351179,8.05109501,4.54544067,3.18557501,12.53385162,-4.15969753,-1.43403852,-1.40438807,14.53614426,-0.45945185,-17.99496460,-9.52060604,12.33949566,8.31116772,-8.56799984
0.00000000,-10.64205742,-0.29810947,8.01061249,4.49860573,3.15704703,12.45219326,-4.24374580,-1.42571759,-1.34571648,14.40301895,-0.46679530,-17.99445152,-9.35629940,12.31653690,8.27631569,-8.53585148
0.00000000,-10.57996559,-0.32321501,7.99214888,4.43880749,3.18971109,12.34529018,-4.19765949,-1.45715058,-1.40524054,14.33156586,-0.47137389,-17.98521042,-9.39593792,12.28492641,8.18425465,-8.49298286
0.00000000,-10.47984982,-0.30067503,8.05087090,4.40243530,3.24492717,12.44150352,-4.16714048,-1.51891935,-1.42732680,14.32423210,-0.51584744,-18.01249504,-9.33078575,12.34305477,8.25257397,-8.57510376
0.00000000,-10.43441105,-0.34290469,7.98571253,4.49294281,3.24540448,12.38796425,-4.19567299,-1.48624742,-1.31789374,14.31826973,-0.53792465,-17.84862709,-9.30035686,12.22268581,8.19982243,-8.47432423
0.00000000,-10.62491226,-0.24661568,8.02549744,4.40667152,3.19359159,12.49997520,-4.21121597,-1.49954009,-1.34170651,14.50696087,-0.51192224,-18.08997917,-9.46637249,12.36530590,8.30248642,-8.58428860
0.00000000,-10.53010082,-0.28711933,8.02895927,4.63185501,3.25224447,12.42907619,-4.18664932,-1.41724706,-1.37754583,14.43006134,-0.47854874,-18.06039238,-9.42577934,12.37896919,8.29203224,-8.60398865
0.00000000,-10.71745872,-0.25128478,8.09990311,4.50654888,3.18436480,12.60170364,-4.22709751,-1.50460541,-1.39564502,14.57015419,-0.50619531,-18.15336037,-9.54776764,12.41129875,8.37551212,-8.63883114
0.00000000,-10.60755062,-0.28123730,8.02535629,4.47651386,3.22214270,12.49800491,-4.20206928,-1.50398111,-1.37927651,14.42749500,-0.52775478,-18.01741791,-9.45127201,12.25815487,8.28657818,-8.62802601
0.00000000,-10.48301888,-0.31560415,7.91115141,4.38636684,3.15126276,12.25096416,-4.12705040,-1.40797389,-1.30329084,14.29251003,-0.57986712,-17.81356812,-9.32943249,12.17728424,8.18375969,-8.50664043
0.00000000,-10.62963676,-0.27720699,7.97379351,4.45371723,3.22048903,12.32419777,-4.24092054,-1.48506904,-1.35518384,14.45053864,-0.53515714,-18.08015823,-9.40624714,12.38907337,8.23982430,-8.56273365
0.00000000,-10.66189003,-0.33030254,8.03603077,4.43072462,3.21688318,12.41394997,-4.18273640,-1.42649424,-1.35093272,14.50429726,-0.53984255,-17.94835854,-9.41863537,12.31371212,8.21585941,-8.56341457
0.00000000,-10.64615250,-0.33701956,7.99675989,4.47370434,3.18701744,12.44776726,-4.17917395,-1.47501051,-1.50353968,14.38420296,-0.48006102,-18.02988815,-9.40907097,12.35341930,8.25572205,-8.53645802
0.00000000,-10.65818214,-0.25142455,8.02732086,4.45589066,3.15971112,12.45773792,-4.20629358,-1.42605114,-1.41629684,14.46679497,-0.57211232,-17.95410919,-9.54548168,12.34505081,8.27110100,-8.59552765
0.00000000,-10.60384655,-0.24070641,7.99924374,4.51695919,3.20596623,12.50622368,-4.27063179,-1.44223714,-1.36868501,14.42889881,-0.47760558,-17.97837448,-9.47800350,12.31544685,8.30187416,-8.50111198
0.00000000,-10.42061710,-0.34540039,7.85234785,4.42415857,3.20270085,12.24193096,-4.17361546,-1.42253053,-1.38620412,14.26754093,-0.60620701,-17.82228851,-9.26017284,12.20235538,8.16127777,-8.42512798
0.00000000,-10.75745296,-0.25262606,8.15995693,4.55111313,3.17072272,12.72292137,-4.17734623,-1.49318922,-1.47788382,14.63130856,-0.42022184,-18.17467117,-9.70760918,12.52142715,8.38197327,-8.70934296
0.00000000,-10.30892277,-0.22944781,7.80967712,4.48569632,3.19297576,12.11998940,-4.19550610,-1.29439461,-1.33241594,14.12901020,-0.59387124,-17.63683128,-9.12010288,11.94260311,8.00101089,-8.32608032
0.00000000,-10.55104256,-0.32303190,7.96149445,4.41149712,3.11049056,12.41053677,-4.16573811,-1.49708080,-1.38273478,14.32927513,-0.47238135,-17.88986206,-9.38912296,12.31049538,8.24373913,-8.52940941
0.00000000,-10.40065575,-0.33270514,7.88809252,4.36261177,3.20976686,12.24031353,-4.16169167,-1.36004090,-1.36465955,14.23289871,-0.61988235,-17.70183754,-9.24542046,12.11304951,8.11278820,-8.35580349
0.00000000,-10.68269539,-0.30368006,8.03722572,4.52833366,3.14306402,12.48843479,-4.22201061,-1.52165174,-1.48238206,14.47594738,-0.41996217,-18.09637260,-9.39925289,12.40061569,8.31755352,-8.54095364
0.00000000,-10.59402084,-0.35781193,8.00142097,4.53952312,3.20775080,12.49894047,-4.21028519,-1.38047314,-1.38888729,14.45067024,-0.47461987,-18.00400734,-9.39949894,12.29356670,8.22212601,-8.56656551
0.00000000,-10.42368221,-0.35614747,7.87923050,4.45040417,3.17488050,12.18180656,-4.11396313,-1.36751652,-1.35887802,14.20638561,-0.59325409,-17.76990128,-9.19441986,12.10249329,8.08246994,-8.45989609
0.00000000,-10.43537521,-0.28895390,7.96992350,4.41375828,3.21432590,12.41719246,-4.25538063,-1.42579162,-1.34903800,14.37226772,-0.52904677,-17.92831993,-9.24311924,12.24285030,8.19463444,-8.46005154
0.00000000,-10.53565216,-0.32990542,7.94974422,4.45930958,3.14931464,12.34460735,-4.20992470,-1.46181059,-1.38675225,14.38366032,-0.53998178,-17.88002968,-9.39047527,12.23943043,8.16183853,-8.44633675
0.00000000,-10.51195049,-0.31751341,8.02677441,4.52263260,3.25044274,12.52577877,-4.19938231,-1.48832047,-1.39720631,14.47987461,-0.52515334,-17.90386200,-9.41771221,12.26185131,8.28677273,-8.51413250
0.00000000,-10.14067936,-0.35522503,7.68812132,4.33287191,3.21592522,11.95737171,-4.08801937,-1.31755078,-1.27359414,14.00025463,-0.60173678,-17.45194054,-9.00579357,11.87025452,7.94351435,-8.26389503
0.00000000,-10.68541145,-0.27762178,8.01964188,4.49487495,3.21312881,12.46040535,-4.22868204,-1.42606735,-1.40636909,14.50483131,-0.52429307,-17.94864845,-9.49328041,12.35105610,8.28781033,-8.54539204
0.00000000,-10.41518116,-0.32098526,7.92500067,4.56167936,3.19825220,12.23965836,-4.12425947,-1.39488387,-1.38816404,14.27099133,-0.48601681,-17.80501747,-9.26130199,12.19196701,8.23383522,-8.48944092
0.00000000,-10.61460590,-0.30989450,8.04093456,4.43206120,3.23845053,12.40978718,-4.19724274,-1.49255836,-1.44518542,14.40500259,-0.52356267,-17.96041107,-9.37797832,12.34644699,8.33584023,-8.56276798
0.00000000,-10.59482574,-0.26624942,7.99190044,4.43835640,3.28691459,12.42562199,-4.19792366,-1.52802241,-1.33284318,14.43041134,-0.54652357,-18.00913620,-9.50234032,12.25290966,8.24749374,-8.53992081
0.00000000,-10.33884430,-0.29416949,7.85230827,4.42352390,3.27287436,12.21350384,-4.16926765,-1.34678280,-1.37977242,14.22211742,-0.52911973,-17.79603767,-9.17976475,12.16559315,8.12603283,-8.32469940
0.00000000,-10.46898365,-0.27931166,7.89639521,4.45506096,3.14560509,12.24883556,-4.15438652,-1.36894274,-1.36286235,14.24099064,-0.61420166,-17.85034370,-9.27637386,12.12846184,8.12257957,-8.45582581
0.00000000,-10.71988106,-0.31995368,8.06734467,4.52101994,3.19264674,12.67176437,-4.23872852,-1.50095880,-1.39218152,14.58114910,-0.47644478,-18.01245499,-9.52216339,12.44022846,8.36579990,-8.60447693
0.00000000,-10.47908401,-0.33870667,7.90992498,4.48853493,3.14089108,12.37049484,-4.22145844,-1.37390924,-1.40370584,14.33484173,-0.55229962,-17.86249733,-9.25585842,12.22264481,8.15654659,-8.52266121
0.00000000,-10.62756157,-0.35235399,8.05843163,4.53603363,3.18931341,12.43800163,-4.24607754,-1.50347757,-1.39826918,14.34129810,-0.49174112,-17.98237991,-9.38621712,12.29993057,8.30173683,-8.58356667
0.00000000,-10.50314713,-0.31716144,7.99363327,4.49549770,3.21429062,12.32506275,-4.16849995,-1.39768338,-1.42993832,14.33688354,-0.52687514,-17.90265083,-9.29526520,12.25335503,8.26793957,-8.56666756
0.00000000,-10.52805328,-0.30412203,7.98374987,4.43511581,3.15409255,12.35604572,-4.24840450,-1.45729601,-1.41411340,14.42020988,-0.49762976,-17.93281555,-9.43029308,12.22321415,8.29889297,-8.53553486
0.00000000,-10.28663635,-0.37212509,7.78894186,4.41263771,3.15986443,12.12625217,-4.06910038,-1.32768059,-1.22572172,14.20007896,-0.68016303,-17.69368172,-9.17180061,12.08064747,8.07400513,-8.45234871
0.00000000,-10.34357071,-0.32158262,7.82119989,4.44482899,3.30047727,12.28200340,-4.07262707,-1.44781351,-1.34700692,14.23738956,-0.53387970,-17.75968361,-9.18897247,12.16037369,8.18542004,-8.48027420
0.00000000,-10.57740307,-0.24974233,7.93513632,4.45840740,3.22654486,12.30091953,-4.12620163,-1.47098196,-1.35630083,14.41597557,-0.52830076,-17.88857841,-9.36918545,12.25179005,8.21673870,-8.55254841
0.00000000,-10.72177792,-0.29535004,8.15237999,4.54643583,3.24839139,12.49451351,-4.22163248,-1.44327188,-1.40316737,14.51787663,-0.47000003,-18.13833046,-9.47406101,12.46436977,8.32339382,-8.59689808
0.00000000,-10.41657829,-0.27522165,7.96489906,4.42317247,3.15467644,12.32302761,-4.19992399,-1.41375172,-1.35424876,14.39313316,-0.57596457,-17.87017250,-9.39098358,12.21969318,8.15419197,-8.49651718
0.00000000,-10.74661541,-0.30239093,8.11956501,4.58315945,3.17990589,12.59099770,-4.22801304,-1.50589764,-1.44276071,14.63547802,-0.41845870,-18.05068398,-9.58236122,12.51042080,8.41731358,-8.71958923
0.00000000,-10.45148182,-0.27544427,7.96976328,4.48692799,3.19198203,12.33062267,-4.15200996,-1.39457405,-1.38933516,14.25903606,-0.50842190,-17.86299515,-9.36686611,12.20340347,8.18523216,-8.39165020
0.00000000,-10.44128227,-0.28631341,7.93148041,4.51440287,3.23120666,12.31576538,-4.19553757,-1.42532909,-1.37123060,14.31728745,-0.55256975,-17.83621216,-9.28798866,12.20603275,8.20426464,-8.47408295
0.00000000,-10.58248615,-0.31353605,8.05922794,4.39749050,3.20599604,12.52726173,-4.24582291,-1.42689681,-1.31980932,14.47911930,-0.51633883,-18.04791832,-9.42996788,12.33583069,8.25933933,-8.59583473
0.00000000,-10.86820126,-0.34210056,8.17461872,4.60459280,3.19503760,12.80603886,-4.23867559,-1.55185223,-1.43489957,14.61705494,-0.37166756,-18.15979195,-9.62700176,12.52204323,8.41989136,-8.71072865
0.00000000,-10.46604538,-0.29818255,7.93090820,4.46678257,3.20745277,12.34337807,-4.15658379,-1.37642682,-1.37957966,14.26559925,-0.50543618,-17.80951118,-9.28732777,12.24390507,8.11820030,-8.48041439
0.00000000,-10.51618481,-0.26721591,7.97293425,4.51250410,3.18736005,12.38837337,-4.14990902,-1.48201561,-1.37450373,14.36266708,-0.52481031,-17.87665367,-9.34015274,12.26578331,8.26405525,-8.52455044
0.00000000,-10.23989773,-0.38012618,7.80704880,4.39465046,3.23635602,12.18682861,-4.13711357,-1.38979816,-1.29396975,14.15837288,-0.59131479,-17.58846474,-9.14975071,12.01964664,8.03607368,-8.30845070
0.00000000,-10.40925312,-0.32180440,7.90096664,4.47913837,3.20162320,12.21709442,-4.14523697,-1.36143327,-1.43810034,14.11459827,-0.52662408,-17.82640266,-9.22456932,12.14099884,8.05852032,-8.35282898
0.00000000,-10.48001289,-0.35203153,7.92847967,4.43356323,3.21070313,12.24015331,-4.11949158,-1.44142795,-1.39096689,14.29645157,-0.51395464,-17.82584572,-9.28662109,12.15339565,8.08606720,-8.48927498
0.00000000,-10.33096123,-0.34515095,7.82454252,4.47637653,3.17198586,12.13887310,-4.14305592,-1.40415704,-1.32752299,14.26483440,-0.59357810,-17.72153282,-9.20585346,12.04143620,8.08682823,-8.41017914
0.00000000,-10.56484795,-0.26854005,8.00506210,4.53102732,3.17001891,12.41232300,-4.19422436,-1.43544567,-1.39447522,14.40263367,-0.48827624,-17.89950562,-9.37544250,12.25621986,8.23410034,-8.53879833
0.00000000,-10.52933598,-0.24244365,7.93558598,4.41554499,3.20152926,12.41312122,-4.16820574,-1.47101271,-1.37979078,14.41756535,-0.45959818,-17.85665703,-9.35374260,12.26954460,8.20788479,-8.52942848
0.00000000,-10.31875801,-0.38298339,7.81709623,4.38445568,3.18178630,12.10847855,-4.08036041,-1.40261590,-1.38576496,14.16417313,-0.60968792,-17.64824677,-9.10313511,12.06766319,8.09125996,-8.40045738
0.00000000,-10.57009411,-0.33211464,7.98245859,4.43923664,3.20044947,12.43142796,-4.14813709,-1.47522688,-1.41029358,14.34318447,-0.50136250,-17.87369156,-9.40449142,12.24310112,8.16475773,-8.51459885
0.00000000,-10.93471718,-0.22518659,8.17951775,4.57354450,3.11304212,12.77806759,-4.30716419,-1.57076502,-1.48037899,14.74660492,-0.38777077,-18.33220291,-9.74873924,12.63388729,8.50571728,-8.78807735
0.00000000,-10.45105267,-0.32356301,7.93148279,4.45090914,3.15920448,12.19659996,-4.24776936,-1.31690228,-1.38420892,14.18895817,-0.51900470,-17.78592873,-9.19149113,12.20652771,8.22741699,-8.46214390
0.00000000,-10.56375885,-0.29923844,8.00011635,4.42360926,3.21299410,12.42456532,-4.19692373,-1.47644854,-1.38048148,14.42571354,-0.51910865,-17.89272308,-9.41525459,12.27363586,8.19761562,-8.52258205
0.00000000,-10.47615528,-0.28070498,7.94722557,4.51533556,3.20123959,12.34875107,-4.13225031,-1.42675447,-1.38745606,14.38326168,-0.51471841,-17.80334091,-9.36794472,12.17867279,8.25742340,-8.49213028
0.00000000,-10.53460026,-0.26473868,8.05315399,4.57641315,3.19940925,12.41590214,-4.21451473,-1.36320829,-1.38589227,14.41413021,-0.52255976,-17.94721794,-9.37364197,12.32707882,8.29220581,-8.51966286
0.00000000,-10.62292099,-0.25343078,8.05577278,4.57383919,3.24610066,12.48163033,-4.25319481,-1.39411354,-1.36868012,14.48242474,-0.46503109,-18.08843803,-9.49980736,12.38558102,8.28656673,-8.64998055
0.00000000,-10.27451992,-0.28872466,7.82603359,4.47476292,3.23230720,12.23056412,-4.16808701,-1.34584093,-1.33458221,14.17173386,-0.60580271,-17.67047501,-9.10894108,12.02887440,8.13979435,-8.39403534
0.00000000,-10.37480545,-0.30867022,7.89850569,4.41291666,3.29148626,12.20018387,-4.19323730,-1.41003966,-1.39362466,14.19449329,-0.55323112,-17.80287170,-9.26682186,12.15315247,8.18556595,-8.42355442
0.00000000,-10.60840225,-0.30932140,8.04749489,4.45345497,3.23733592,12.46785831,-4.21592140,-1.44284451,-1.37375939,14.53547192,-0.47834414,-18.09370995,-9.47235775,12.37688541,8.26191902,-8.67053795
0.00000000,-10.56381035,-0.36859804,8.00193024,4.49839020,3.17063403,12.38480282,-4.10486698,-1.42703688,-1.39727497,14.37723541,-0.43763649,-17.85404015,-9.31471920,12.25422573,8.10853577,-8.47844601
0.00000000,-10.53014183,-0.35451189,8.00362968,4.47786236,3.20848536,12.45822144,-4.15198660,-1.48771048,-1.37927973,14.36308575,-0.49751011,-17.86839104,-9.40148830,12.27150154,8.23925591,-8.64671040
0.00000000,-10.43884087,-0.30134416,7.90414524,4.39755535,3.16231775,12.32571316,-4.12990808,-1.40722764,-1.29552519,14.21707535,-0.56944561,-17.79686737,-9.21956921,12.16241169,8.15701675,-8.44437122
0.00000000,-10.45198345,-0.28899270,7.94990730,4.48708916,3.19726467,12.34601498,-4.21295834,-1.44823992,-1.36784136,14.34571838,-0.47088915,-17.93814850,-9.30406094,12.24108505,8.21151352,-8.48690033
0.00000000,-10.66485405,-0.31417412,8.00415230,4.41168976,3.17398787,12.50036716,-4.18721962,-1.52310002,-1.34751046,14.41119766,-0.54701734,-17.98620605,-9.43113518,12.27792358,8.25134277,-8.61877060
0.00000000,-10.54727745,-0.32003266,8.02191734,4.50955629,3.19703937,12.42197609,-4.10256481,-1.47390783,-1.41826820,14.32948780,-0.51957810,-17.88953781,-9.35057354,12.27556610,8.21637058,-8.58525276
0.00000000,-10.55108261,-0.22968590,7.98924303,4.44594193,3.17646408,12.44602871,-4.21322441,-1.49794650,-1.39243293,14.43577576,-0.55119073,-17.95584679,-9.40333557,12.30764294,8.29608822,-8.54889774
0.00000000,-10.69404793,-0.22249472,8.10284424,4.48502874,3.20563889,12.56581688,-4.18407726,-1.45798552,-1.35035086,14.59577656,-0.49148458,-18.09584236,-9.43723202,12.40251541,8.36353207,-8.58570671
0.00000000,-10.43964100,-0.30150509,7.91066122,4.39672375,3.15817761,12.31171799,-4.16122627,-1.48469365,-1.40557361,14.39329052,-0.48946184,-17.79685974,-9.36951065,12.25879097,8.18767357,-8.45002270
0.00000000,-10.33699799,-0.34731871,7.85964346,4.48109674,3.16212821,12.20172024,-4.16547012,-1.33271766,-1.31147552,14.20351219,-0.52852553,-17.67502022,-9.14029789,12.02060223,8.10314369,-8.34732056
0.00000000,-10.43340015,-0.32612213,7.90232897,4.49024153,3.18801308,12.26495934,-4.19341373,-1.37005734,-1.44063497,14.24616432,-0.48828328,-17.79953003,-9.26103210,12.16657257,8.14544868,-8.42943382
0.00000000,-10.44477272,-0.34534830,7.92803144,4.45700121,3.23914337,12.31221485,-4.14791203,-1.46974921,-1.30812609,14.38840961,-0.50547928,-17.82494545,-9.33230591,12.22430801,8.21018028,-8.52153111
0.00000000,-10.57997894,-0.23713422,7.95910025,4.49355984,3.18450570,12.36817932,-4.19454861,-1.46817279,-1.38205826,14.35712719,-0.56484640,-17.91083527,-9.29935074,12.28517056,8.19981289,-8.48227596
0.00000000,-10.38279819,-0.31896600,7.90758753,4.44620323,3.22435999,12.16477394,-4.21079826,-1.33210778,-1.37029159,14.14910412,-0.57427609,-17.77253532,-9.13565636,12.17124271,8.14055824,-8.44856644
0.00000000,-10.60615540,-0.22605808,7.98448753,4.54489803,3.27063680,12.38904572,-4.21118927,-1.40055966,-1.38923180,14.42078400,-0.39843896,-17.92288208,-9.40615940,12.29496193,8.25860214,-8.52342510
0.00000000,-10.33494568,-0.33349729,7.83743858,4.45646381,3.23074245,12.21955872,-4.13735008,-1.37009001,-1.34176946,14.28271866,-0.60766608,-17.77902222,-9.25111580,12.13651180,8.10508537,-8.37534428
0.00000000,-10.47634697,-0.35657418,7.95992374,4.55344391,3.21741867,12.29318142,-4.17110157,-1.35714328,-1.38354504,14.31844997,-0.49298698,-17.83019829,-9.34390354,12.20699406,8.16964817,-8.50667095
0.00000000,-10.51468945,-0.23079225,7.97716475,4.47382689,3.17840743,12.47958755,-4.20350647,-1.42814350,-1.43209314,14.49557400,-0.53029573,-17.96663284,-9.37877083,12.37956142,8.30698490,-8.54860020
0.00000000,-10.49406910,-0.31065142,7.94640017,4.48046207,3.21855164,12.28570271,-4.18374348,-1.37210798,-1.39779544,14.29679394,-0.50985074,-17.91205215,-9.37947178,12.27371311,8.17651558,-8.49393749
0.00000000,-10.21944904,-0.34899050,7.72730112,4.42442846,3.22594094,12.03939915,-4.04655933,-1.32555020,-1.35602880,14.10154343,-0.53800678,-17.58129501,-9.01894379,11.97749996,8.00382328,-8.27112961
0.00000000,-10.40506077,-0.28342041,7.91387558,4.48355865,3.19954824,12.25009537,-4.12492466,-1.40165555,-1.36290503,14.19517612,-0.54813153,-17.82624817,-9.10873508,12.11988163,8.13268757,-8.37391090
0.00000000,-10.46169662,-0.33538941,7.97355843,4.46740866,3.17848516,12.32187462,-4.11809397,-1.42304146,-1.39399087,14.33764744,-0.55823696,-17.86288834,-9.36091232,12.22424507,8.13086224,-8.48149586
0.00000000,-10.50425053,-0.31634265,7.95424223,4.49028301,3.22197890,12.30527401,-4.18570328,-1.41518140,-1.37349188,14.30381584,-0.52830160,-17.79978561,-9.29488945,12.24281502,8.24413204,-8.51945400
0.00000000,-10.80727863,-0.35385686,8.17287827,4.57039785,3.18825698,12.67162132,-4.22373056,-1.53451455,-1.49025512,14.58255100,-0.43732467,-18.19693375,-9.62441444,12.54879761,8.46178627,-8.75821400
0.00000000,-10.37065315,-0.30891818,7.88229418,4.41817188,3.15230298,12.34106922,-4.16189051,-1.42410278,-1.33483529,14.30043697,-0.59320664,-17.83735085,-9.32401276,12.21043777,8.16796398,-8.40568066
0.00000000,-10.39413261,-0.30927587,7.83111620,4.43825293,3.18679309,12.23450375,-4.14053297,-1.38868737,-1.33246076,14.24471474,-0.56278980,-17.73210144,-9.21054554,12.09711361,8.11694336,-8.42382240
0.00000000,-10.46345806,-0.30119133,7.84485435,4.52712774,3.24462605,12.30439281,-4.14521885,-1.48654449,-1.37114656,14.35368443,-0.47729295,-17.88388443,-9.41255569,12.18946648,8.19710541,-8.47485447
0.00000000,-10.43832493,-0.29406875,7.89401531,4.39642859,3.24156737,12.26978588,-4.07153416,-1.39480305,-1.36259043,14.23536587,-0.55092299,-17.77834129,-9.29078388,12.17137337,8.08536816,-8.44947910
0.00000000,-10.45500755,-0.35814649,7.95480156,4.37515259,3.14974976,12.30300617,-4.18797731,-1.48954320,-1.34678733,14.24149132,-0.52810133,-17.81714249,-9.25291157,12.17497158,8.16148281,-8.44899750
0.00000000,-10.29296494,-0.34160167,7.81971025,4.44432449,3.18472099,12.09655285,-4.12793827,-1.34660256,-1.33639359,14.10727215,-0.52680886,-17.62517357,-9.05102825,11.98801613,8.01667309,-8.33966827
0.00000000,-10.44120502,-0.28360772,7.95509434,4.42568779,3.21478701,12.29212570,-4.15699577,-1.38819849,-1.41576159,14.22630215,-0.55534601,-17.88381386,-9.30852318,12.16828728,8.07016087,-8.39976025
0.00000000,-10.40312672,-0.33200538,7.89064217,4.52533436,3.22072673,12.20483971,-4.12621498,-1.33630884,-1.34157026,14.23532867,-0.57779777,-17.76876640,-9.20859814,12.12800598,8.17127323,-8.41503048
0.00000000,-10.62588406,-0.30440903,8.03884983,4.47331905,3.18514061,12.41652203,-4.14655399,-1.37583649,-1.37147117,14.39685917,-0.57508588,-17.94233894,-9.37522316,12.37907028,8.24798012,-8.60294056
0.00000000,-10.31639957,-0.33098865,7.86384964,4.41926575,3.18348980,12.22319412,-4.11595345,-1.37853074,-1.37156355,14.08565331,-0.53360730,-17.63635254,-9.18728065,12.07197094,8.08705425,-8.34022713
0.00000000,-10.38342476,-0.32674012,7.80185413,4.41372442,3.21924829,12.19639015,-4.11137581,-1.40199041,-1.35384429,14.26419353,-0.61954296,-17.73698616,-9.22971535,12.12760448,8.09339809,-8.42272949
0.00000000,-10.53430080,-0.32196271,7.97419882,4.37747765,3.20528221,12.39617348,-4.19366646,-1.37042463,-1.37922883,14.34894943,-0.50475234,-17.88743782,-9.28072548,12.17502022,8.11721134,-8.48664951
0.00000000,-10.58730698,-0.29135567,7.99013567,4.47384357,3.23298097,12.36841297,-4.19814301,-1.42245615,-1.44060743,14.34986305,-0.49540761,-17.91833687,-9.37449837,12.25271130,8.26011753,-8.49817562
0.00000000,-10.47417641,-0.23713493,7.92464447,4.51638699,3.22457552,12.38043308,-4.17390537,-1.36952543,-1.34560859,14.36943531,-0.56929743,-17.84404564,-9.32485580,12.22421837,8.26178074,-8.49598217
0.00000000,-10.36900806,-0.30946386,7.85091305,4.32508612,3.17089438,12.20979404,-4.20865393,-1.37975991,-1.34054661,14.17273140,-0.54342425,-17.71917343,-9.13157845,12.08333874,8.08242989,-8.38647556
0.00000000,-10.46345139,-0.36092889,7.91860676,4.38308811,3.16708016,12.36609840,-4.11129379,-1.34862089,-1.34659410,14.30888367,-0.58790493,-17.83301926,-9.31212425,12.26354980,8.13148212,-8.50842285
0.00000000,-10.55298233,-0.30035859,8.04857063,4.48908567,3.21471643,12.46822166,-4.15235519,-1.41771066,-1.39686525,14.44656372,-0.49287036,-17.95473671,-9.38619804,12.29771042,8.15328121,-8.52289677
0.00000000,-10.67156124,-0.30703121,8.07736206,4.47737312,3.16901207,12.60852814,-4.21092653,-1.56257033,-1.41484129,14.56138420,-0.45766550,-18.07856941,-9.54916000,12.39789677,8.34000015,-8.65365124
0.00000000,-10.58291340,-0.29212856,7.99035835,4.46737957,3.19826460,12.41568661,-4.26153183,-1.41055226,-1.37176013,14.42842388,-0.53897786,-17.92866898,-9.37228203,12.25341034,8.21447945,-8.57594872
0.00000000,-10.70625782,-0.27093673,8.11236191,4.48967552,3.18128920,12.55312347,-4.21647644,-1.42861640,-1.43434882,14.56117153,-0.49425372,-18.12951088,-9.58022308,12.39278030,8.34098816,-8.54952717
0.00000000,-10.41522408,-0.28775668,7.93647337,4.44195938,3.19693041,12.33592319,-4.19029617,-1.42888606,-1.34433377,14.34492207,-0.53991699,-17.87174416,-9.35251522,12.24262142,8.14935684,-8.48951054
0.00000000,-10.60502720,-0.32091165,8.03110123,4.48085880,3.25580025,12.45861053,-4.12801361,-1.48475516,-1.43890965,14.47314167,-0.48852807,-17.94425201,-9.35974789,12.37772083,8.28203964,-8.57904530
0.00000000,-10.58459187,-0.29257387,8.06487560,4.41297483,3.15799785,12.44099617,-4.19298649,-1.42719388,-1.35782564,14.42044926,-0.48760527,-17.99680901,-9.40212727,12.33941460,8.23693466,-8.59473896
0.00000000,-10.94278240,-0.26501042,8.17844391,4.55545998,3.28228736,12.64491844,-4.27436256,-1.49999774,-1.44105828,14.68410301,-0.45022583,-18.22822762,-9.79863834,12.52550888,8.46848774,-8.76722527
0.00000000,-10.51883602,-0.34894484,7.92051601,4.34784794,3.14995074,12.40746593,-4.21196985,-1.47721434,-1.44642687,14.40448856,-0.54385841,-17.95981026,-9.38177967,12.32828999,8.21989441,-8.54554081
1.00000000,-11.81234074,-0.06168772,8.57967567,4.70323563,3.31440020,13.52298737,-4.33125019,-1.58626294,-1.61568165,15.61372852,-0.14436582,-19.24375343,-10.55265808,13.39646816,8.99483299,-9.42441368
1.00000000,-11.56963348,-0.17758663,8.53659058,4.68130302,3.34535050,13.47103500,-4.27614546,-1.62054992,-1.46880376,15.43027878,-0.24948932,-18.94276810,-10.35446358,13.22185898,8.99271107,-9.20873833
1.00000000,-11.40683174,-0.10336362,8.50058556,4.68448544,3.09698677,13.24708366,-4.27011919,-1.48033726,-1.67305720,15.22851181,-0.24886766,-18.91223335,-10.17267418,13.15620804,8.67741299,-9.11921024
1.00000000,-11.16891289,-0.19637874,8.28439713,4.76143646,3.34652066,12.90600300,-4.35952330,-1.47165477,-1.44647539,15.02325535,-0.20251016,-18.72057724,-9.91209984,12.94756985,8.62863827,-8.97840786
1.00000000,-11.41573048,-0.06426045,8.56282806,4.66876602,3.20851684,13.08818913,-4.40790033,-1.61135578,-1.59293604,15.24583912,-0.26165873,-18.74144745,-10.15479755,13.08456421,8.73486042,-9.13768482
1.00000000,-12.01930904,-0.10161689,8.76815224,4.73471832,3.34012794,13.88022614,-4.60804653,-1.50085211,-1.44512534,15.82544518,-0.19458815,-19.66634750,-10.80453587,13.70889282,9.35122681,-9.62424469
1.00000000,-11.27060413,-0.17296284,8.44517136,4.67298508,3.01820111,13.17144871,-4.50375748,-1.38882363,-1.51061046,15.11900806,-0.29117760,-18.56237030,-9.87578392,12.98009014,8.65596294,-9.09424591
1.00000000,-11.33573341,-0.14536205,8.39031506,4.67493534,3.27452087,13.18556976,-4.38864231,-1.53419304,-1.44262791,15.26234818,-0.26372901,-18.70995522,-10.14406395,12.92408562,8.68614960,-9.13377571
1.00000000,-11.71256542,-0.09986246,8.68874550,4.61430073,3.29659605,13.39969254,-4.36436939,-1.56524575,-1.42974555,15.45390892,-0.22743087,-19.16720772,-10.32096004,13.29979229,8.93657303,-9.32019329
1.00000000,-11.64930725,-0.12819979,8.73830986,4.71491814,3.27012682,13.63625431,-4.38352108,-1.78018844,-1.31012917,15.53411198,-0.18266915,-19.03205681,-10.49799824,13.25606155,9.05626869,-9.33183765
1.00000000,-11.80414772,-0.05098867,8.64587402,4.74321461,3.08191800,13.51983166,-4.24538660,-1.70492101,-1.44801211,15.73371410,-0.25248230,-19.01035690,-10.61561680,13.48076534,8.91828918,-9.42948532
1.00000000,-11.30231476,-0.16212708,8.31544304,4.57842636,3.22512650,12.99447918,-4.33828878,-1.39179575,-1.44700718,15.04284573,-0.41408253,-18.69593430,-10.05923462,12.89504719,8.66175175,-9.11316776
1.00000000,-11.42450905,-0.25500429,8.38647270,4.60286427,3.08862853,13.36558723,-4.21297646,-1.58682835,-1.54831767,15.13735294,-0.16834879,-18.95251846,-10.22742558,13.09387493,8.90563202,-9.18283463
1.00000000,-11.49289608,-0.06517440,8.47311497,4.61008501,3.24671221,13.29888439,-4.39067364,-1.44714093,-1.56012928,15.34737873,-0.40608177,-19.04050446,-10.30061245,13.08959961,8.82024288,-9.35812664
1.00000000,-11.65789413,-0.05364451,8.68987846,4.57093096,3.22653437,13.51469135,-4.45234680,-1.56714582,-1.57515848,15.56710148,-0.29046819,-19.10382652,-10.44966316,13.43808174,8.86427116,-9.54242134
1.00000000,-11.85243034,-0.05209340,8.70591354,4.77321148,3.33896995,13.61684608,-4.37717628,-1.72820270,-1.58373749,15.56797504,-0.09795168,-19.34349632,-10.41637039,13.39313221,9.08321476,-9.65701962
1.00000000,-11.60800457,-0.03331187,8.64667702,4.68262005,3.24147820,13.17171574,-4.41579819,-1.65284550,-1.60393417,15.28373528,-0.31860170,-19.17618942,-10.40667057,13.16773510,8.82231140,-9.15974331
1.00000000,-11.28669548,-0.32825762,8.33133507,4.48199558,3.13015723,12.94248009,-4.25143909,-1.49690890,-1.46907473,14.83100319,-0.29355961,-18.76268196,-10.01766586,12.79505157,8.63963413,-9.03359509
1.00000000,-11.54899120,-0.09817006,8.51825142,4.67900324,3.19209075,13.40877914,-4.24713945,-1.58617711,-1.52992499,15.57639885,-0.25275680,-19.05170059,-10.38687897,13.35716534,8.81506443,-9.34746742
1.00000000,-11.68681145,-0.09040686,8.59014130,4.64846802,3.13714743,13.25946808,-4.42054653,-1.50464141,-1.47155452,15.42193604,-0.13726380,-19.12653542,-10.35964012,13.33681297,8.91707039,-9.44274902
1.00000000,-11.61841202,-0.19697139,8.66948605,4.66377926,3.30892563,13.63398838,-4.46984625,-1.71396005,-1.58172548,15.38057709,-0.14249921,-19.35111427,-10.58961773,13.46622181,8.94193459,-9.46252346
1.00000000,-11.33817482,-0.37999165,8.46326733,4.46141052,3.23762274,13.10540771,-4.32012606,-1.60859752,-1.64503586,15.00636387,-0.30010062,-18.61567879,-10.11933041,12.95279598,8.81624508,-9.15754318
1.00000000,-11.60537434,-0.25783944,8.45190716,4.56024265,3.26919079,13.34565639,-4.38780308,-1.61531150,-1.46618652,15.43752384,-0.16257721,-18.99534225,-10.40203857,13.16937160,8.92600250,-9.27036762
1.00000000,-11.54854012,0.08429112,8.39351463,4.66569376,3.10454988,13.20144653,-4.30773544,-1.50028396,-1.55236697,15.27198219,-0.25837910,-18.82265854,-10.20468616,13.19168282,8.79167652,-9.26554489
1.00000000,-11.55720997,0.00792311,8.57612801,4.70377350,3.16613722,13.38996506,-4.42325401,-1.52212095,-1.68836462,15.50755692,-0.22461274,-19.10819817,-10.37164497,13.43976593,8.85113049,-9.23405170
1.00000000,-11.36861324,-0.13127021,8.46859646,4.56962681,3.09794807,13.10247231,-4.33007717,-1.46991265,-1.52220106,15.07669449,-0.33139205,-18.93007278,-10.19939041,13.15397263,8.67292976,-9.19134998
1.00000000,-11.66472054,0.01375151,8.61971283,4.72693539,3.18010497,13.55854607,-4.39704418,-1.64617479,-1.52166617,15.58153725,-0.20499170,-19.15781212,-10.47617245,13.44050312,8.95671368,-9.44588757
1.00000000,-11.38985157,-0.20333171,8.42471600,4.71015167,3.25506377,13.40447140,-4.46034431,-1.54351890,-1.50489354,15.42609978,-0.25664568,-18.76510811,-10.22189808,13.21552658,8.87456226,-9.20348835
1.00000000,-11.29741764,-0.27923238,8.26542282,4.47246599,3.22002983,12.87309933,-4.36475468,-1.56156409,-1.43141675,14.92981529,-0.39840966,-18.62758636,-9.92266273,12.83475590,8.54649544,-8.92243290
1.00000000,-11.69885254,-0.06119864,8.69973946,4.61039257,3.13852072,13.52862930,-4.38940811,-1.70028675,-1.42361593,15.59941006,-0.26496869,-19.26340485,-10.51680279,13.39329433,8.82428837,-9.35514450
1.00000000,-11.55425644,-0.20579359,8.42546654,4.45536995,3.18268776,13.13640118,-4.35338545,-1.58196974,-1.46333289,15.14764881,-0.22447234,-18.83834076,-10.22431850,13.12637329,8.65961075,-9.03959560
1.00000000,-11.58252716,-0.13902037,8.66413116,4.47332478,2.97734332,13.54279995,-4.37368059,-1.66462946,-1.59151971,15.55494595,-0.26167861,-19.02824402,-10.47898293,13.38642025,8.95719051,-9.43557549
1.00000000,-11.46668339,-0.12567192,8.49198151,4.63267040,3.34587121,13.38459492,-4.41902351,-1.52548945,-1.50697839,15.35341167,-0.16454642,-19.05292130,-10.28869915,13.09817123,8.79788685,-9.27335167
1.00000000,-11.25213051,-0.13872190,8.44270706,4.46614552,3.29633093,13.28252506,-4.18094063,-1.61240983,-1.44219744,15.12718487,-0.34358951,-18.84363365,-10.16169357,13.04171085,8.74547672,-9.27083206
1.00000000,-11.79018784,-0.24358204,8.59258938,4.73803616,3.19417739,13.37504673,-4.29398918,-1.67745888,-1.50408363,15.45191193,-0.23280583,-19.07662964,-10.48554039,13.21126556,8.86601162,-9.34367085
1.00000000,-12.01908875,-0.17536807,8.86247540,4.72259521,3.25777793,13.78664875,-4.34247398,-1.87270212,-1.59013951,15.72427940,-0.09408931,-19.53721428,-10.81550980,13.49763203,9.08408260,-9.64658451
1.00000000,-11.46502495,-0.06477717,8.44616699,4.54758644,3.12080932,13.14914322,-4.27824974,-1.53559291,-1.46796501,15.24218369,-0.33920366,-18.78287315,-10.25349617,13.14236355,8.63897705,-9.19303417
1.00000000,-11.53746986,-0.12707984,8.57168198,4.70755291,3.14761615,13.43520737,-4.41102695,-1.60371196,-1.43572783,15.28192043,-0.36326778,-18.96881485,-10.31999874,13.31332684,8.87470913,-9.11143684
1.00000000,-11.91766739,-0.14456877,8.61737823,4.70052814,3.34058690,13.46908569,-4.36637449,-1.60372901,-1.50076759,15.55650425,-0.23887530,-19.34041786,-10.40020370,13.39915657,8.96008205,-9.41986465
1.00000000,-11.10351372,-0.22710867,8.21419430,4.62624788,3.11031413,12.81880856,-4.25860882,-1.47277033,-1.40517890,14.93694878,-0.39710733,-18.45457649,-9.75356960,12.81011009,8.46013165,-8.90644169
1.00000000,-11.90928364,-0.11657801,8.78059578,4.87304688,3.37063360,13.60575771,-4.49690342,-1.62304485,-1.54892921,15.67843342,-0.03440982,-19.46119118,-10.47920227,13.41533184,9.06288815,-9.34281254
1.00000000,-11.40633392,-0.15949525,8.49127769,4.65605450,3.22980070,13.43018913,-4.38130999,-1.60972857,-1.48601007,15.46952152,-0.32190421,-18.95694733,-10.32369518,13.37808609,8.85508633,-9.17414761
1.00000000,-11.09234905,-0.18950123,8.34753799,4.64422321,3.25773287,13.05331612,-4.17563295,-1.52837574,-1.36439168,14.96762657,-0.38976771,-18.52546120,-9.99200058,12.89448929,8.49522495,-8.85400772
1.00000000,-11.42560291,-0.28699857,8.40983582,4.55851841,3.21554136,13.14849472,-4.35028934,-1.49077570,-1.55944097,15.08438778,-0.29015338,-18.93778229,-10.02661133,13.01692295,8.84397984,-9.23934269
1.00000000,-11.50596237,0.01112986,8.44585037,4.52014542,3.12456346,13.21835518,-4.42980766,-1.65372670,-1.52767599,15.23144627,-0.12216556,-18.87731934,-10.22131348,13.09711838,8.66223335,-8.99551582
1.00000000,-11.48719215,-0.25300774,8.47897720,4.66867352,3.19177461,13.37288284,-4.49442291,-1.60708213,-1.60377812,15.53972530,-0.28136611,-18.81445122,-10.34145451,13.19699955,8.89629269,-9.18302345
1.00000000,-11.15941620,-0.05997278,8.27322006,4.60466003,3.12896037,12.87866402,-4.37645149,-1.46495068,-1.39022183,14.96254063,-0.43394744,-18.60484505,-9.88346386,12.85445213,8.58833790,-8.88261414
1.00000000,-11.85431385,-0.01975362,8.70182896,4.63813591,3.16345048,13.52292824,-4.43450546,-1.62809491,-1.49522018,15.56621170,-0.18658333,-19.28312492,-10.36154556,13.52999687,9.05510998,-9.40146065
1.00000000,-11.44241905,-0.16278869,8.52322006,4.75974083,3.13048792,13.41533661,-4.38100147,-1.41838586,-1.61609840,15.51002216,-0.25053146,-18.86904526,-10.18760204,13.32594109,8.60292816,-9.17891598
1.00000000,-11.73046875,-0.11882879,8.78438091,4.88319397,3.21466184,13.69948292,-4.35155869,-1.70606029,-1.48600316,15.65719604,-0.11013074,-19.33419800,-10.53937817,13.42442703,9.02482128,-9.37629414
1.00000000,-11.79733086,-0.26857013,8.66367340,4.68661022,3.25831199,13.54397869,-4.38596249,-1.90672600,-1.70047426,15.49078369,-0.26789445,-19.25945091,-10.46410751,13.40697575,8.80189323,-9.23478889
1.00000000,-11.26657677,-0.29219306,8.36871052,4.56803513,3.12853789,13.25536346,-4.32679939,-1.46961546,-1.42765772,15.25156784,-0.40596449,-18.74639511,-10.11197948,13.05327892,8.80728722,-9.20524120
1.00000000,-11.56046391,-0.17662328,8.44505596,4.51655197,3.26567101,13.30853748,-4.30951405,-1.59234488,-1.48257816,15.23570728,-0.22781320,-19.18029785,-10.19561863,13.15295982,8.94962502,-9.39399242
1.00000000,-11.44254684,0.03846960,8.69013882,4.69270706,3.28863525,13.60919762,-4.42670059,-1.60713637,-1.57220721,15.66794968,-0.32355314,-19.16827774,-10.51804829,13.47014332,8.94992924,-9.50824738
1.00000000,-11.63090515,-0.13682690,8.55329514,4.72130299,3.19569445,13.32750225,-4.41178703,-1.66292024,-1.54048443,15.34969425,-0.17749359,-18.84558105,-10.17097855,13.23745060,8.94902134,-9.32179356
1.00000000,-11.50569153,-0.25396907,8.42119789,4.71490288,3.28634953,13.34398270,-4.38927269,-1.63230789,-1.52302778,15.37769508,-0.22669941,-19.01839447,-10.24111080,13.16064262,8.77289581,-9.21701622
1.00000000,-11.30553055,-0.11343643,8.40048599,4.65992355,3.25766063,13.04329777,-4.38046694,-1.51772833,-1.53651154,15.12949276,-0.42767146,-18.59335899,-9.92154312,13.02720833,8.72793579,-9.08775330
1.00000000,-12.12749004,-0.01170374,9.05782604,4.70714569,3.08913898,14.18564796,-4.65961552,-1.91536748,-1.63640022,15.96515083,-0.16494004,-19.79588890,-10.75254726,13.75255585,9.42772675,-9.58240604
1.00000000,-11.32569695,-0.11070947,8.57667637,4.61975098,3.27383375,13.35859299,-4.22450447,-1.45938170,-1.31285071,15.42080879,-0.43953484,-18.88673782,-10.32118797,13.12015724,8.73344231,-9.23441219
1.00000000,-11.13713646,-0.21043757,8.32104492,4.69367790,3.15034819,12.98650074,-4.20924759,-1.50755262,-1.40728354,15.06403828,-0.37915903,-18.63063049,-9.95154762,12.81331253,8.55733109,-9.03052521
1.00000000,-11.61681080,-0.05633934,8.63884926,4.64583969,3.45286345,13.49389553,-4.34157848,-1.63777661,-1.52306342,15.40003777,-0.26487219,-19.09211540,-10.41635799,13.41297150,8.99693680,-9.37482548
1.00000000,-11.32436562,-0.19107534,8.33200836,4.58573675,3.23146820,13.11860561,-4.24099874,-1.60598505,-1.59321535,15.11371040,-0.34999397,-18.94689178,-10.11341572,13.10863304,8.60987663,-9.15712166
1.00000000,-11.53569412,-0.12764181,8.53746414,4.56749105,3.27104640,13.36647797,-4.31162262,-1.69359434,-1.47451746,15.34884071,-0.38270232,-19.08989143,-10.37705517,13.21844578,9.09749508,-9.19311714
1.00000000,-11.69707012,-0.13995114,8.57068634,4.63583279,3.18861914,13.59606171,-4.44541931,-1.65588629,-1.60012770,15.45890236,-0.28776085,-19.09004211,-10.39208221,13.47493839,9.09489727,-9.30454254
1.00000000,-11.38176346,-0.14152892,8.34970379,4.74546146,3.36611104,13.22971249,-4.23679447,-1.37214553,-1.40044367,15.20551395,-0.30560863,-18.88360405,-10.01100922,12.91368198,8.68048096,-9.19320965
1.00000000,-11.44828415,-0.16490649,8.42398071,4.59737206,3.29108357,13.20603085,-4.35012150,-1.42559493,-1.45962811,15.33511734,-0.41585588,-18.86536407,-10.20347404,13.07268143,8.62967205,-9.08141994
1.00000000,-11.74065399,-0.23693833,8.67844772,4.61847925,3.15533924,13.46523857,-4.33837128,-1.67145813,-1.70786929,15.35814571,-0.24131922,-19.05758858,-10.38045311,13.45729733,8.99565792,-9.33028698
1.00000000,-11.38236046,-0.27988958,8.53017616,4.59424782,3.15497851,13.21979141,-4.48269844,-1.59817410,-1.49328923,15.15856361,-0.31101403,-18.77797127,-10.07750130,13.01499748,8.78831100,-9.14212608
1.00000000,-11.45544624,-0.15017094,8.45562077,4.59546185,3.20515871,13.23423672,-4.34660196,-1.54084766,-1.36272967,15.41838741,-0.33247346,-19.00335312,-10.32269478,13.19979095,8.87272835,-9.11035252
1.00000000,-11.59263611,-0.13784941,8.42184639,4.67849255,3.36304569,13.26986504,-4.42620850,-1.50109124,-1.43988323,15.30699253,-0.19479457,-19.18203735,-10.33208942,13.11931801,8.83410835,-9.29068565
1.00000000,-12.05121803,-0.11877400,8.67364025,4.62649298,3.14469862,13.74772263,-4.48232126,-1.83548009,-1.65218031,15.89617920,-0.00061581,-19.20353317,-10.84230900,13.55055332,8.95220852,-9.42865181
1.00000000,-11.18867302,-0.28331953,8.33382034,4.63935757,3.13237739,13.05989075,-4.23050690,-1.39051199,-1.47429585,15.05342388,-0.32371444,-18.62641907,-10.01782227,12.93538761,8.58397198,-8.99564934
1.00000000,-12.16915607,0.00371636,8.90505981,4.76979923,3.32390022,13.88650513,-4.45273924,-1.84566247,-1.44534779,15.86510658,-0.16513173,-19.54896355,-10.75050831,13.55670834,9.14334583,-9.63625145
1.00000000,-11.37273788,-0.27401599,8.44879150,4.48946238,3.19924450,13.14820957,-4.40235043,-1.39803088,-1.46255040,15.07599449,-0.33692688,-18.95042610,-10.16594028,13.06130505,8.72039318,-9.14705658
1.00000000,-11.34653950,-0.20142189,8.42643833,4.72145510,3.18143463,13.18997955,-4.30532646,-1.60921490,-1.58799469,15.14244556,-0.26941389,-18.98377800,-10.14580536,13.13956261,8.68639374,-9.23271465
1.00000000,-11.35467529,-0.00672473,8.46109867,4.69756317,3.06048679,13.32113647,-4.33052588,-1.46757317,-1.55759978,15.49133015,-0.36680591,-18.93439102,-10.27829552,13.14800072,8.90824413,-9.38000298
1.00000000,-11.66740513,-0.08959991,8.64418697,4.66382504,3.24035883,13.42824554,-4.35565186,-1.74377334,-1.53130758,15.39320469,-0.22006437,-19.15836525,-10.36638355,13.16781712,9.01866436,-9.39853287
1.00000000,-11.33806133,-0.07708637,8.31933975,4.63493443,3.27508259,13.10390282,-4.17083168,-1.64033103,-1.47376287,15.08601570,-0.40822569,-18.89688873,-10.05090332,13.05113220,8.69231701,-9.11515427
1.00000000,-11.78806210,0.08367035,8.78012848,4.63251352,3.26242995,13.69773483,-4.33483791,-1.72080696,-1.60241640,15.87455750,-0.17651758,-19.42214203,-10.73791790,13.66647625,8.94189548,-9.60216618
1.00000000,-11.09615517,-0.19983983,8.22223663,4.65523911,3.17326593,12.89680386,-4.27284813,-1.33630872,-1.39321995,15.05459023,-0.30971336,-18.61387253,-9.84162998,12.80901432,8.57730579,-8.84772015
1.00000000,-11.54682255,-0.04716182,8.61399269,4.68473244,3.24532318,13.42952251,-4.29437447,-1.63032603,-1.62979591,15.43232059,-0.32826650,-19.02184486,-10.26292515,13.29234314,8.82826996,-9.34096527
1.00000000,-11.28085041,-0.14507310,8.38378334,4.59105206,3.23813534,13.19607353,-4.23068905,-1.54364204,-1.45445216,15.14663219,-0.41352898,-18.93052292,-10.15715694,13.06836224,8.70640469,-9.15081787
1.00000000,-11.70614624,0.00530924,8.58670044,4.66741991,3.30425262,13.50920582,-4.36541462,-1.59083736,-1.59762871,15.46307564,-0.10499904,-19.06236458,-10.41252899,13.40770531,9.05038261,-9.48546505
1.00000000,-11.10620880,-0.27084807,8.34252644,4.54437160,3.13325214,12.88864517,-4.29166222,-1.52515256,-1.49794734,14.96338081,-0.30648112,-18.53848648,-10.09096336,12.89902496,8.61286449,-8.83909607
1.00000000,-11.24956417,-0.09704916,8.50121307,4.65544033,3.12758327,13.24655628,-4.20221424,-1.54597127,-1.39880311,15.30791950,-0.33909774,-18.99386787,-10.37084770,13.21382427,8.77467537,-9.22765064
1.00000000,-11.61510468,-0.15420604,8.66557026,4.63877392,3.30120683,13.69033337,-4.22665501,-1.66912484,-1.54354453,15.48543072,-0.17841077,-19.19249535,-10.43381500,13.18826008,8.76987743,-9.41377831
1.00000000,-11.34312344,-0.30033839,8.32940578,4.66979694,3.22399902,12.89294624,-4.30494118,-1.43423545,-1.54656959,14.91819954,-0.24357235,-18.67375183,-9.79121685,12.96425629,8.60851955,-8.96503639
1.00000000,-11.46262264,-0.16513567,8.54470730,4.74593067,3.22852063,13.34724522,-4.45090246,-1.55594420,-1.69356728,15.37250137,-0.24369475,-18.91814232,-10.24632168,13.25125408,8.90874386,-9.25115681
1.00000000,-11.61592960,0.00230786,8.61652756,4.65344477,3.32717061,13.31801891,-4.34162807,-1.52419651,-1.52512276,15.28264809,-0.20047404,-18.94598389,-10.24870396,13.25992489,8.77892971,-9.37494373
1.00000000,-11.64091778,-0.21028423,8.57540703,4.62335110,3.16469312,13.53029728,-4.21074200,-1.64248168,-1.57652056,15.42763615,-0.25347841,-18.95729256,-10.24995232,13.18529415,8.81455326,-9.34605503
1.00000000,-11.37067795,-0.13892281,8.36026955,4.54909706,3.35689926,13.11588287,-4.34145164,-1.64586318,-1.54714406,15.05312920,-0.32751995,-18.88954544,-10.06966591,13.02301788,8.74553871,-9.19951916
1.00000000,-11.57634926,-0.05814248,8.56197453,4.89559746,3.47101927,13.38023758,-4.52193165,-1.52361321,-1.50239170,15.51667595,-0.23738061,-19.05872726,-10.46630669,13.18747139,8.94105244,-9.28110886
1.00000000,-11.15518570,-0.04890169,8.29591084,4.46753597,3.10073018,12.93201923,-4.28686333,-1.56760359,-1.46281004,15.06962013,-0.41302788,-18.57745552,-10.02957630,12.92551041,8.47409058,-8.99342442
1.00000000,-12.06889439,-0.04453868,8.89745522,4.78037071,3.11083055,13.96322060,-4.41176558,-1.94063270,-1.62584507,15.97759247,-0.35134161,-19.56827164,-10.90171528,13.71850681,9.30364323,-9.58469582
1.00000000,-11.72108364,-0.12573405,8.72813416,4.74625969,3.35202003,13.56025696,-4.38975811,-1.68949103,-1.39762390,15.55258656,-0.19799121,-19.44013786,-10.52021122,13.31863976,9.04358768,-9.50151634
1.00000000,-11.66726303,0.01675220,8.63214874,4.71992588,3.21827984,13.34950733,-4.32341480,-1.52211666,-1.67732310,15.35190773,-0.39163059,-18.88298035,-10.12103367,13.42308140,8.83272552,-9.24522018
1.00000000,-11.30284595,-0.23554054,8.34424400,4.65883970,3.11425924,13.03566742,-4.36435032,-1.51630938,-1.45194268,15.01024055,-0.39946240,-18.75381470,-9.96345234,12.81507111,8.66870785,-9.05504417
1.00000000,-11.65645504,-0.02098839,8.72161865,4.72368240,3.27511168,13.60782337,-4.46189117,-1.62336028,-1.58304989,15.58944988,-0.29902694,-18.94196892,-10.24716187,13.39482117,8.90563965,-9.28360081
1.00000000,-11.71644306,-0.10904943,8.58294964,4.74617481,3.24198127,13.33189297,-4.30772209,-1.60226953,-1.42957139,15.45246983,-0.20894954,-18.97572517,-10.40351963,13.26477623,8.93200207,-9.30825615
1.00000000,-11.38510323,-0.09588157,8.40586281,4.57984161,3.14360952,13.30828476,-4.38620186,-1.62144387,-1.46165562,15.36037350,-0.44974160,-19.00317192,-10.33288479,13.09206772,8.84432602,-9.26271820
1.00000000,-11.12360668,-0.37125403,8.26532650,4.58112860,3.19811344,12.75342846,-4.20648670,-1.48152494,-1.54201877,14.61135292,-0.26946929,-18.30455971,-9.79194069,12.72977829,8.53160477,-8.77994728
1.00000000,-11.34008217,-0.27319536,8.27593136,4.55143261,3.34478617,12.98993206,-4.39710808,-1.41454268,-1.43062770,14.94245720,-0.40451062,-18.65553856,-10.03306866,12.89682198,8.83395672,-9.03228664
1.00000000,-11.25686073,-0.30202588,8.27786636,4.47661066,3.29031253,13.02538013,-4.33530998,-1.62637544,-1.48422563,14.97157097,-0.26703572,-18.61264610,-10.05763054,12.86724854,8.55847931,-8.96614265
1.00000000,-11.59349728,-0.19746453,8.52414513,4.61852932,3.06962538,13.34061241,-4.39798212,-1.65930676,-1.65555465,15.36081600,-0.15279081,-18.92824745,-10.35565281,13.29761410,8.78721428,-9.19012260
1.00000000,-11.17601681,-0.05531235,8.36923409,4.68804741,3.16270232,13.10537624,-4.29376888,-1.38162673,-1.63084805,15.25099564,-0.25513595,-18.51740074,-10.05167198,13.00925255,8.71503639,-9.12881184
1.00000000,-11.55309582,-0.04984410,8.50304604,4.72302914,3.28027654,13.26626015,-4.39769506,-1.32746661,-1.28661764,15.38602161,-0.32879868,-19.12548065,-10.24857807,13.30564594,8.74571609,-9.27622604
1.00000000,-11.79461288,-0.06194341,8.59469700,4.69792938,3.17577291,13.49338818,-4.38881207,-1.64488041,-1.50967979,15.49994278,-0.11981986,-19.08927345,-10.55316162,13.36308575,8.87772465,-9.48419571
1.00000000,-11.56109715,-0.06068811,8.55237961,4.63298893,3.12520576,13.53682518,-4.22213507,-1.71959710,-1.61644423,15.52346325,-0.16456698,-19.19851494,-10.49644756,13.31127262,9.05675888,-9.44433689
1.00000000,-11.70910168,-0.11207539,8.53396988,4.82731247,3.19260859,13.36946201,-4.41079426,-1.44331741,-1.32449675,15.66655540,-0.19254956,-19.22688103,-10.40228844,13.31699848,8.96255970,-9.37743568
1.00000000,-11.35247231,-0.20324686,8.44820976,4.78261948,3.15039778,13.07255840,-4.47900105,-1.45538306,-1.44158912,15.39039612,-0.27648318,-19.02268600,-10.18880844,13.19500732,8.73899937,-9.18068218
1.00000000,-11.56891727,-0.17045903,8.53149796,4.61558247,3.25553989,13.32641697,-4.18177986,-1.68279254,-1.54397881,15.28758144,-0.32364503,-19.01095772,-10.25736332,13.03766918,8.73875141,-9.23677540
1.00000000,-11.18031597,-0.23101586,8.37665272,4.64042377,3.21645617,13.10904312,-4.25540113,-1.51578104,-1.49357843,15.01850796,-0.36886176,-18.73272705,-10.04288578,12.97603035,8.73054504,-9.07328987
1.00000000,-11.88611221,-0.13894249,8.71905708,4.73522568,3.21949387,13.62996960,-4.57769203,-1.70411968,-1.54592264,15.79517937,-0.12618549,-19.31583023,-10.50639534,13.31676292,9.09388542,-9.45363045
1.00000000,-11.64837837,0.01012582,8.60986233,4.69620514,3.26609969,13.48595333,-4.42435408,-1.63909864,-1.39258182,15.63584423,-0.30403543,-19.27796173,-10.41936874,13.29962444,8.89635563,-9.37067127
1.00000000,-11.37199783,-0.35245007,8.28363037,4.63618279,3.26703525,12.97500896,-4.22149181,-1.58199823,-1.55239093,15.10605335,-0.20677200,-18.71849632,-9.96717358,12.89743233,8.76812935,-9.10206604
1.00000000,-11.22677898,-0.11370597,8.25898266,4.70861673,3.26364160,12.91474438,-4.27168465,-1.52404380,-1.43139613,15.07494736,-0.47463608,-18.46395683,-9.98934555,12.82899761,8.53337955,-8.99675083
1.00000000,-11.17501163,-0.24532099,8.37679958,4.52982616,3.34991288,12.93728065,-4.30608082,-1.52657771,-1.56396365,14.87859631,-0.27575126,-18.58646774,-9.94962502,12.82686329,8.67819405,-8.96636772
1.00000000,-11.35002327,-0.25744990,8.30406570,4.49121761,3.16834116,13.03671169,-4.24771357,-1.62539339,-1.46628153,15.05518532,-0.24132960,-18.61080933,-10.10423374,12.91864777,8.61408520,-9.04447174
1.00000000,-11.48474121,-0.27210826,8.52179050,4.53126335,3.14609694,13.11291218,-4.33145952,-1.66919661,-1.51061702,15.08883858,-0.14606118,-18.63645363,-10.30333805,12.96626377,8.81207848,-9.13381863
2.00000000,-14.58250904,0.21690880,11.18060875,5.19223499,3.69518018,17.81211281,-5.13177204,-2.50548244,-2.30269361,18.87777328,0.59879100,-23.04205704,-13.62265968,16.40385628,11.85080910,-12.17587185
2.00000000,-15.60369205,-0.24168046,11.12647247,5.20757580,3.34385896,19.01607323,-5.30305004,-3.01736355,-2.14375424,20.27398682,1.51505828,-24.10620308,-15.38718605,17.47312737,12.99702358,-12.77169514
2.00000000,-15.42970467,-0.15212493,11.17544365,5.32117462,3.41058207,18.90008545,-5.08294964,-2.94191146,-2.25325775,20.07480621,1.26599610,-24.01176834,-14.96963978,17.45198441,12.68274784,-12.50315762
2.00000000,-15.80254841,-0.11568509,11.63294411,5.34098053,3.37997341,19.36133766,-4.76617908,-3.08763790,-2.47829390,20.79091263,1.34579444,-24.84891510,-15.65035534,17.81745911,12.91757011,-13.09023190
2.00000000,-15.36412621,-0.12688588,11.10271835,5.31354237,3.15491962,18.78582573,-5.22658253,-2.94688296,-2.13076639,20.28990173,1.49271822,-23.69583893,-15.25565624,17.23902512,12.73795509,-12.58989239
2.00000000,-15.45475960,-0.01512237,11.09974098,5.18970394,3.15633202,18.24674034,-5.04518414,-2.86182761,-2.20103145,19.82113266,1.16670609,-23.60864258,-14.98596001,16.88215065,12.34748936,-12.05492020
2.00000000,-14.90288544,-0.04441260,10.61151505,5.29618168,2.99289870,17.88984680,-5.08233166,-2.96212292,-2.00105953,19.61254883,1.09143972,-23.09101295,-14.20748234,16.67747498,12.12034035,-11.97138596
2.00000000,-15.68526936,0.02028657,11.43920898,5.28661633,3.64826608,19.10469246,-5.30086422,-3.17706394,-2.13614130,20.30094528,1.38926303,-24.22703743,-15.14014149,17.21148872,12.81430912,-12.80883503
2.00000000,-14.87609863,-0.00086220,10.74471855,5.14025116,3.47569275,17.53957367,-5.17145920,-2.68924260,-1.70936894,18.96054840,0.91153002,-23.20362473,-13.93324184,16.34147072,11.86680126,-11.71634769
2.00000000,-14.32005310,-0.00712906,10.78013229,5.41086578,3.16578770,17.45085144,-4.81027412,-2.52466345,-1.98501205,18.90720367,0.90378010,-22.93746185,-13.80722523,16.15009308,11.77448177,-11.65843868
2.00000000,-14.52576828,-0.20419876,10.76904106,5.13108253,3.52791548,17.71132469,-4.99749851,-2.52754521,-2.16211605,18.70431900,0.95529509,-23.30550003,-13.86827183,16.25686646,11.92011642,-11.86661339
2.00000000,-15.04445457,-0.01486675,10.59432602,5.36808586,3.28270507,17.26136398,-5.18240261,-2.90226364,-1.99230421,19.55610657,1.21841371,-22.88790321,-14.20692730,16.40626717,11.84492016,-11.47280121
2.00000000,-14.92216587,0.08886792,11.03643799,5.23613453,3.12978649,17.95045280,-5.05740070,-2.59645295,-2.26156998,19.45177841,0.82232428,-23.61031342,-14.39371777,17.16942978,12.30536747,-12.07821655
2.00000000,-15.99341106,0.19409622,11.40901756,5.43649578,3.44891953,18.85536194,-5.39468670,-2.74532270,-2.27425647,20.32690430,1.21559632,-24.56941605,-15.22030354,17.79798126,12.90733624,-12.91092205
2.00000000,-15.12187862,-0.20614164,10.88628387,5.04203796,3.10923409,18.47770882,-5.21496964,-3.04580617,-2.08435869,19.97508621,1.19875693,-23.65956879,-14.75996208,17.08291245,12.56828594,-12.10062981
2.00000000,-15.47789192,-0.13449545,11.19873619,5.14340115,3.32944489,18.22384262,-4.93027115,-2.95943117,-2.37284708,19.98275757,1.09105408,-23.66187286,-14.82309532,17.11617661,12.48194408,-12.38391972
2.00000000,-14.38271427,-0.04016395,10.54548836,5.31229591,3.52311969,17.26105499,-5.08053207,-2.56487632,-1.78413045,18.88970184,0.78266108,-22.71847916,-13.74314308,16.22260666,11.65268421,-11.56694698
2.00000000,-15.13772106,-0.03209119,11.09422874,5.22864723,3.22998285,18.20591354,-5.08023643,-2.90009904,-2.17508888,19.57215881,1.08408153,-23.54594994,-14.35151291,16.94626808,12.38838577,-12.30946159
2.00000000,-15.62612152,0.34429455,11.33085823,5.53893757,3.46357894,18.56550980,-5.11381149,-2.69366813,-2.35335588,20.07988739,1.07296801,-24.08613586,-14.83247471,17.28240585,12.64101696,-12.69458485
2.00000000,-14.71004486,0.12257589,10.60278702,5.13461590,3.25841856,17.18749619,-4.87283421,-2.50784421,-1.70949554,18.86062241,0.71901822,-22.69916725,-13.67844677,16.20182228,11.66077137,-11.71989441
2.00000000,-15.30843449,0.05319314,11.01194572,5.24108601,3.11779118,18.02817154,-4.87431622,-2.56820107,-2.24121165,19.62613297,0.90376711,-23.52146721,-14.57027340,16.80712318,12.17003250,-12.28378296
2.00000000,-14.45303249,-0.06353416,10.71023560,5.03497505,3.51814795,17.25777626,-4.82131195,-2.20725632,-2.29393458,18.62343597,0.54945612,-22.66644096,-13.26540852,16.28047943,11.60440159,-11.88653755
2.00000000,-15.54414940,-0.15273158,11.04117966,5.63479805,3.14813209,17.68711853,-5.08729839,-2.72677135,-2.10193610,19.72047043,1.16246581,-23.57570076,-14.56820393,16.92604828,12.15808678,-12.19534969
2.00000000,-14.16939831,0.04869653,10.47383881,5.14849949,3.38332939,16.61307144,-4.95714760,-2.38483310,-1.68545806,18.54307938,0.60489273,-22.30542183,-13.06216621,15.81895351,11.07770348,-11.19670105
2.00000000,-15.79286575,-0.07666872,11.33074379,5.05333614,3.22888803,18.80492592,-5.30238342,-2.91041732,-2.51931119,20.06906509,1.29192126,-23.96986389,-15.19009304,17.37959480,12.61251259,-12.55700588
2.00000000,-15.21822262,0.11001350,10.99145317,5.11117268,3.35804367,17.96505165,-4.95869827,-2.84186769,-2.37332654,19.28746796,0.82407415,-23.59192467,-14.22952080,16.72489357,12.02898979,-12.37580109
2.00000000,-15.72949219,-0.05369641,11.53511620,5.20967579,3.46907234,18.88485527,-5.21770859,-3.02405834,-2.27086806,20.16999817,1.33185101,-24.54737663,-15.18429756,17.44020844,12.73589039,-12.80681324
2.00000000,-15.20450783,0.02193473,10.96605873,5.09693909,3.63919067,18.49903107,-5.22719860,-2.69347978,-2.02606392,19.94926071,1.23190665,-23.54971504,-14.68507671,17.13651085,12.78513241,-12.37329674
2.00000000,-14.94416904,0.09385638,10.88148880,5.42444420,3.44795084,17.40325737,-5.25776577,-2.58571792,-1.69093037,18.91516113,0.80628777,-23.07333946,-13.97594929,16.41418076,11.76995277,-11.70932007
2.00000000,-15.76856995,0.03203233,11.38675117,5.19892979,3.66496873,18.92048454,-5.31122684,-2.66978264,-2.12046552,20.18868256,1.09160542,-24.29227448,-15.31432438,17.63116455,12.84941769,-12.78599167
2.00000000,-15.06544971,-0.03038330,10.99499321,5.53617191,3.22773242,17.59858322,-5.28390408,-2.69612217,-2.18838954,19.12832260,1.09171426,-23.31335258,-14.06329441,16.62825394,11.93495369,-11.70453644
2.00000000,-14.31932926,0.13807814,10.47578049,5.14690399,3.21050596,17.01488686,-4.81322289,-2.20995402,-1.98109686,18.47643280,0.61459529,-22.46544266,-13.08001804,15.90427113,11.27585411,-11.39869118
2.00000000,-15.38619518,-0.19849609,11.27016068,5.18992805,3.37946248,18.73698235,-5.42824459,-2.90627289,-2.31352830,20.06259918,1.17666924,-23.72610283,-14.83778191,17.14271164,12.59635162,-12.63703728
2.00000000,-15.70585155,0.04877345,11.38872719,5.42182922,3.38149905,19.09174919,-5.23336601,-3.15803027,-2.29438329,20.27335739,1.39121771,-23.91789246,-15.31741524,17.28275871,12.81491661,-12.80236912
2.00000000,-15.00080204,-0.14978920,10.78871727,4.79371452,3.30668545,17.67560387,-5.29825115,-2.73266101,-2.38176394,19.16151428,1.00006974,-23.14044189,-14.17587662,16.46639442,11.89773560,-11.97196960
2.00000000,-14.78330517,-0.14146404,10.88815498,5.20914078,3.15399265,18.05279350,-4.96622944,-2.76094365,-2.09442139,19.72470856,1.17873394,-23.24436569,-14.51362896,16.87538338,12.37054729,-12.05590725
2.00000000,-14.65065193,0.29444277,10.56079292,5.22472572,3.17867231,17.29684448,-5.26417637,-2.34226990,-1.89922404,18.99329758,0.77437079,-22.64818764,-13.41535664,16.44394875,11.76347733,-11.46334171
2.00000000,-15.38257694,0.05599912,11.25230789,5.51826382,3.56737852,18.59113884,-5.16582584,-2.77016497,-2.34161782,20.01625824,0.90975332,-23.86209106,-14.72681713,16.91804314,12.29783821,-12.45600700
2.00000000,-15.32180786,0.02778484,11.39253426,5.48166847,3.51036072,18.53660011,-5.01061153,-2.68238354,-2.19037986,20.16749954,1.06623626,-23.79715729,-14.94692039,17.19083023,12.46511459,-12.58988762
2.00000000,-14.67126179,-0.04776876,10.77423096,5.22851181,3.31174898,17.42904472,-5.18714333,-2.44650221,-1.93901277,19.12683105,0.71721196,-22.97082138,-13.89729214,16.55521393,11.75993824,-11.97755241
2.00000000,-15.45200634,-0.04413615,11.23747444,5.57560158,3.58694720,18.91695595,-5.11003876,-3.02322936,-2.07318687,20.02327347,1.41103375,-24.29316711,-15.16425800,17.41394806,12.87922001,-12.58726501
2.00000000,-14.86119270,-0.07559963,10.90322113,5.41611958,3.43337226,17.91855621,-5.04781914,-2.69242835,-2.08255959,19.50657272,1.24925995,-23.16136360,-14.30000973,16.59407425,12.21214008,-12.02032852
2.00000000,-15.88569355,0.02070685,11.65103149,5.19450951,3.90388918,19.25572777,-4.98709488,-3.05213642,-2.26752615,20.59087753,1.15744793,-24.52657509,-15.61789894,17.56946182,12.95464897,-12.80611229
2.00000000,-14.30000210,-0.14568977,10.53907204,5.26930618,3.20718241,17.31778336,-5.10621643,-2.64804935,-2.16797280,18.80015945,0.94124186,-22.56208992,-13.69180584,16.34110832,11.74811745,-11.61352253
2.00000000,-14.83767319,-0.02810253,10.99429703,5.01575756,3.27393031,17.84937859,-5.12682056,-2.62920904,-2.45272708,18.88408279,0.85591185,-22.88862228,-13.79303265,16.44091606,11.82141399,-12.01830292
2.00000000,-15.68208027,-0.05523263,11.37579346,5.27319241,3.80837440,18.50939751,-5.12978172,-2.83003092,-2.21643329,19.98403549,1.16145742,-24.31218719,-14.91257381,16.97554588,12.40067577,-12.68380547
2.00000000,-14.46809101,-0.06884472,10.75679398,5.10710716,3.44717312,17.40143394,-5.07282639,-2.18649101,-2.20665121,18.42623520,0.56840622,-22.87040138,-13.33292770,16.18995857,11.48891258,-11.99387360
2.00000000,-16.01780128,0.30619818,11.59840965,5.26964855,3.58628201,19.32687950,-5.35674381,-3.13958025,-2.10599017,20.42856216,1.28596783,-24.78090286,-15.65830994,17.71109581,13.14845181,-13.07507038
2.00000000,-15.73414135,-0.18810220,11.36387062,5.22280693,3.31874347,19.21359253,-5.35933876,-3.12143040,-2.25210786,20.56458664,1.37674975,-24.36669731,-15.56371880,17.71985245,13.11381626,-12.98198605
2.00000000,-14.63040257,0.13428311,10.82825089,5.02601719,3.31707191,17.50627327,-5.00010872,-2.52541757,-2.15059328,19.17303848,0.62150502,-22.84139252,-13.73927402,16.46354294,11.75171566,-11.91614246
2.00000000,-15.29085159,-0.16227143,10.84982491,5.16261959,3.31977844,18.08823204,-4.90040302,-3.07527757,-1.84334457,19.91452408,1.19985318,-23.17746353,-14.66143322,16.77553940,12.26671124,-12.05614662
2.00000000,-14.82941818,0.28855634,10.67480278,5.31070614,3.52243710,17.97824478,-5.23640347,-2.57761240,-2.08306551,19.49294662,0.93939352,-23.09346008,-14.24978447,16.58616066,12.30412197,-11.94555283
2.00000000,-15.71956539,0.21523573,11.36799622,5.28935814,3.52337027,18.73383331,-4.88422298,-2.96911263,-2.28171515,20.17331696,1.50732374,-24.36485291,-15.07404327,17.28309250,12.84173679,-12.63164330
2.00000000,-15.12374020,-0.06614454,11.09880066,5.34423923,3.43800712,18.16877365,-5.21536255,-2.75659180,-2.06652212,19.58061600,1.09443307,-23.73528481,-14.57500458,16.70971870,12.08157825,-12.24153709
2.00000000,-14.88160515,-0.07197906,10.85407448,5.21706581,3.66426349,17.76851845,-5.31316376,-2.75475287,-1.99426830,19.16491318,1.09642255,-23.31368446,-14.39627361,16.73068047,12.45680809,-12.20850945
2.00000000,-15.40214157,-0.07895277,11.22117996,4.89056110,3.67506051,18.22300339,-5.25551510,-2.73169255,-2.52540922,19.34094238,0.97784340,-23.88124466,-14.75293732,16.86087608,12.44665241,-12.12384415
2.00000000,-15.64241505,0.20252885,11.42590904,5.23287010,3.65626931,18.86398315,-5.39228058,-2.87681913,-1.90105653,20.11798477,1.17571580,-23.92743111,-15.22996902,17.12133408,12.91175365,-12.62706852
2.00000000,-15.85210896,-0.13428490,11.38064194,5.27129841,3.46997070,19.27392769,-5.25190639,-3.18912315,-2.36791062,20.27949142,1.60308826,-24.82345963,-15.64187241,17.61735153,13.17839050,-13.03952408
2.00000000,-15.09098434,-0.08260645,10.99652672,5.04778576,3.18392897,17.81816292,-5.09961033,-2.72989464,-2.10661459,19.33692551,0.92500675,-23.31442642,-14.04086399,16.54549217,12.06979561,-12.19401169
2.00000000,-15.81083488,-0.07145061,11.29522514,5.40700817,3.22190285,18.68919182,-5.59345627,-3.22475147,-2.22905064,20.39368057,1.64088249,-23.82539177,-15.41587543,17.18875504,12.95420361,-12.51734734
2.00000000,-14.87282944,0.25718552,10.98294640,5.21735096,3.42330289,17.28264427,-5.29099464,-2.43327641,-1.98108447,19.05509949,0.69971132,-22.79395866,-13.81047535,16.64496040,11.60731792,-11.50045586
2.00000000,-14.35946465,-0.31051713,10.65853500,5.03705788,3.17707944,17.48221397,-5.12563515,-2.49094343,-2.21079588,18.82230759,0.77133203,-22.59318352,-13.56136227,16.10109901,11.58977318,-11.59103012
2.00000000,-15.04512882,0.03112046,11.07605743,5.12265873,3.28147483,17.91770363,-4.89251518,-2.54449821,-2.24212551,19.76857376,0.71408093,-23.19053078,-14.32075214,16.64027023,11.89142990,-12.15729618
2.00000000,-14.60228157,0.02306108,10.81090927,5.14781666,3.44327688,17.41823578,-4.95063972,-2.62203479,-2.28867316,18.96472168,0.61372864,-23.09843445,-13.66547680,16.33236694,11.83867931,-11.95702744
2.00000000,-14.88225079,-0.27800006,11.00299644,5.28799057,3.31066275,17.80826378,-5.10684872,-2.63025022,-2.19350481,19.48595047,1.15104842,-23.15383339,-14.23641682,16.51149750,11.91929436,-11.93878651
2.00000000,-14.66022491,-0.02950929,10.73960114,5.18561363,3.77735734,17.64495468,-5.17075348,-2.58923888,-1.96184015,19.14079285,0.70382571,-23.21615791,-13.92297459,16.45045662,11.88971233,-11.92661381
2.00000000,-15.10837460,0.02242135,11.08559418,5.23273849,3.58847260,18.43063736,-5.16402817,-2.70422983,-2.17950559,19.75678635,1.00704432,-23.71818542,-14.47313213,17.19623375,12.75945377,-12.52431583
2.00000000,-14.74838543,0.07740535,10.76350594,5.39264011,3.24809575,17.47869110,-4.93069363,-2.46867442,-2.03243518,19.40445709,0.73908269,-23.31605148,-14.05891228,16.71225929,11.91386318,-11.95500946
2.00000000,-14.92135239,0.17200170,11.08162880,5.00415707,3.37747049,18.16280937,-5.22621727,-2.70737815,-2.38688111,19.47510529,0.70357263,-23.38025093,-14.19900131,16.83719635,12.38957596,-12.11173344
2.00000000,-15.66930485,-0.20876609,11.53577232,5.21835613,3.61772323,19.02021599,-5.11223602,-2.77303076,-2.25539207,20.35391235,1.39309931,-24.16723633,-15.17982292,17.27961159,12.75163174,-12.68335819
2.00000000,-15.25374222,-0.19143660,11.17503357,5.40590763,3.34940982,18.55077171,-5.31784058,-2.88141894,-2.18829846,20.07953262,1.09918797,-23.70084572,-15.05315113,17.17903328,12.75868702,-12.37917137
2.00000000,-14.73858643,0.22346945,10.92641830,5.03165436,3.44406509,17.76604462,-5.19588280,-2.62366319,-2.11117005,19.01124191,0.85346091,-23.27507782,-14.15914536,16.63476372,12.27008343,-12.05017757
2.00000000,-16.00421715,-0.05268617,11.44936371,5.45833683,3.50504851,19.23180008,-5.37290096,-3.01606083,-2.19468403,20.56270599,1.44928551,-24.32500458,-15.20620060,17.51225090,13.27027225,-12.86085129
2.00000000,-15.44491005,-0.06739955,11.12951851,5.07334137,3.30049491,18.74559402,-4.85407829,-2.85036612,-2.25884652,20.10036087,0.95484293,-24.03044510,-14.86429596,17.37159920,12.70112419,-12.59952831
2.00000000,-15.34490871,-0.28392142,11.27372551,5.34181976,3.69268203,18.50193596,-5.08897877,-2.82232523,-2.07001185,19.62564087,1.31279278,-23.82183456,-14.83880329,17.01726913,12.54695415,-12.34548092
2.00000000,-15.28479099,0.18350016,11.16709328,5.42765808,3.53448749,18.37004852,-4.87245750,-2.79278803,-2.36247444,19.78741837,0.95490408,-24.02548790,-14.83996487,16.84159660,12.46812153,-12.36373520
2.00000000,-15.30984020,0.11973579,11.06830978,5.37459660,3.77995539,18.33232689,-5.42340755,-2.73080707,-2.10320902,19.59899139,0.88154697,-23.71325111,-14.46950340,16.90201378,12.34257030,-12.24944973
2.00000000,-15.29351044,-0.08757864,11.16241646,5.39009380,3.21769214,18.07030296,-5.16156673,-2.78655100,-2.12845588,19.75096512,1.02164602,-23.19840240,-14.45369816,16.54244614,12.11904049,-11.95502090
2.00000000,-15.12993813,0.00072847,10.91485977,4.86401463,3.65833998,17.61854744,-4.98163891,-2.46538138,-2.34968042,18.93807983,0.61379385,-22.97314453,-13.90711784,16.57070541,11.99086475,-12.04287338
2.00000000,-14.81450558,0.13099484,10.67963600,5.31161690,3.27326798,17.32299423,-5.13293171,-2.59660935,-2.15382242,18.95985413,0.57757831,-23.00948334,-13.76325130,16.55531693,11.67217922,-11.88875866
2.00000000,-15.21796894,-0.01932244,10.98460007,5.32107925,3.20926809,18.05360603,-4.74650478,-2.71462011,-2.21937156,19.64253998,1.11320293,-23.43795586,-14.47047043,16.77788544,12.05096626,-12.12106323
2.00000000,-14.89583302,0.02967338,10.99153519,5.24324608,3.22251296,17.74056244,-5.08123684,-2.74217057,-2.17674279,19.09474945,0.92163265,-22.95514488,-13.87025070,16.44962120,11.86492538,-12.01572418
2.00000000,-15.40074635,0.01312144,11.08339119,5.25414371,3.36189938,18.14152718,-5.20087624,-2.77513075,-2.10277987,19.83731842,0.93135178,-23.82135963,-14.66914463,16.79360199,12.09186745,-12.20253181
2.00000000,-14.92227173,0.07213984,10.69582176,5.18577290,3.55126143,17.69998550,-5.12963963,-2.42657566,-2.11919689,19.01100540,0.93843973,-23.12724876,-13.75197506,16.64020920,11.69384861,-11.99101162
2.00000000,-15.54379654,-0.19140957,11.44471550,5.10538864,3.41345239,18.93063736,-5.17767334,-2.76471066,-2.28552794,20.19954300,1.26025844,-24.15800285,-15.03052139,17.45331955,12.78344345,-12.95940304
2.00000000,-15.77262115,-0.06703414,11.39519501,5.24061298,3.41269279,18.91978455,-5.26896954,-2.95479965,-2.12484384,20.28659439,1.15395784,-24.30833244,-15.35447216,17.17039680,12.72316647,-12.62899208
2.00000000,-14.76582527,0.04695587,10.93143845,5.48988724,3.35144567,17.61522293,-5.16295242,-2.55371428,-2.08870482,19.49448013,0.90482163,-23.33305359,-13.98830223,16.72455215,11.66745853,-11.95335579
2.00000000,-15.39062881,0.08442993,11.32701683,5.24347591,3.47175002,19.06699562,-4.95548344,-2.84149122,-2.20289683,20.28857422,0.95237803,-24.11392212,-14.98259354,17.22400665,12.74574566,-12.50424385
2.00000000,-15.14196873,0.14937364,11.01828766,5.15819454,3.51146626,18.16455460,-5.07766247,-2.66735029,-2.25208974,19.64977264,0.93405163,-23.75627136,-14.30979729,16.85732841,12.16149616,-12.62483406
2.00000000,-15.44642544,0.07675062,11.03315544,5.37392235,3.47092962,17.90195847,-5.10451698,-3.23000407,-2.02959704,19.62509918,1.21633518,-23.37006378,-14.58347321,16.78383255,12.20037937,-11.99697685
2.00000000,-14.96825409,-0.03938927,10.77951622,5.07177353,3.30820656,17.84069443,-5.01218128,-2.68684769,-1.90128875,19.42727661,1.19234252,-23.16855812,-14.35933781,16.48945045,12.12417889,-12.05482483
2.00000000,-14.88111210,0.25473636,10.97831535,5.10151958,3.24696803,17.78991890,-5.35726929,-2.54379582,-2.10927129,19.12444305,0.63884091,-23.13688469,-13.84710026,16.60233879,11.92452431,-11.91392517
2.00000000,-15.75316429,0.13932393,11.55338478,5.37736225,3.60806203,19.25803566,-4.95598316,-2.97638583,-2.44753814,20.45374298,1.28386354,-24.70348549,-15.48677826,17.63598824,12.99354649,-13.05016422
2.00000000,-15.31750774,-0.07106803,11.20486069,5.27154541,3.54867649,18.18297005,-4.94856167,-2.52224016,-2.31643844,19.54523468,1.06229186,-23.78855133,-14.46897697,16.88177872,12.20159912,-12.63169479
2.00000000,-15.01681900,0.05025257,11.03533363,5.01605988,3.31762695,18.48833084,-5.03726959,-2.96282053,-2.04880428,20.01054382,0.89023054,-23.64443016,-14.84819698,17.22481537,12.77385616,-12.44428635
2.00000000,-15.62058544,-0.04674093,11.41572189,5.67077827,3.65019393,18.81202888,-5.38362980,-2.53107238,-2.02875185,20.10664749,1.18201518,-24.03515053,-14.89095592,17.11429596,12.89798260,-12.66767693
2.00000000,-14.49537563,0.38871425,10.53811836,5.12285614,3.53933811,17.00644493,-4.82367897,-2.36358142,-1.60207260,18.83284760,0.65208721,-22.51246262,-13.30035877,15.94908905,11.54025078,-11.67874432
2.00000000,-15.00968742,0.14807068,11.10660553,5.35670185,3.22225046,18.05202675,-4.72545528,-2.58376598,-2.52647591,19.65777206,0.72527790,-23.49137688,-14.19431782,16.83259583,11.90239906,-12.31803799
2.00000000,-15.46902275,-0.00232063,11.16543579,5.12790966,3.50384593,18.55962181,-5.44592571,-2.90636134,-2.26190925,20.10578537,1.26930559,-23.84193039,-15.10411549,17.33201408,12.80985260,-12.24287319
2.00000000,-14.55476093,0.23509921,10.77461052,5.14111710,3.54450154,17.34327698,-5.22701454,-2.36358047,-2.27093744,19.01858902,0.35767558,-22.87153816,-13.53106880,16.57513428,11.87676239,-11.96313190
2.00000000,-14.98307133,-0.14055882,11.14952278,5.39960480,3.25328493,17.95793533,-4.86107635,-2.79784203,-2.35907245,19.45578766,1.14149010,-23.37628174,-14.30624580,16.56400299,12.33518791,-11.99137211
2.00000000,-15.56171227,-0.16217332,11.10018730,5.38015461,3.31238556,18.29196739,-5.24904728,-2.95656443,-2.22614765,19.81904221,1.27031255,-23.18448448,-14.79649544,17.00778770,12.18013382,-12.21789837
2.00000000,-15.64865494,-0.04238312,11.25207138,5.39905357,3.27719855,18.75214195,-5.07418728,-3.05740428,-1.93649161,20.21538925,1.35265577,-23.98975945,-15.34151268,17.30765152,12.64718056,-12.36371994
2.00000000,-15.47541523,-0.17376728,11.44994164,5.32577515,3.27113199,18.80131721,-5.07474804,-3.07674360,-2.26490426,20.10046768,1.44562948,-23.89689636,-14.83492947,16.96261978,12.87750149,-12.47866249
2.00000000,-15.23726845,-0.05305566,11.00650787,5.29439735,3.41046000,18.35091591,-4.91851997,-2.75108695,-2.13183522,19.70410156,0.93666542,-23.73626137,-14.61824036,17.09689522,12.34716129,-12.38371849
2.00000000,-14.87268257,-0.10656922,11.13021088,5.12331676,3.66800213,17.95930481,-5.26066017,-2.61889434,-2.16173339,19.34225464,0.90857816,-23.74262047,-14.35723686,16.66526794,12.35627747,-12.14225578
2.00000000,-14.82423401,0.14682554,10.89131546,5.40094757,3.66134667,17.99742889,-4.96085358,-2.68969202,-2.22916532,19.35692978,0.95459390,-23.55247498,-14.23878956,16.27696419,12.09502220,-12.30864143
2.00000000,-15.30983829,0.24762453,11.20453644,5.35655975,3.73908520,18.03812027,-5.06305313,-2.70519018,-2.06095648,19.45833206,0.90392923,-23.72667885,-14.42680836,16.78988838,11.96220970,-12.15412712
2.00000000,-15.49398613,-0.12168311,11.27261353,5.06232262,3.48929524,18.70385742,-5.15333652,-2.94932222,-2.36355495,20.12287903,1.44107819,-24.26424599,-15.01057148,17.14422226,12.82545757,-12.52719498
2.00000000,-14.54548073,-0.06518789,11.00109100,5.13600063,3.35990071,17.80776215,-5.11003685,-2.40682840,-2.47706580,19.02555466,0.68885994,-22.88886642,-13.81645298,16.59268570,11.86329269,-12.08087826
2.00000000,-15.73070812,-0.14861040,11.42005539,5.14806747,3.39480400,19.40591812,-5.23425770,-3.25167656,-2.35926485,20.46890640,1.44822037,-24.26116943,-15.25893402,17.62299347,13.18575478,-13.02539635
2.00000000,-15.53093815,-0.12184729,11.13912201,5.08067703,3.59384346,18.69076347,-5.30343342,-2.80457258,-2.08246326,19.80481720,1.11866975,-24.07149124,-14.81450748,17.38796616,12.61348724,-12.72458172
2.00000000,-14.90610695,-0.12304558,10.90390205,5.21625042,3.05255294,17.94632721,-4.86521053,-2.88791752,-1.96288884,19.36608887,1.24296093,-23.29366302,-14.40623569,16.58537483,11.92797756,-12.19774914
2.00000000,-14.91938496,-0.03423275,10.87718391,5.08929157,3.28790236,17.66448402,-4.69190407,-2.48637223,-2.08961344,19.14835739,0.71841276,-23.33641624,-14.28343010,16.49283028,11.98719215,-12.03349972
2.00000000,-14.33182049,-0.07668601,10.44044304,5.16744709,3.32534623,17.08235168,-4.95581913,-2.41413975,-2.02816772,18.59279251,0.79948592,-22.27455330,-13.42041588,16.09224892,11.47031879,-11.42899704
2.00000000,-15.71435261,-0.15835400,11.11990356,5.31089687,3.08967900,18.74761009,-5.26750088,-2.81779647,-1.97329581,20.27640533,1.32553482,-23.87067604,-14.81414986,17.10141945,12.50431633,-12.41197300
2.00000000,-14.79182053,0.08134036,10.56735611,4.97468758,3.07396173,17.36985397,-5.07504272,-2.85271740,-1.87968719,19.27714920,1.05059838,-22.36551094,-14.13721561,16.30718803,11.90027428,-11.59911537
2.00000000,-15.01898384,-0.11891030,10.84398651,5.17504883,3.15825772,17.55717468,-5.13364124,-2.48356295,-2.27282524,19.49308777,0.76451528,-23.11456871,-14.03423595,16.55718231,11.92802143,-11.85449886
3.00000000,-21.83187294,1.66472530,14.94464302,7.07729435,4.44496107,25.06324768,-5.99379349,-4.41520309,-2.86726999,26.13718033,2.86773396,-31.50026894,-20.70759201,21.64408112,16.91854095,-16.91731453
3.00000000,-22.25297356,1.56927633,16.04898262,6.28288841,3.59066224,26.31927872,-4.65717793,-5.63304043,-3.61879373,27.11528397,3.21146560,-31.69103050,-20.82289696,23.14804077,17.22259140,-17.47367859
3.00000000,-20.63222694,1.04056859,14.53690147,6.54876995,3.43231654,23.72270966,-5.76639557,-4.27385283,-2.71754360,25.79088211,2.56629562,-29.46998405,-19.61722374,21.90169716,15.88280296,-16.35676575
3.00000000,-20.85771942,0.88633054,14.66528511,5.94570827,3.85619140,24.23552704,-5.72828388,-4.57067728,-2.45201826,25.67681503,2.36922908,-29.93467331,-19.47908783,21.79558563,16.11287880,-16.63893890
3.00000000,-19.10784531,0.54657108,13.91730690,5.31510830,3.46123314,23.08923340,-5.49981880,-3.80591226,-3.14851546,23.85412979,2.29624271,-28.42662048,-18.20270729,20.86610794,15.35824108,-15.99145508
3.00000000,-21.63781357,0.06544186,15.55003357,6.65411663,4.41189098,25.85862160,-6.09793663,-4.36390591,-3.09830046,27.20447159,2.79073739,-30.11973000,-20.73967934,22.60478973,16.83978271,-18.34627151
3.00000000,-20.80002594,0.92117292,15.57825089,6.69015503,3.92497277,25.40486717,-6.14607906,-4.06579781,-2.04837656,26.60314178,2.66761637,-29.43035316,-19.52361870,22.91126442,16.69629288,-16.81271935
3.00000000,-20.85113335,0.36682665,14.67844582,6.09740639,3.53235483,23.62125587,-5.12728977,-4.90215445,-3.48719096,24.67618179,3.03475308,-29.06291199,-19.19596100,21.38455391,15.33229733,-15.95122433
3.00000000,-22.16315460,1.34904766,16.03296661,6.36003399,3.75425148,26.93388748,-5.54740810,-4.80264139,-2.13107991,27.82481003,2.41042495,-31.13243866,-20.78617477,23.23130417,17.76821899,-17.76074409
3.00000000,-20.38994980,0.31457043,14.37607765,5.66348267,2.85372734,23.28378105,-5.47210121,-4.58959246,-3.45240974,25.01881790,2.70169735,-28.67515755,-18.80680466,21.57976532,15.87062550,-16.00764847
3.00000000,-20.21282959,1.03036213,14.11198616,5.66509819,3.30603504,23.62970161,-4.99330807,-4.37957335,-2.80606771,24.32611084,1.71973622,-28.36688995,-18.28807831,20.99695587,15.68574429,-15.89466572
3.00000000,-20.85100365,0.16245516,15.24096107,6.67748737,3.65386820,24.95600700,-6.03935528,-3.91438413,-3.51195097,26.50180435,2.79366946,-29.19465065,-19.38226891,22.33843040,16.37439537,-17.35650826
3.00000000,-21.18973160,1.12523806,14.93415070,6.84365368,3.78507805,24.24454117,-6.41496372,-4.13093519,-3.17989206,25.36963272,2.45521355,-29.38892174,-20.03204918,22.22921562,16.44126511,-16.28404427
3.00000000,-18.89187431,0.37263334,13.24280357,5.57258129,2.85769153,21.79302979,-5.14039230,-4.06344700,-3.06229353,23.07227325,2.18672657,-26.65892220,-17.04526901,20.04123116,14.46590519,-14.94828701
3.00000000,-20.59564972,0.90327781,14.65796471,5.40801811,3.71458721,24.26677132,-5.56304169,-4.18123055,-3.34706783,25.43664932,2.61323667,-29.47238541,-19.46459198,22.17273140,16.18246269,-16.89397812
3.00000000,-20.51228142,1.16578233,14.11369896,5.73373795,3.54659033,23.60559845,-5.05801010,-4.43394995,-2.88788366,24.42869949,1.90032482,-28.45517921,-18.36113930,21.22282410,15.89017296,-15.73439217
3.00000000,-24.21187019,1.27194393,16.94320488,6.70774078,4.10485840,28.50720787,-7.14013863,-5.55943251,-2.90640044,29.74955750,3.46420932,-34.13197327,-22.87601852,25.45965004,18.67245865,-18.54522514
3.00000000,-21.02143288,0.63866979,14.50228691,5.76820087,3.97009873,24.18303108,-5.48876381,-4.07163286,-2.49547243,25.38964462,2.47510719,-29.36367416,-18.84456062,21.19099236,16.26543617,-16.43017197
3.00000000,-20.58194733,0.78108007,14.45263672,5.91690922,3.44503903,23.91187286,-5.14448261,-4.61641216,-3.01544142,25.23528671,3.14563179,-29.67368507,-18.98222351,21.67618370,15.95645237,-16.33192825
3.00000000,-19.35749245,0.66433865,13.80494118,5.96233368,3.08069587,22.96995354,-4.76032639,-3.92243385,-2.86349583,23.93926620,2.14664054,-27.32805061,-17.84465408,20.48779869,15.37258339,-15.68668652
3.00000000,-21.57096291,1.32138133,15.32362175,6.89048386,3.76050329,25.15362167,-6.58808136,-4.65105343,-3.21280050,26.11832428,2.69427323,-30.28441429,-20.99622917,22.82795525,16.79567528,-16.83836746
3.00000000,-21.62874413,0.99803430,15.00360680,6.52812386,3.72951388,25.08405113,-5.50375843,-4.79960871,-2.27530146,26.81072617,2.97772145,-30.74225235,-20.02478027,22.19315910,16.83299637,-17.22170258
3.00000000,-20.81068802,0.47762877,14.70598602,6.10223579,3.19300437,23.83143425,-5.00075436,-4.78867865,-3.71564341,24.92371750,2.92147303,-28.94672012,-19.29481697,21.93791771,15.56620312,-16.20989418
3.00000000,-22.55547523,0.99415427,15.68696976,6.42023087,3.96450353,25.84033966,-6.43929482,-4.82100153,-3.29119253,26.45178986,2.73864484,-30.71428299,-20.23094559,23.43643570,16.64662743,-17.10587692
3.00000000,-21.66576767,1.21859002,14.95131493,6.60385609,4.56363058,24.86736870,-6.52838421,-4.08170652,-2.57727456,26.08198547,2.95861697,-31.01939964,-20.36193466,21.91506004,16.89172363,-16.90263176
3.00000000,-21.21304131,0.59019661,14.84018707,5.81419945,3.46161342,24.49026680,-5.58341599,-4.72556686,-3.45690227,25.22581482,3.16195583,-29.49480820,-19.82171059,21.74333382,16.02349281,-16.18650818
3.00000000,-20.05864143,0.31797290,13.99517250,6.04976940,3.80821729,22.51024628,-4.93343163,-4.74322939,-3.26865149,23.75687027,2.35793376,-27.82560349,-18.32704544,20.11795998,15.14693546,-15.93622780
3.00000000,-23.48709869,1.64226913,16.65007210,6.38620567,4.55756235,27.97019005,-5.72912788,-4.85238981,-2.83597875,29.10966492,3.45368409,-33.16155624,-22.19953537,23.80217743,18.71382332,-18.46599579
3.00000000,-20.25299072,0.20300896,14.14294815,5.15789700,3.12027931,23.51595688,-5.41970348,-3.87555146,-3.01622295,24.83335495,2.28832579,-28.73565292,-19.07696152,21.61133575,15.77660751,-16.01203156
3.00000000,-23.81321526,1.59166491,17.20986366,6.62804794,4.36325836,28.41707802,-6.69664669,-5.44758081,-2.95274830,29.26280212,3.24579263,-34.31601715,-22.81043625,24.90535927,18.61480713,-18.29755592
3.00000000,-23.39233780,1.69537115,16.92376709,6.08375835,4.47255373,28.42715645,-6.17402554,-4.99393320,-2.38512802,29.25940704,3.18726349,-32.66153717,-22.22170830,24.46171379,18.90660286,-18.25955200
3.00000000,-21.02521133,1.00390840,14.63310814,6.40196514,3.45885372,24.28539848,-5.98078346,-4.60149622,-3.01399875,24.74419022,2.77215719,-29.16579437,-19.08683395,21.89385605,15.89814663,-16.14928818
3.00000000,-20.94620323,0.82722241,14.84484482,6.40938091,3.58220816,24.51996231,-5.99872303,-4.02654266,-2.41434622,26.69050217,2.61960244,-30.03771019,-20.00047684,22.63451767,16.44482040,-17.13446426
3.00000000,-21.21105003,1.37309384,14.97955132,6.06892014,3.44870615,25.36345291,-6.06116676,-4.19814587,-2.05262470,26.65806198,2.04026103,-29.85577774,-19.82928848,22.75733185,16.82118988,-16.58005524
3.00000000,-21.36128044,1.31381404,15.19160843,6.46675873,3.72562933,25.20223808,-6.10300636,-4.19874477,-1.70503151,26.55671310,2.05858350,-30.32158661,-20.04106522,22.69838142,16.83068848,-16.68939972
3.00000000,-21.06683350,1.60333562,14.77719498,5.90306187,3.54198694,24.78260422,-5.46762085,-4.40894032,-3.60315275,25.49489975,2.38904858,-29.62135696,-19.78058815,22.72405815,16.58426476,-17.11818123
3.00000000,-22.69223595,0.12077065,16.83929443,6.98049641,4.17757416,27.85871696,-6.69263268,-5.06079054,-3.43284225,29.43090820,3.46845937,-31.98327637,-22.20363808,24.36894417,18.36905098,-19.36232948
3.00000000,-22.59148788,1.19498861,16.01280785,6.43273544,4.59204817,26.71936989,-6.37449265,-4.31458950,-2.35150242,27.42125320,3.04773903,-31.78578949,-21.35305405,22.70456314,17.93470192,-17.72222710
3.00000000,-19.89792442,0.62592322,13.56245422,5.98462582,3.32661891,22.49229240,-4.92633820,-4.25725508,-3.24216866,23.79634857,2.34177709,-28.65480423,-18.09212303,20.24232864,14.76647949,-15.68475533
3.00000000,-20.69306183,0.77745807,14.09139252,6.29969692,3.31561804,23.38926125,-4.95020485,-4.70964193,-3.01210523,25.09860229,2.71993279,-29.70162773,-19.00136948,20.92831612,15.41671467,-16.21343613
3.00000000,-20.48477745,1.11809003,14.88352203,6.46261215,2.89540434,24.60367012,-4.55271912,-4.58074808,-2.71946716,25.72799683,2.30842090,-29.77934265,-19.32894135,22.17500114,16.36600113,-16.52346420
3.00000000,-21.30740929,1.43791294,15.06208611,6.04438496,3.63244939,25.10079575,-5.05269241,-5.07816792,-3.02402234,26.43550491,3.34828305,-30.86916733,-20.19961548,22.31588745,16.79155159,-17.09661484
3.00000000,-22.27147102,1.63897681,16.40271568,6.84361076,3.49182034,27.05555153,-4.96344662,-5.10967207,-2.45861888,27.85912323,2.51970124,-31.89777374,-21.24671745,23.70987129,18.15167046,-17.52260590
3.00000000,-21.81800652,0.52327609,15.51988029,6.20556927,3.18217063,25.17690659,-5.16409683,-5.50657606,-3.52729535,25.97822952,3.35777593,-30.39340782,-20.80882835,23.00933647,16.62700272,-16.98262405
3.00000000,-17.79093170,0.26665074,12.63788033,5.34488392,2.85082793,20.42690659,-4.85956478,-3.60262847,-2.59299421,21.97872162,1.49920714,-25.47417259,-16.00505257,19.18138504,13.86945629,-14.24182606
3.00000000,-20.97348785,1.09697628,15.58049202,5.71243477,3.49904418,25.61426544,-5.46524239,-4.46410704,-1.99964547,26.14040375,2.04474974,-29.66937828,-19.34600258,22.71643257,16.87249756,-16.62467957
3.00000000,-18.67279434,0.70914513,12.84293175,5.61240482,3.32828736,21.85999298,-4.83840847,-3.68512630,-2.66546464,23.20362854,1.68783426,-26.23947716,-16.76349258,19.74039650,14.81108856,-14.42222595
3.00000000,-20.48244667,0.56915212,13.65422630,5.81387234,3.29952717,23.00274277,-5.66941643,-4.18032885,-2.34691286,24.79521942,2.04995537,-28.63378143,-19.05224037,21.31982040,15.36994267,-16.10391617
3.00000000,-20.01799583,0.23324747,14.03624916,5.91888905,3.09811115,22.90526962,-5.38694572,-4.27705240,-3.10177135,24.45867157,3.06937408,-28.17872238,-18.24942780,21.19266129,15.49361610,-15.76398277
3.00000000,-19.94330788,0.24519707,13.79970551,5.51225948,3.28280258,22.81789589,-5.32420158,-4.06891298,-3.21676874,24.20074081,2.32658410,-28.05969238,-18.53119659,21.24584389,15.03398418,-15.92074299
3.00000000,-23.95280075,0.65318507,17.38608551,6.60812664,4.49693966,28.44988060,-7.01031017,-5.04143286,-3.49417210,29.60261536,3.77564764,-32.67931747,-22.27986908,24.70298767,18.60728455,-19.32554054
3.00000000,-23.85792351,1.71955168,16.99192238,6.82437229,4.96095705,28.20780373,-7.13760185,-5.56759357,-3.21887398,28.76534271,3.85372591,-33.71891785,-22.63637733,25.03246117,18.54216194,-18.46261024
3.00000000,-21.71394539,1.72951770,15.59749413,6.17905998,3.59873199,25.47903061,-5.56592464,-5.09025192,-2.96953535,25.88338089,2.41490126,-30.71486855,-20.26653671,22.18825340,16.89846420,-16.96227455
3.00000000,-20.81033897,0.62038463,14.31157494,6.00230312,2.85772538,24.00096130,-5.94019604,-4.22891188,-2.89372373,26.15077591,2.79626179,-29.83883667,-19.80186462,22.24752998,16.36031723,-16.55440331
3.00000000,-21.38328552,0.09706022,15.51032066,6.74460411,4.33142996,25.56949806,-6.13271332,-4.38346672,-2.99433970,27.00321960,2.73369408,-29.74732208,-20.29148865,22.37963867,16.61176682,-17.92209625
3.00000000,-20.40335083,1.28836060,14.44325256,5.67024326,3.23457956,24.03172493,-5.20572090,-4.06487322,-3.04988742,24.87645721,2.24604130,-28.86894417,-19.22436905,22.07477760,16.12496948,-16.63086510
3.00000000,-21.51549530,1.63645089,14.93268585,6.74778271,3.84569311,24.47195625,-6.65579605,-4.26100111,-3.01547909,26.49899673,2.96920586,-30.49666023,-20.08738136,22.71883965,16.48297501,-16.65917587
3.00000000,-19.44714928,0.57230723,13.71403313,5.82067585,3.25230265,22.48940659,-4.31167984,-4.32796574,-3.07004118,23.70099640,2.44486833,-28.46329117,-17.64738274,20.20861816,14.96893883,-15.46819210
3.00000000,-21.43957901,0.70470196,14.71055794,5.77032948,3.73071289,24.18945122,-5.03145409,-5.14112616,-3.47338390,25.21418381,3.35736585,-29.21190834,-19.26018524,21.23728752,15.91475391,-16.48838806
3.00000000,-19.32000542,0.80330169,13.48061752,5.34889317,3.28801417,22.36286736,-5.13200855,-4.12490416,-2.40478158,23.34273148,1.67767000,-27.15038872,-17.47622681,20.16110420,14.85589314,-15.09276104
3.00000000,-23.16503716,1.62658811,16.39059639,6.75631237,4.53886271,27.01267242,-6.99918747,-5.18424463,-2.77328396,28.16203690,3.36716795,-32.89013672,-22.01316071,24.13474846,17.82547188,-17.94220352
3.00000000,-20.39121056,1.14790821,14.16442871,6.20066071,3.45169210,23.66837692,-5.64504528,-4.47820711,-2.44564819,24.79356384,1.87619781,-28.34617615,-18.84697151,21.24691200,15.83449650,-15.92571735
3.00000000,-21.64901543,1.31172776,14.89257622,6.46577644,3.82290268,23.96612358,-6.77730370,-4.36445951,-3.18047881,25.41101074,2.56002522,-29.09095764,-20.08586502,22.01066208,16.26816177,-16.44137001
3.00000000,-20.92027855,1.22827578,14.19166183,6.30836296,3.70422220,24.24634933,-5.74198818,-4.39201593,-2.23942018,25.28541565,2.27624059,-29.43434143,-19.14056778,21.27893257,16.28555298,-16.46597481
3.00000000,-22.15003586,1.84859896,15.62295532,6.01685715,3.59744143,25.79699707,-5.35234928,-4.99914837,-2.83304429,26.61139297,2.56374097,-30.79157639,-20.63385582,22.53725624,17.14294815,-17.42329407
3.00000000,-22.04516792,1.30582666,15.84541893,6.37474728,3.61738396,26.19114304,-6.43210125,-4.70440578,-2.94100928,27.69422150,2.61013246,-31.71374893,-21.07425117,23.46042061,17.57851791,-17.33070183
3.00000000,-19.84453583,0.41009331,14.76042747,6.67825890,3.22253656,24.06240463,-5.99379349,-3.56218958,-3.30023050,25.98611069,2.25332451,-28.18024063,-18.78815079,22.02253342,15.62859058,-16.67821503
3.00000000,-22.58505440,1.17930388,15.49666977,6.52096558,3.88726115,25.72324371,-6.95291901,-5.12472534,-3.36379337,26.11356354,3.11342096,-30.69819641,-20.93707657,22.94245720,16.97464561,-17.44366264
3.00000000,-20.94761658,0.95443362,14.76407814,6.35418892,3.52896833,24.23416710,-6.09560013,-4.60588360,-3.05322385,24.98604965,2.74463987,-29.32619858,-19.24040604,21.97035217,15.97047997,-16.18438911
3.00000000,-19.59697914,0.08447035,13.65591621,5.97284508,3.65866017,22.03737640,-4.84202003,-4.31066179,-3.00226474,23.11196136,2.16563845,-27.58349609,-17.87959480,19.32726479,14.61952877,-15.53413486
3.00000000,-22.83539200,1.18395257,16.75452232,6.35089493,4.60973263,27.23837280,-5.78744411,-4.80720139,-2.32676053,28.10638428,2.76728511,-32.97900009,-21.52055359,23.38026810,18.13864517,-17.83798409
3.00000000,-22.75198364,1.09802544,16.22714424,6.34276009,4.72145748,26.52495003,-5.83323956,-4.64257097,-2.28737259,27.56380081,3.03919435,-32.71464539,-21.39736557,23.01750946,17.88882637,-17.70173836
3.00000000,-21.43221664,0.63727516,14.13486099,6.04343700,3.84284711,23.87758064,-5.71669006,-4.63246632,-2.95646858,25.64593887,2.38504982,-29.94037056,-19.71818352,22.02830887,15.74958801,-16.32564545
3.00000000,-21.47914124,1.32211971,15.63431358,6.29434967,3.73843312,25.99107933,-6.14469051,-4.78113413,-3.25401306,26.72511673,2.43596983,-31.16803551,-20.39370918,22.91491127,17.29711533,-16.95267105
3.00000000,-20.92380142,1.32533062,14.98969841,6.79808807,3.77881980,24.70112801,-6.10337925,-4.22556353,-3.00311637,25.83347702,2.28102160,-30.45822716,-20.87875366,21.80699921,16.78155708,-16.53994751
3.00000000,-19.46952057,0.86923116,14.31507301,5.98017597,3.18271279,23.60674858,-4.50169325,-3.99118900,-2.79926395,24.65360260,1.94854856,-28.20506859,-18.44259644,20.98483276,15.67305470,-15.96733093
3.00000000,-20.20384026,0.24034943,13.55905342,5.82364273,3.23124552,23.04158592,-5.33102703,-4.04963064,-2.88050175,24.19643021,2.06092858,-27.67425537,-18.33594894,20.51715088,15.18402195,-15.57652187
3.00000000,-22.10250473,1.70905757,15.51345253,5.69622326,3.60266447,25.86035156,-5.68208408,-4.77021933,-2.87760377,26.53523636,2.49302959,-30.16828918,-20.32697296,22.59405708,16.78121376,-17.01249313
3.00000000,-20.61829376,0.30670452,15.00083160,5.81301212,3.15733862,24.14808846,-4.92178440,-4.89660645,-3.57051444,25.05133820,3.03436923,-29.53520393,-19.46626854,21.45464134,15.81961918,-16.42116547
3.00000000,-23.44043541,1.32097960,16.60139847,6.44648552,3.97734046,27.82002258,-6.85557556,-5.47613811,-3.02864385,28.89810562,3.35886049,-33.37861252,-22.36326981,24.51462746,18.14057732,-18.02571678
3.00000000,-21.27342033,0.49725282,14.88258934,6.29499340,3.71134830,24.55526924,-5.52935314,-4.75569534,-3.54584193,25.13151169,3.26368499,-29.89214706,-19.83210182,21.65080261,15.96510029,-16.20987320
3.00000000,-24.76808167,1.27582312,18.22806549,6.24180508,4.33825874,30.54749870,-6.35462093,-5.25480843,-2.78228021,32.02111816,3.88070345,-35.50844574,-24.09281731,26.50145721,20.53721619,-19.76091385
3.00000000,-23.52073479,1.46966290,17.15288734,6.47516918,4.66833591,28.93513870,-5.36903667,-4.88042212,-2.71777058,29.34618378,3.55299401,-33.54774475,-22.31956673,24.79809570,19.09146500,-18.50523949
3.00000000,-20.79433441,0.76530820,14.99311256,6.32137775,4.03237104,24.81346893,-5.47678661,-4.00624180,-2.31132555,26.35721207,2.32161784,-30.05813599,-19.57568169,22.41109848,16.91858864,-16.90801811
3.00000000,-21.88572121,1.68579030,14.72375107,6.80794716,4.59987450,25.06122971,-6.40241146,-4.39326715,-2.78673983,26.42074203,3.12981367,-31.01041031,-20.30421066,21.80652237,17.00941849,-16.83049774
3.00000000,-22.02273941,1.59302163,15.27285576,6.76829529,4.75374985,25.21377563,-6.59220505,-4.20917940,-2.53872848,26.53636932,2.98095655,-31.27280045,-20.59982491,22.05571175,17.19445038,-17.15156555
3.00000000,-20.08469582,0.32810634,14.13750839,5.27732277,2.99677348,23.59473991,-5.36444759,-3.90940166,-3.04552507,24.81565475,2.24413133,-28.62537766,-18.94109726,21.76166534,15.86187840,-16.12221527
3.00000000,-21.51050568,1.04896951,14.65802383,6.27562141,3.55353475,24.96990395,-6.05014801,-4.56342459,-3.35981894,25.95415115,2.41200209,-30.02068520,-20.56567955,22.89547157,16.47546959,-16.95048332
3.00000000,-19.92787170,0.57100791,14.26670647,5.53086472,2.73355198,23.23434258,-5.63789177,-4.25916004,-3.29519415,25.01707458,2.61610389,-28.29053688,-18.75827217,21.31482697,15.71410561,-15.81831455
3.00000000,-19.96742630,0.56112564,13.97756004,5.90539646,3.45967674,23.13517570,-4.82272530,-4.40567636,-2.82840419,24.73335266,2.75634050,-28.96306610,-18.55560493,20.82497978,15.65252113,-15.96014595
3.00000000,-20.94690514,1.25837302,14.70787621,6.56157017,3.84628987,24.94464684,-5.76255608,-4.05608130,-2.48629856,26.29147720,2.52209640,-29.85865021,-19.68533897,22.36114311,16.16190720,-16.36163902
3.00000000,-22.53718758,1.86732411,16.32510376,5.93669605,3.85537457,26.97809410,-4.82572746,-5.10650301,-2.77883148,27.68774414,3.05166578,-31.85094261,-21.05803299,22.84254074,17.80980492,-17.56478691
3.00000000,-24.16874123,0.72683859,17.62413216,6.78743839,4.63844204,28.66525078,-6.99272346,-5.31519318,-3.44752598,29.64051056,3.59896207,-32.86912155,-22.68891525,24.88617134,18.44962502,-19.21859932
3.00000000,-22.38553619,1.46019375,15.98031235,6.08848667,4.19662046,26.97298431,-6.54826546,-5.07714748,-3.20424652,27.69143295,2.66781998,-31.65740013,-21.04771423,23.67286110,17.79924011,-17.50548935
3.00000000,-23.13483238,1.42612278,15.98802948,6.72017193,3.96925473,26.35426521,-6.90532494,-5.52695656,-3.40847540,27.01775360,3.28381824,-31.44515800,-21.67472839,23.45932770,17.67068100,-18.11222458
3.00000000,-19.84672737,-0.22897522,13.78543472,5.59981823,3.12668800,22.65969849,-5.21234417,-4.52317572,-3.10815477,23.87722778,2.99297309,-27.64062881,-18.31200981,20.39577293,15.24355030,-15.43305588
3.00000000,-18.22543526,0.20013405,12.88318062,5.25850582,3.05394483,21.34842300,-5.43457317,-3.69552994,-2.70216751,22.20098495,2.01145148,-25.73287010,-16.52428055,19.49999428,14.14295197,-14.78616714
3.00000000,-21.19110298,1.39764774,14.73373222,5.82547569,3.45952225,24.71410942,-6.04044914,-4.63091707,-2.53812170,25.33040237,2.03648233,-29.49314880,-19.53509331,22.05521202,16.58201027,-16.60913467
3.00000000,-23.61874771,1.28530169,16.76645851,6.70008183,4.26180029,28.37170792,-6.97055149,-5.72652864,-3.71857524,28.25221634,3.98800039,-32.88779068,-22.88533020,24.91793823,18.46536064,-18.65197945
3.00000000,-19.20202065,0.88103622,13.37448883,5.45349216,3.39627886,22.38768387,-5.01705456,-4.16177750,-2.72705436,23.43920898,1.84705114,-27.10505867,-17.70676804,20.08494568,15.22798061,-14.88353157
3.00000000,-24.15269089,1.44511783,16.53097153,7.16629696,4.89968395,28.53022575,-7.20644379,-5.73890209,-3.80586720,28.49978638,3.70723867,-33.19273758,-22.69586563,24.93758011,18.85084343,-18.49064636
3.00000000,-20.07584381,0.39927781,14.83278656,6.77897263,3.50610638,23.95264435,-5.96705151,-3.73021412,-3.44756436,25.82751465,2.48449016,-28.24116325,-18.80796432,21.91267204,15.92935658,-16.62837219
3.00000000,-21.27924347,0.19882919,14.84120941,5.54324913,2.96868348,24.47105598,-5.33634949,-5.08570957,-3.83746195,25.20079041,3.66644120,-29.45737648,-19.67397499,22.22726822,16.18754005,-15.98989964
3.00000000,-20.56757927,1.10119057,14.72455215,6.34792900,4.05098772,24.48669815,-5.40619850,-4.19231033,-2.08992314,25.93921661,2.37270093,-30.02673340,-19.50266457,21.70694351,16.42391396,-16.43264771
3.00000000,-23.31233788,1.79518843,16.41677856,6.57040215,3.85084939,27.51031685,-5.65806007,-5.21174288,-2.63972092,28.15105438,2.81258202,-32.57985306,-22.01101303,23.50438881,18.00160217,-18.39645958
3.00000000,-21.32515717,0.86602813,15.67324257,6.25014114,3.58110523,26.15627480,-5.47970295,-4.38077021,-2.27992272,27.21805954,2.32716322,-30.27536964,-20.05385208,22.51338768,17.27992249,-17.20803070
3.00000000,-22.28385925,1.72863007,15.81397438,5.82160091,3.72569227,26.51305962,-5.72213554,-4.77508640,-2.78864241,27.53012466,2.65109658,-31.08429718,-21.03403282,23.08891106,17.41519165,-17.50052643
3.00000000,-21.89952087,1.25106573,15.27231789,6.41524410,3.74817371,24.80885696,-6.20647526,-4.97402000,-2.97861719,25.45553970,2.88197803,-30.27619362,-20.03488159,22.38134575,16.60776138,-17.22541618
3.00000000,-19.73349953,0.49426591,13.47267532,5.81704903,2.99134970,22.80147743,-5.22605896,-4.01258373,-2.91475105,23.99351501,2.30012226,-27.42755318,-18.42431450,20.53488159,15.36772346,-15.51313782
3.00000000,-21.25139618,1.15946341,15.20765877,6.92127323,3.70613074,24.85204315,-6.58134079,-4.59085131,-3.24066877,26.11210251,2.63304591,-30.12746620,-20.82696533,22.60546684,16.57715416,-16.92713547
3.00000000,-21.50956917,1.17535138,14.86654663,7.01679039,3.88051724,24.19472313,-6.51479340,-4.22347212,-3.07219172,25.75263596,2.54898381,-29.48675728,-20.12353516,22.20512390,16.41132164,-16.39906502
3.00000000,-19.71739388,0.90724307,14.16891289,5.97307014,3.20742989,23.31275558,-5.14444351,-4.09859705,-2.93177795,24.26103592,2.15270138,-27.89428329,-18.26661301,21.00004768,15.45528221,-15.78130245
3.00000000,-22.50946808,1.58533084,16.53101540,6.08701706,4.00568676,26.54393196,-4.73490334,-5.03400230,-2.68019748,27.49254608,3.01002979,-31.98619080,-20.56342888,22.67122078,17.58997726,-17.52159500
3.00000000,-19.98048401,0.92191738,14.64287758,6.11373043,3.15747166,24.04390526,-4.57796001,-4.03466129,-2.58599234,25.09082794,2.22713137,-28.58318329,-18.87488556,21.42824364,15.94627571,-16.02825165
3.00000000,-24.45101547,1.73750925,17.94963264,6.42415810,4.46801376,30.20365143,-5.70584393,-5.15980816,-2.72220683,30.76523972,3.73108578,-35.23481369,-23.25459480,26.02238464,20.02352333,-19.36700630
3.00000000,-20.43168640,0.93176275,15.15110397,6.46311665,3.81728816,25.11886215,-6.15935898,-4.00761461,-1.76756763,26.52211761,2.42627597,-29.42695808,-19.25447083,22.44375420,16.46495247,-16.77576637
3.00000000,-21.54686737,0.69346899,14.39685440,6.22952175,3.87810755,23.84314728,-5.60208797,-4.80902052,-2.98562050,25.64148331,2.68231320,-30.39644241,-19.87464523,21.91767120,15.93596172,-16.43018723
3.00000000,-19.75415802,0.64959699,13.57769966,5.47929668,3.00540066,22.78060150,-5.11292744,-4.11199903,-2.92449856,23.39540863,2.24009156,-27.52192688,-18.01104546,20.57174683,15.04836369,-15.46717930
3.00000000,-20.70340729,0.60658818,14.74913216,6.26416111,3.21748972,24.21823883,-4.79764938,-4.80306339,-3.60242009,25.04777145,2.35341954,-29.05173492,-19.00383759,21.94918633,15.42995548,-16.36701202
0.00000000,-10.95017052,-3.67587900,-9.30693340,-1.63358283,5.79691982,-0.52363706,3.44055843,12.15845871,1.61549520,-9.10376930,-7.99770546,7.07928085,-11.36835861,0.34773859,-11.19479465,5.93254900
0.00000000,-11.13091660,-3.66812468,-9.35433292,-1.64698505,5.78334045,-0.58539486,3.53594661,12.23779774,1.72035670,-9.10621834,-8.15649128,7.17081261,-11.47734451,0.32076541,-11.18309307,6.06017971
0.00000000,-10.93249702,-3.67721224,-9.27353096,-1.62059045,5.77511787,-0.53734624,3.47059536,12.16614437,1.66075706,-9.08613968,-8.03701878,7.11750889,-11.40096474,0.29036587,-11.15754509,5.96274185
0.00000000,-10.97592640,-3.66814423,-9.32417107,-1.67130136,5.78224182,-0.56333190,3.48022819,12.20938778,1.66168451,-9.04773331,-8.03952312,7.15518951,-11.44753075,0.36980826,-11.10286617,5.97622013
0.00000000,-11.03748894,-3.64965248,-9.38225460,-1.60279322,5.80022526,-0.52593923,3.55430269,12.29040337,1.71001410,-9.05201817,-8.09202003,7.13555527,-11.42731285,0.34101832,-11.23728561,5.99975014
0.00000000,-10.97401714,-3.72055674,-9.32380486,-1.64002728,5.78438377,-0.56113726,3.54768872,12.15114117,1.67161846,-8.99516201,-8.01557636,7.19764709,-11.42437935,0.32653430,-11.25206852,5.95486784
0.00000000,-11.14198685,-3.71705818,-9.45315456,-1.59766018,5.88706589,-0.61687219,3.59728289,12.23974991,1.67866659,-9.07757854,-8.17690277,7.30977058,-11.43812752,0.34642619,-11.23621655,6.04834318
0.00000000,-11.06043148,-3.67514753,-9.42939472,-1.65534163,5.79973698,-0.56846505,3.59438992,12.20360756,1.74096942,-8.99248314,-8.12105751,7.23103142,-11.40342712,0.40318540,-11.20614529,6.04162741
0.00000000,-11.14960480,-3.65149164,-9.34109116,-1.64622498,5.85680103,-0.64910048,3.49456930,12.37699318,1.69708991,-9.18545437,-8.16504192,7.13542557,-11.43437767,0.33613855,-11.31706715,6.00943613
0.00000000,-11.05377579,-3.62388611,-9.42986012,-1.71157217,5.79886532,-0.62162536,3.51749063,12.22159481,1.68520617,-9.06673908,-8.10757351,7.15914917,-11.46171761,0.28694859,-11.21581173,6.04585600
0.00000000,-11.09317207,-3.69763136,-9.34368515,-1.69720960,5.78359985,-0.47526872,3.53501940,12.27320004,1.71167898,-9.08386326,-8.14376736,7.21464634,-11.48137283,0.32552350,-11.20164490,6.03371286
0.00000000,-11.09000301,-3.69552660,-9.40001678,-1.59519160,5.80485630,-0.51297480,3.57711911,12.22376251,1.66489577,-9.10021400,-8.17857361,7.21849442,-11.40746498,0.33199751,-11.22945881,6.02623415
0.00000000,-10.98512745,-3.65420246,-9.34088898,-1.67519617,5.79996300,-0.50702757,3.47193241,12.18638706,1.68175912,-9.02361202,-8.04337883,7.13743114,-11.42031479,0.32997274,-11.15675735,5.99455357
0.00000000,-11.03347111,-3.67850161,-9.37820816,-1.68867421,5.78562832,-0.60231125,3.51366138,12.26665783,1.67268229,-9.05835819,-8.08116436,7.16932487,-11.38417435,0.39391381,-11.17076969,6.03421736
0.00000000,-11.09481907,-3.72026443,-9.34623718,-1.66584086,5.75139141,-0.54496616,3.54686999,12.23256874,1.70998693,-9.03264046,-8.11659813,7.16081047,-11.45322227,0.31577107,-11.19118404,6.02210093
0.00000000,-11.04693127,-3.67940140,-9.38146973,-1.63156104,5.83944416,-0.59364688,3.55187321,12.28040886,1.69646239,-9.08855247,-8.11515522,7.19318390,-11.43693733,0.36190739,-11.23505020,5.99266863
0.00000000,-11.08239937,-3.65579510,-9.41150570,-1.63003731,5.79579735,-0.56316853,3.56236339,12.23678780,1.67858195,-9.04327488,-8.07952785,7.18357277,-11.41269875,0.29712200,-11.23696136,6.02561140
0.00000000,-11.12465668,-3.72407246,-9.42577076,-1.68295860,5.81817436,-0.57248116,3.58852959,12.27196026,1.67182279,-8.98705101,-8.09994411,7.16923237,-11.47897911,0.34390905,-11.28683662,6.00049496
0.00000000,-11.14801979,-3.67034674,-9.32140827,-1.65433097,5.83795738,-0.62832278,3.52481103,12.27685928,1.67449999,-9.04220581,-8.15896416,7.11406136,-11.46279335,0.32017368,-11.17429924,5.94196415
0.00000000,-11.00751400,-3.71326876,-9.30243587,-1.66374981,5.82842445,-0.51177096,3.49167466,12.24550056,1.71579742,-9.04481888,-8.09361935,7.16295624,-11.39139366,0.34707943,-11.21869469,5.93931055
0.00000000,-11.01911926,-3.66627026,-9.41794777,-1.64529181,5.79273415,-0.54787511,3.49355793,12.34882641,1.71410370,-9.10432053,-8.11960316,7.12393665,-11.48720932,0.32494855,-11.19135571,5.98979235
0.00000000,-10.99401474,-3.68163157,-9.35941887,-1.61796975,5.85488701,-0.58761734,3.53787756,12.18012524,1.72277045,-8.99739933,-8.00693226,7.16106796,-11.44792557,0.29189357,-11.24105930,5.94376898
0.00000000,-10.93909645,-3.64978266,-9.34036064,-1.71926570,5.90100670,-0.57374853,3.46245742,12.13638687,1.63645983,-8.98872662,-7.99052095,7.16635036,-11.44257355,0.33415329,-11.19820023,6.02679634
0.00000000,-10.96983910,-3.63949728,-9.35702896,-1.66322732,5.83348656,-0.57364184,3.50256300,12.23950291,1.62370896,-9.05663395,-8.03982735,7.08315849,-11.46447372,0.36620963,-11.20431519,5.93969488
0.00000000,-10.97152710,-3.65382528,-9.31098652,-1.66886091,5.76126766,-0.54153860,3.44820333,12.17911148,1.63606238,-9.03883743,-8.07971668,7.12253475,-11.39292145,0.34173298,-11.17129993,5.97430611
0.00000000,-11.04434395,-3.63319063,-9.29278183,-1.65312076,5.78683567,-0.51594716,3.48823357,12.22967243,1.70363069,-9.07047462,-8.05768394,7.11328411,-11.41233635,0.37274072,-11.21009064,6.01199818
0.00000000,-11.06153584,-3.62986517,-9.31544495,-1.64387584,5.79526997,-0.55496919,3.44561338,12.24110794,1.68089533,-9.08156204,-8.06975842,7.09024525,-11.45826912,0.30423021,-11.25518036,5.99260998
0.00000000,-10.98628235,-3.67328882,-9.34396744,-1.68368721,5.82999134,-0.49431121,3.50693822,12.18993282,1.71153617,-9.02033710,-8.04611301,7.13483429,-11.38492775,0.33955249,-11.22835159,5.98071194
0.00000000,-10.99880505,-3.67737818,-9.34412479,-1.68601704,5.79990578,-0.52794516,3.49334669,12.22741604,1.67314458,-9.00511742,-8.06105423,7.11798286,-11.45802879,0.36520699,-11.21699238,6.00994349
0.00000000,-10.90357590,-3.67231798,-9.39286137,-1.67917931,5.73076057,-0.52340996,3.46325874,12.14865685,1.68917894,-9.05825424,-8.06313610,7.16808987,-11.35655403,0.25335529,-11.17074966,5.92894125
0.00000000,-11.10137081,-3.66796780,-9.40170765,-1.58619428,5.78265095,-0.55279410,3.53948975,12.21219635,1.76137781,-9.01636696,-8.10183716,7.12884426,-11.42146492,0.40653554,-11.22180557,5.94090557
0.00000000,-11.03117847,-3.66971827,-9.39264870,-1.66596413,5.76730537,-0.51408559,3.52291846,12.23011398,1.73393750,-9.12405491,-8.14299870,7.15361023,-11.51865196,0.32350555,-11.25924015,5.95553780
0.00000000,-11.00609684,-3.78578615,-9.36588192,-1.66128087,5.81942940,-0.56496447,3.46785164,12.27127934,1.62457681,-9.09068775,-8.06574917,7.15150452,-11.40755081,0.32234359,-11.27656078,5.94293690
0.00000000,-11.04874802,-3.70317411,-9.29343605,-1.66478872,5.80824089,-0.54836959,3.54137945,12.28604507,1.67218947,-9.11102486,-8.05707073,7.17292213,-11.48801041,0.33719930,-11.19563770,5.98344040
0.00000000,-10.99316120,-3.66507959,-9.23981476,-1.68581724,5.78643322,-0.55463457,3.38104701,12.21222973,1.67116523,-9.10877800,-8.01502323,7.16376305,-11.36960983,0.32290596,-11.22988701,6.01588821
0.00000000,-11.09077740,-3.66339302,-9.24445915,-1.72644567,5.76395988,-0.57116938,3.48179746,12.24279594,1.66388559,-9.12555599,-8.08862877,7.16907406,-11.47133446,0.35087261,-11.20398712,6.03607368
0.00000000,-11.05988693,-3.64944839,-9.34386063,-1.72962523,5.76650524,-0.53170335,3.48932099,12.23217106,1.64384627,-9.09829521,-8.07511425,7.14793491,-11.46249390,0.34880507,-11.14352512,5.99553490
0.00000000,-11.06458378,-3.70316696,-9.44794655,-1.63332772,5.86158276,-0.62467563,3.55138421,12.24831772,1.74887204,-9.04004478,-8.11220074,7.18604565,-11.34465599,0.33677775,-11.24673080,5.98422956
0.00000000,-11.02460098,-3.61241627,-9.46887493,-1.64647186,5.84953594,-0.59982961,3.55299592,12.21589661,1.68601346,-9.00441360,-8.03415585,7.15819931,-11.43119431,0.34563226,-11.27066803,5.98102713
0.00000000,-11.10014534,-3.65217829,-9.34955788,-1.72269297,5.80174828,-0.53975046,3.51432800,12.28973866,1.72561193,-9.05862904,-8.14149475,7.23215485,-11.45318794,0.40732396,-11.18420792,6.02930212
0.00000000,-11.06220150,-3.66508436,-9.37777519,-1.64779770,5.82989120,-0.60208923,3.54887724,12.26881313,1.62821889,-9.10752773,-8.16773033,7.18800545,-11.46626854,0.33815950,-11.19108391,6.01604128
0.00000000,-11.02267742,-3.69382000,-9.36754036,-1.64505720,5.84268188,-0.56153548,3.53536081,12.23925495,1.69561720,-9.05525112,-8.00177288,7.19254017,-11.40105057,0.40635991,-11.24328899,6.00869942
0.00000000,-11.04026508,-3.69366169,-9.41703320,-1.66385043,5.79433918,-0.51222813,3.57056189,12.17426395,1.66797495,-9.05547142,-8.13728142,7.18371487,-11.41001320,0.30411160,-11.20259094,5.96412039
0.00000000,-10.97448444,-3.68590450,-9.32776737,-1.63275480,5.81085587,-0.53550833,3.51904464,12.22617340,1.68672180,-9.03463936,-8.02411461,7.11892891,-11.41469002,0.41601434,-11.21463871,5.99497414
0.00000000,-10.99389553,-3.66530657,-9.31805134,-1.65329552,5.75948620,-0.54032671,3.43004870,12.25660038,1.66782546,-9.10558987,-8.09069061,7.10179138,-11.42785072,0.33193237,-11.16807556,6.00240040
0.00000000,-10.92822361,-3.69327736,-9.26679134,-1.66307688,5.81067753,-0.56763470,3.40891933,12.19617081,1.61944366,-9.08176136,-8.00803947,7.12146473,-11.42887688,0.30868983,-11.14514065,5.98690510
0.00000000,-10.96415997,-3.69664812,-9.28002167,-1.68205118,5.81051350,-0.56913817,3.41428041,12.18318462,1.67152190,-9.03576851,-7.98300648,7.08367062,-11.33900452,0.31555784,-11.15921211,5.92841053
0.00000000,-11.03947353,-3.72405243,-9.32167816,-1.63691187,5.78608799,-0.58456677,3.50584030,12.25704861,1.71452641,-9.04741764,-8.06599140,7.15902805,-11.46282768,0.30166438,-11.21412659,6.00392485
0.00000000,-10.95806122,-3.67813921,-9.29785156,-1.69729972,5.78688526,-0.54773998,3.49445486,12.19174290,1.65062976,-9.05685329,-8.08732605,7.12861061,-11.44460869,0.34127882,-11.11338234,5.96269274
0.00000000,-11.02522278,-3.65060329,-9.31444263,-1.62676334,5.79557228,-0.51107401,3.39663267,12.24953651,1.67739296,-9.12945652,-8.10618114,7.14134502,-11.48342323,0.30609417,-11.11601543,5.99531984
0.00000000,-10.94616318,-3.65845442,-9.26562214,-1.70948863,5.85036564,-0.50384784,3.39467192,12.16895962,1.65973949,-9.08510017,-7.97323799,7.09577274,-11.43058205,0.40136209,-11.14329815,6.01007652
0.00000000,-11.04237556,-3.67080688,-9.45522881,-1.64937377,5.76010513,-0.55809087,3.50292373,12.25960922,1.70607424,-9.07493496,-8.10687256,7.15950871,-11.47757721,0.32553810,-11.20515060,5.96326017
0.00000000,-11.06524277,-3.65701199,-9.34298515,-1.71167421,5.79589367,-0.64416391,3.48166323,12.29298019,1.66185975,-9.09928608,-8.13205910,7.19291019,-11.44720078,0.38656819,-11.20157242,5.99090815
0.00000000,-11.06342983,-3.68684864,-9.32771206,-1.63698316,5.87428665,-0.55546868,3.55287409,12.26035118,1.68254089,-9.06254959,-8.08351803,7.16015816,-11.38022232,0.29989749,-11.17339516,6.08911562
0.00000000,-11.07791710,-3.72503567,-9.29406738,-1.67930388,5.86925888,-0.54538023,3.47990823,12.26859760,1.68121147,-9.06939793,-8.02668095,7.21114635,-11.43718147,0.37065303,-11.22769833,6.03408527
0.00000000,-11.09183788,-3.68843174,-9.42800713,-1.64689577,5.81555557,-0.56366587,3.58459568,12.23270798,1.65374851,-9.06613827,-8.08066177,7.25309181,-11.46611214,0.31799185,-11.21079159,5.97816610
0.00000000,-10.93156338,-3.67317486,-9.31270695,-1.65942097,5.80433083,-0.56147557,3.48063898,12.14663506,1.60075712,-8.99775791,-8.03081799,7.12278748,-11.38378716,0.34772831,-11.16459084,5.94613934
0.00000000,-11.11665440,-3.66488934,-9.44231129,-1.63990736,5.87108326,-0.57711762,3.58016276,12.27221870,1.70116496,-9.05687332,-8.12890625,7.16995811,-11.48911285,0.33939284,-11.24533272,5.98053646
0.00000000,-11.09618473,-3.66169024,-9.33693695,-1.70732760,5.83124733,-0.57796663,3.47024632,12.31001472,1.68134809,-9.11935616,-8.10678387,7.13318348,-11.52146149,0.33638793,-11.20293808,5.97670841
0.00000000,-11.08596516,-3.72666645,-9.40410900,-1.61171150,5.87891102,-0.58190888,3.48047948,12.33893585,1.65426064,-9.11683559,-8.11014080,7.21231747,-11.45667267,0.29527724,-11.26186466,5.93752146
0.00000000,-11.03085995,-3.66229582,-9.34402466,-1.66225982,5.84244347,-0.56167996,3.54263353,12.21431637,1.67312098,-9.06250763,-8.05482864,7.17661762,-11.44203186,0.25650778,-11.18919277,6.02239799
0.00000000,-11.07681561,-3.70380974,-9.33159924,-1.62289929,5.77492142,-0.57225972,3.50797653,12.26958942,1.67439914,-9.09166050,-8.11126614,7.16897869,-11.41168594,0.32738134,-11.23294544,5.97170115
0.00000000,-11.05042553,-3.69986916,-9.29828644,-1.61414349,5.89215660,-0.57018483,3.54756832,12.26124001,1.75811124,-9.01464844,-8.13224125,7.13983822,-11.40674782,0.29997900,-11.19669342,6.01987123
0.00000000,-10.90483475,-3.66720867,-9.25589371,-1.69992638,5.80096149,-0.56350756,3.44367552,12.13691235,1.67087197,-9.03627586,-7.99317074,7.07435131,-11.38078308,0.33758795,-11.14064312,5.97640753
0.00000000,-11.03077984,-3.69179249,-9.28142929,-1.69937491,5.80380726,-0.53650254,3.48091388,12.22485542,1.61522436,-9.08031464,-8.10907173,7.11869717,-11.44982338,0.39664382,-11.20110416,6.07531404
0.00000000,-11.15457439,-3.75606823,-9.48151588,-1.59103668,5.82357502,-0.50121069,3.59987116,12.37846279,1.78663898,-9.01281738,-8.22409153,7.12249374,-11.48865509,0.38797769,-11.31777763,6.01867151
0.00000000,-10.95516682,-3.66274023,-9.29024220,-1.66215169,5.73789215,-0.53583407,3.45320296,12.20751476,1.64988732,-9.07895279,-8.05390358,7.07752419,-11.40513229,0.33335590,-11.14164734,5.98667669
0.00000000,-11.04811859,-3.70693064,-9.38170433,-1.58902955,5.80439949,-0.54551995,3.49437189,12.36803055,1.66630769,-9.08266830,-8.15327358,7.19963741,-11.43353271,0.34608835,-11.22898960,5.99756289
0.00000000,-11.15129757,-3.68359041,-9.36964607,-1.56511140,5.83716393,-0.63456815,3.54798555,12.40384579,1.70715332,-9.03946018,-8.18187523,7.20066071,-11.42007065,0.36679715,-11.28166103,6.12596083
0.00000000,-11.04615688,-3.71612215,-9.38845634,-1.66422677,5.87623310,-0.58154976,3.51346087,12.28281116,1.67890048,-9.02129269,-8.09510231,7.14410496,-11.44912910,0.36173627,-11.26505184,6.01234913
0.00000000,-11.02352905,-3.68782854,-9.38476944,-1.62987161,5.75056744,-0.56044543,3.54464316,12.25775814,1.69870710,-9.05582523,-8.10483646,7.13876152,-11.44960976,0.32330170,-11.24695873,5.94666576
0.00000000,-10.98232746,-3.71234465,-9.31072426,-1.69385052,5.71016979,-0.58101368,3.46728802,12.13875198,1.63072252,-9.05738163,-8.06524849,7.19395733,-11.42819595,0.32797986,-11.14405537,5.97429991
0.00000000,-10.99115467,-3.67920399,-9.23495293,-1.66255450,5.81483364,-0.53908932,3.44127083,12.25806808,1.61333060,-9.07049751,-8.05637360,7.14786530,-11.49357986,0.38552365,-11.17283916,5.98649549
0.00000000,-11.05786419,-3.68829393,-9.34146309,-1.63650942,5.74462128,-0.53560066,3.52006435,12.23728466,1.73620296,-9.13344002,-8.13646603,7.17463398,-11.42714119,0.34120628,-11.17889118,5.99563742
0.00000000,-11.09528828,-3.64273882,-9.39956760,-1.68428326,5.76586151,-0.58629173,3.45337081,12.30716133,1.66514897,-9.09275723,-8.14039230,7.13606930,-11.49916840,0.25874662,-11.20634365,5.96517754
0.00000000,-11.00471306,-3.70902920,-9.34829140,-1.63884056,5.86334419,-0.56359464,3.47834229,12.17503452,1.65865207,-9.01586533,-8.03377438,7.13151932,-11.44769478,0.35179752,-11.16471767,5.95713472
0.00000000,-11.04811096,-3.71309996,-9.39112377,-1.66470265,5.87611485,-0.55003846,3.56071019,12.39787006,1.72316647,-9.06780243,-8.13595009,7.14137268,-11.51662254,0.28842366,-11.24563313,5.95751810
0.00000000,-10.96200848,-3.64649487,-9.37937069,-1.67502594,5.83495426,-0.57759213,3.44227076,12.19461060,1.68261433,-9.02157879,-8.04870701,7.11631966,-11.32530022,0.36037886,-11.13380909,6.05344296
0.00000000,-11.02569675,-3.71666145,-9.41229820,-1.58672178,5.88237476,-0.56989247,3.55541563,12.28369236,1.67532730,-9.09401512,-8.11654186,7.17265129,-11.39043617,0.31722218,-11.22298431,6.05441284
0.00000000,-11.09285545,-3.64152002,-9.33432865,-1.60818863,5.79425335,-0.59939659,3.52233076,12.24580002,1.68356681,-9.13432121,-8.08560181,7.14149857,-11.48396301,0.28496230,-11.22864342,6.06610441
0.00000000,-11.10872078,-3.65259552,-9.31586552,-1.62704098,5.80085373,-0.58862770,3.56790543,12.37797832,1.72069716,-9.12808514,-8.21570492,7.12940979,-11.46756363,0.36716396,-11.25025940,6.01000500
0.00000000,-11.04252434,-3.70279694,-9.25853634,-1.64131284,5.81022167,-0.57224119,3.51081944,12.24661732,1.65373111,-9.05621624,-8.09947109,7.09910011,-11.44612122,0.35344845,-11.23433399,6.03434801
0.00000000,-11.03654861,-3.68518496,-9.31920242,-1.64695430,5.81585217,-0.57284975,3.52858639,12.26319504,1.72534728,-9.01909542,-8.09935474,7.13539791,-11.40979195,0.42190996,-11.22826004,5.98722219
0.00000000,-11.05859756,-3.66066837,-9.37242985,-1.67947483,5.80810833,-0.57575309,3.56793189,12.27847767,1.62152982,-9.07492065,-8.13949776,7.14326191,-11.49875450,0.35329676,-11.14787292,6.01183891
0.00000000,-11.06566334,-3.68747711,-9.33906746,-1.69980478,5.74875641,-0.61745846,3.49193001,12.25773907,1.63417196,-9.09874153,-8.08115673,7.17122459,-11.48304939,0.36508489,-11.20607185,5.97860098
0.00000000,-11.02921009,-3.68964434,-9.26221657,-1.63940454,5.76142597,-0.52971077,3.52028251,12.26428795,1.68045926,-9.04542732,-8.11627579,7.16204834,-11.41882133,0.37094513,-11.16497326,6.12416697
0.00000000,-10.93010807,-3.67610359,-9.27173901,-1.65381479,5.82344341,-0.47929984,3.48556209,12.23548031,1.68697667,-9.09439850,-8.00734806,7.03178024,-11.44247055,0.36063343,-11.14583683,5.90801573
0.00000000,-11.07384491,-3.68408966,-9.42194366,-1.67681241,5.79423428,-0.49571449,3.57022715,12.24577427,1.72895622,-8.96238708,-8.06411266,7.15141773,-11.46715546,0.36236456,-11.27447891,6.00396299
0.00000000,-11.03161716,-3.68401098,-9.37204647,-1.62291861,5.78478146,-0.59103817,3.52581215,12.17955303,1.70438266,-9.01062584,-8.02568913,7.15029049,-11.43138885,0.31687963,-11.24399567,5.97716284
0.00000000,-11.03330326,-3.69261980,-9.32398510,-1.71644306,5.80597115,-0.50564611,3.42783213,12.31989098,1.69849467,-9.09951019,-8.11631775,7.10320568,-11.39591599,0.32670391,-11.17821598,5.97580862
0.00000000,-11.00013161,-3.66684294,-9.43975163,-1.67897105,5.82639217,-0.54420632,3.52881622,12.28884411,1.64820409,-9.10944653,-8.17247391,7.17587185,-11.43595505,0.29239079,-11.19274426,5.95952606
0.00000000,-11.07756519,-3.68319654,-9.38096619,-1.63422024,5.80495358,-0.56424403,3.57094908,12.31198978,1.71665978,-9.04438782,-8.11903000,7.19716263,-11.40422630,0.35968286,-11.19779301,6.03645706
0.00000000,-10.96280861,-3.66697407,-9.30245113,-1.70611167,5.77064323,-0.55034852,3.44385695,12.20721531,1.66592073,-9.02681446,-8.07439518,7.16611671,-11.40595436,0.37446645,-11.09290886,5.99665689
0.00000000,-11.02292347,-3.72546577,-9.31589222,-1.67546010,5.78235912,-0.56746554,3.51034522,12.18273449,1.69268703,-9.09417152,-8.05526543,7.18841934,-11.39495850,0.31604120,-11.19417858,5.97718048
0.00000000,-11.08377171,-3.65895081,-9.35213470,-1.62227607,5.82004356,-0.52068520,3.50155997,12.30455780,1.68280506,-9.10246944,-8.07254887,7.19208145,-11.43825531,0.35105729,-11.25967407,6.02311850
0.00000000,-11.02170753,-3.65637398,-9.39026833,-1.66757345,5.75624180,-0.61004591,3.55835843,12.24596596,1.65389991,-9.06102753,-8.09542561,7.18783855,-11.47192764,0.33667213,-11.14561462,6.03782606
0.00000000,-10.99156666,-3.61124134,-9.24156380,-1.60805500,5.74664116,-0.54872966,3.43399119,12.19248104,1.60076070,-9.12188625,-7.95930338,7.04541588,-11.41859436,0.34602723,-11.14569473,6.02743244
0.00000000,-11.09570217,-3.62500572,-9.26914787,-1.63309026,5.83972263,-0.58945119,3.49978352,12.25652313,1.64797187,-9.11784649,-8.10518265,7.13330841,-11.41264153,0.40490174,-11.20401955,6.10446501
0.00000000,-10.94797802,-3.64588547,-9.29065037,-1.69227648,5.74261093,-0.57638228,3.43039989,12.16893768,1.63935018,-9.05755138,-8.03875637,7.09446907,-11.38970757,0.35736006,-11.18951702,6.00625277
0.00000000,-11.03805065,-3.70216846,-9.33022594,-1.62943220,5.78208256,-0.51122445,3.50121665,12.37566471,1.69960523,-9.07256031,-8.06241322,7.14604092,-11.46389961,0.30993253,-11.17934418,5.95651054
0.00000000,-10.96884251,-3.63127565,-9.29276180,-1.68667293,5.80038071,-0.55518377,3.44181752,12.16492271,1.66108370,-9.07195568,-7.99256659,7.08453274,-11.41493988,0.33143663,-11.14304161,5.92653942
0.00000000,-11.08331299,-3.65203857,-9.46155930,-1.68342710,5.82026386,-0.55515325,3.53736830,12.20044994,1.64562440,-9.07845592,-8.10274601,7.16229630,-11.39533043,0.28193781,-11.26309204,5.93984222
0.00000000,-11.09078121,-3.67171144,-9.44121361,-1.58273888,5.87325478,-0.61096030,3.57201457,12.35463047,1.65779710,-9.09744835,-8.16991138,7.20373917,-11.48715782,0.34561506,-11.19100475,6.07759809
0.00000000,-11.12798500,-3.59840536,-9.38794422,-1.65792680,5.85137653,-0.63746357,3.51250172,12.27679729,1.65901256,-9.01843834,-8.18508053,7.16757774,-11.47858620,0.31480056,-11.23624706,6.02508640
0.00000000,-11.11544800,-3.66149616,-9.39663601,-1.67066360,5.72586536,-0.51192588,3.51298833,12.29501724,1.67991543,-9.22290230,-8.11316586,7.20179176,-11.49197769,0.33413979,-11.26001167,5.98900747
0.00000000,-10.89735031,-3.67834377,-9.28766060,-1.73271012,5.77365780,-0.56796771,3.47093868,12.15638924,1.65206957,-9.06516075,-8.07185555,7.14511967,-11.39232635,0.31117466,-11.09484100,5.94603062
0.00000000,-11.04199028,-3.67130804,-9.32111168,-1.64903879,5.82714081,-0.56106120,3.42492771,12.28645515,1.70359612,-9.08100986,-8.08281231,7.12823868,-11.48315048,0.31137341,-11.20648766,6.03993177
0.00000000,-11.07082176,-3.69269466,-9.32648754,-1.62871420,5.82907486,-0.53737038,3.46487284,12.28007317,1.74660826,-9.03519726,-8.07017612,7.11140633,-11.41900826,0.32500619,-11.24295425,6.01085854
0.00000000,-11.06525612,-3.72346592,-9.34768105,-1.67516613,5.80258846,-0.56789869,3.48457813,12.38318729,1.70504570,-9.05821705,-8.11650753,7.19833183,-11.49078751,0.27316448,-11.23887634,5.99831247
0.00000000,-11.07414341,-3.65479708,-9.38926125,-1.63613760,5.83349133,-0.61814183,3.55132890,12.30071068,1.61115909,-9.15702820,-8.17461586,7.16938686,-11.47873306,0.29313076,-11.23912811,6.04264736
0.00000000,-10.95278072,-3.65324545,-9.30961609,-1.70948267,5.75016117,-0.58657062,3.45768237,12.12775326,1.59953022,-9.11488819,-7.99984646,7.11930943,-11.38823318,0.29107925,-11.10490704,5.99773741
0.00000000,-11.02340412,-3.67947817,-9.33389854,-1.58011460,5.85468197,-0.57572943,3.55428481,12.28946781,1.69287777,-9.06548309,-8.06765079,7.14043808,-11.40411377,0.37203309,-11.24270535,6.02238512
0.00000000,-10.98576355,-3.66902208,-9.38051319,-1.64157617,5.88961411,-0.63731146,3.46992278,12.25417614,1.66335225,-9.07214451,-8.12644100,7.10499763,-11.42711830,0.29572150,-11.16351223,5.98992872
0.00000000,-11.00746822,-3.68124914,-9.28671360,-1.67664409,5.77017212,-0.52837873,3.50332165,12.20041752,1.60455990,-9.10633087,-8.02094650,7.10193634,-11.41052437,0.37945595,-11.19008160,6.01063299
0.00000000,-11.00332832,-3.67332506,-9.38554859,-1.62013245,5.79019260,-0.54975271,3.46678567,12.24704647,1.67804670,-9.05102062,-8.06272507,7.11949825,-11.41821098,0.35237488,-11.17909908,5.96114683
0.00000000,-11.12315083,-3.67558098,-9.32439041,-1.61409187,5.83230305,-0.55067390,3.52689147,12.31920719,1.68828535,-9.05772877,-8.14388466,7.12950230,-11.44954109,0.36511412,-11.27568436,6.06400585
0.00000000,-10.93385506,-3.67479801,-9.28902149,-1.70910573,5.74990463,-0.54574853,3.49886322,12.15500164,1.64955974,-9.03332996,-8.06593132,7.06199074,-11.40968513,0.27426258,-11.10278988,6.03486681
0.00000000,-11.07219887,-3.70847893,-9.35762978,-1.67744970,5.80663395,-0.52190077,3.52176094,12.31973076,1.73869872,-9.06739998,-8.10145092,7.18311596,-11.48106766,0.28088087,-11.23295498,5.96372032
0.00000000,-11.00411415,-3.69784021,-9.30105972,-1.71743441,5.84930515,-0.51909918,3.43533254,12.21196461,1.69689989,-9.04930878,-7.98243093,7.15392303,-11.38641357,0.28831786,-11.15138721,6.02282810
0.00000000,-10.98925400,-3.71680832,-9.36764812,-1.60971999,5.84417725,-0.57417530,3.50722432,12.16310787,1.70191193,-8.99207878,-8.03288460,7.16483784,-11.45779800,0.32687235,-11.22129917,5.97729445
0.00000000,-11.00403309,-3.73743248,-9.38360882,-1.60043287,5.91591072,-0.64683133,3.53155565,12.38749886,1.71257830,-9.09212208,-8.14874268,7.17027855,-11.49849892,0.37144992,-11.27887535,6.03905344
0.00000000,-11.11324787,-3.61141253,-9.53356075,-1.60241508,5.88377190,-0.58578694,3.61602092,12.28705406,1.67647266,-9.04542351,-8.21069431,7.21230793,-11.44979668,0.36332157,-11.27368736,6.08717108
0.00000000,-11.18643475,-3.79124737,-9.41447163,-1.68031693,5.85288239,-0.55635846,3.51330042,12.23432159,1.74625731,-8.99463940,-8.10794163,7.19074345,-11.45058441,0.28818160,-11.29614830,6.05950117
0.00000000,-11.03235722,-3.64790154,-9.35467052,-1.68122625,5.81955910,-0.58397555,3.50279975,12.24590111,1.68025732,-9.05656910,-8.11268330,7.10940647,-11.51267433,0.29657269,-11.15346527,5.95959425
0.00000000,-11.08499432,-3.64717722,-9.34363651,-1.65012491,5.69131470,-0.57599580,3.55848360,12.27550697,1.65595174,-9.07499886,-8.21201229,7.14148331,-11.45445061,0.33170134,-11.18962860,6.02924490
0.00000000,-11.07002068,-3.70723438,-9.39586544,-1.61484921,5.80984879,-0.57000542,3.51952863,12.28369236,1.65883398,-9.05234146,-8.14285088,7.17107296,-11.43501854,0.34038314,-11.16510868,5.96879196
0.00000000,-10.99962234,-3.70754623,-9.34858799,-1.70335817,5.81480885,-0.55981374,3.52358413,12.17346859,1.64778447,-9.00599861,-8.07046127,7.14640236,-11.40226746,0.28963983,-11.17506790,5.96392345
0.00000000,-11.10181141,-3.67225218,-9.40031433,-1.72426200,5.80196381,-0.56357992,3.50493908,12.23227692,1.66795039,-9.11082649,-8.11407185,7.20529461,-11.43063927,0.33261272,-11.26599026,5.97354221
0.00000000,-11.05540562,-3.68212366,-9.41364098,-1.60906887,5.81241131,-0.59640592,3.53376007,12.31996536,1.68323016,-9.05868244,-8.13700676,7.09272861,-11.40789223,0.35899436,-11.19368267,5.97394466
0.00000000,-11.12879181,-3.69784021,-9.32508373,-1.64884329,5.88795090,-0.56432444,3.54119086,12.28823566,1.68085241,-9.10937881,-8.13357449,7.16040421,-11.45089340,0.34880710,-11.24998283,6.06885052
0.00000000,-11.02266216,-3.67759418,-9.34512615,-1.62440193,5.85515118,-0.57280862,3.50329018,12.27866650,1.64043832,-9.06955147,-8.04271317,7.15900612,-11.44669914,0.33307952,-11.21947861,6.04935598
0.00000000,-10.99462128,-3.70642948,-9.32215118,-1.68430007,5.78854752,-0.57267374,3.47773218,12.22647953,1.73101354,-9.02726173,-8.02367210,7.07566261,-11.41492653,0.34875497,-11.22315025,6.02061510
0.00000000,-11.06367397,-3.62044907,-9.43310070,-1.60457981,5.82506180,-0.55759913,3.49976397,12.26231480,1.72311258,-9.05315304,-8.10672665,7.18144321,-11.43686485,0.40265620,-11.22534752,5.97644663
0.00000000,-11.07162094,-3.74860048,-9.34460545,-1.68643165,5.83013725,-0.52700406,3.51394677,12.25873470,1.73861456,-8.97018337,-8.04209709,7.16975021,-11.48730278,0.39705059,-11.32852554,6.02642727
0.00000000,-11.07421684,-3.65635204,-9.36721230,-1.72019720,5.84929276,-0.60435629,3.53077269,12.25752258,1.60948086,-9.06963825,-8.14825249,7.16989136,-11.46212959,0.35762158,-11.20593357,6.04921007
0.00000000,-11.16336536,-3.74680996,-9.34322262,-1.67854142,5.81544590,-0.50048161,3.47686315,12.30655098,1.74181724,-9.08270359,-8.13399506,7.19502544,-11.50408936,0.35359150,-11.24372387,6.03545809
0.00000000,-11.15414715,-3.64619684,-9.30293941,-1.66024899,5.80725288,-0.53887010,3.56198454,12.32184696,1.64948153,-9.12644196,-8.12249756,7.15403271,-11.42166710,0.29661295,-11.25369740,6.03302002
0.00000000,-10.98443222,-3.70841455,-9.31516171,-1.69339037,5.82265091,-0.53751326,3.51113939,12.21311665,1.66534233,-9.08382130,-8.09621811,7.17555618,-11.49053955,0.35122049,-11.12680340,5.97443485
0.00000000,-11.10070133,-3.69267225,-9.39668655,-1.62794495,5.83320999,-0.57203269,3.54693794,12.34962273,1.62744212,-9.08111668,-8.22154713,7.16841507,-11.43290329,0.31289700,-11.18909168,6.03512526
0.00000000,-10.99491024,-3.67613459,-9.23834515,-1.68179822,5.72913837,-0.54425907,3.43738055,12.24341202,1.67146897,-9.08636951,-8.03295708,7.11512375,-11.40477562,0.30186200,-11.13801765,6.03120375
0.00000000,-11.03423500,-3.69686747,-9.48585129,-1.71736526,5.77506733,-0.57406211,3.60501719,12.22814941,1.66433430,-9.03287029,-8.08034706,7.18822861,-11.42993355,0.35921407,-11.19436550,6.02132082
0.00000000,-11.00045872,-3.69451714,-9.31665421,-1.72563529,5.78045082,-0.57663876,3.48902178,12.18490505,1.66669106,-9.05256939,-8.01446724,7.13978577,-11.42592239,0.38121930,-11.16547871,5.95362043
0.00000000,-11.09551048,-3.68277597,-9.37009621,-1.62332737,5.81914139,-0.58721662,3.56975055,12.17858124,1.64099646,-9.07310963,-8.17471695,7.18344212,-11.52392960,0.33429870,-11.19152260,6.01704741
0.00000000,-11.09442902,-3.67905617,-9.38835239,-1.66411567,5.83820534,-0.63099116,3.50636435,12.31109619,1.61133623,-9.13537312,-8.11663342,7.17108917,-11.51672935,0.33479914,-11.22648335,6.07223320
0.00000000,-11.01172161,-3.64621735,-9.38911533,-1.70740509,5.77907848,-0.57335371,3.51975560,12.24420071,1.64908791,-9.09567165,-8.07979107,7.16615391,-11.44107819,0.33645493,-11.13626480,6.01326084
0.00000000,-11.08436584,-3.73964071,-9.38428974,-1.63216579,5.82043457,-0.51116604,3.57320309,12.28300762,1.69659138,-9.08505821,-8.14082813,7.14676762,-11.48494911,0.35333556,-11.18460083,6.03700542
0.00000000,-11.03214550,-3.63873863,-9.31297588,-1.71941400,5.77639866,-0.56917036,3.43637276,12.25284290,1.68954825,-9.06680965,-8.08710480,7.15226555,-11.44132805,0.38831788,-11.18495464,6.01566458
0.00000000,-11.08148003,-3.70902205,-9.33969975,-1.60238457,5.86453915,-0.58720315,3.51863146,12.27144432,1.65060949,-9.01502228,-8.09768009,7.19465256,-11.40879059,0.37701735,-11.20523834,6.02829456
0.00000000,-10.82970047,-3.68962812,-9.24737930,-1.70443034,5.78196907,-0.52450562,3.42761922,12.09537792,1.67680621,-8.98376560,-7.96564579,7.11628151,-11.39478302,0.33393508,-11.04168892,5.87983465
0.00000000,-11.11234188,-3.78555298,-9.33329582,-1.57089651,5.76800442,-0.53367794,3.56355739,12.38815689,1.77383757,-9.01083088,-8.11977482,7.17776585,-11.49136353,0.32802609,-11.26616669,5.93450022
0.00000000,-10.97196960,-3.67351341,-9.35420513,-1.64341140,5.75506783,-0.52430379,3.51429605,12.14960384,1.71015358,-9.03155708,-8.02951908,7.11651230,-11.40116501,0.37068763,-11.18607903,6.04773235
0.00000000,-11.07161140,-3.71546984,-9.35318470,-1.68886924,5.81101608,-0.54145616,3.51372790,12.24448395,1.71971774,-9.02671051,-8.14249802,7.18476963,-11.41966629,0.35621089,-11.20524883,6.01399851
0.00000000,-11.00126553,-3.64763117,-9.33169842,-1.72013760,5.80241489,-0.51027399,3.47971487,12.27427292,1.72489381,-8.98574543,-8.07657814,7.12631416,-11.45207024,0.35033116,-11.15689659,6.01525736
0.00000000,-11.02491474,-3.74781895,-9.36163712,-1.70978165,5.79904461,-0.56206089,3.42879820,12.28270817,1.69961977,-9.05263138,-8.07400894,7.14610863,-11.36682320,0.28769767,-11.21706295,5.99146271
0.00000000,-11.06603718,-3.63340616,-9.29003811,-1.69056582,5.78262615,-0.56857675,3.48266768,12.30698681,1.65442801,-9.08072376,-8.11564159,7.12893867,-11.43681717,0.29021883,-11.15403843,6.09650326
0.00000000,-11.19962978,-3.72768593,-9.40756702,-1.64740741,5.83932304,-0.55618715,3.60909343,12.35274506,1.73463583,-9.00123405,-8.17649364,7.22873306,-11.51469231,0.39497119,-11.29240417,6.01968336
0.00000000,-11.05318642,-3.67607117,-9.35550022,-1.65309811,5.85931015,-0.56972837,3.48673415,12.25858402,1.66001177,-9.06331921,-8.08190727,7.17206383,-11.49425316,0.34453851,-11.21741772,6.04402351
0.00000000,-11.03951645,-3.66859484,-9.32870483,-1.67186546,5.79862404,-0.55761468,3.59092021,12.20902634,1.63735986,-9.07398224,-8.15721035,7.12647533,-11.42368317,0.31046504,-11.18834114,6.05275154
0.00000000,-11.00778103,-3.66794205,-9.36452770,-1.67531002,5.79502296,-0.54560053,3.52625418,12.16552639,1.67621350,-8.96145153,-8.08747196,7.14727211,-11.36786079,0.34130719,-11.17562389,5.98669863
0.00000000,-11.07508373,-3.68730640,-9.30221081,-1.66612029,5.81630135,-0.58647341,3.53142643,12.23833370,1.72907853,-9.11734772,-8.11439514,7.18261433,-11.38203621,0.39376497,-11.22995758,6.03873014
0.00000000,-10.95872116,-3.73926401,-9.30426598,-1.65096021,5.88094807,-0.52668065,3.48460340,12.17399406,1.72155166,-9.04172897,-7.98222685,7.12751293,-11.36057472,0.37050667,-11.17665482,5.96462822
0.00000000,-10.89812088,-3.67527246,-9.35654736,-1.67342031,5.85691071,-0.57472116,3.47075725,12.13278008,1.63305235,-9.00574970,-8.01968765,7.10983276,-11.36520195,0.37099424,-11.12376118,5.97070980
0.00000000,-11.01223850,-3.66761208,-9.36179352,-1.66830540,5.77630424,-0.50175583,3.47268820,12.23130512,1.72245884,-9.07218647,-8.08190155,7.18292141,-11.44508743,0.35509342,-11.19737911,5.94629192
0.00000000,-11.07380962,-3.69179916,-9.43375874,-1.61338532,5.87502289,-0.55878478,3.55153370,12.32070351,1.77706289,-9.10583591,-8.21229649,7.17832947,-11.37275505,0.32835585,-11.21853638,6.01557493
0.00000000,-11.02018261,-3.69560528,-9.29060650,-1.65690374,5.79316807,-0.55344790,3.47298694,12.24207211,1.63920164,-9.15072823,-8.06004047,7.16711330,-11.42392540,0.32586485,-11.20134926,5.99839306
0.00000000,-11.17821407,-3.70276308,-9.44640446,-1.52951574,5.81285667,-0.57078952,3.62295198,12.39635563,1.75250268,-9.02915382,-8.16822052,7.21261120,-11.49123001,0.38712186,-11.28849792,6.02116346
0.00000000,-11.04031754,-3.72954798,-9.32281685,-1.64789438,5.79830170,-0.51974052,3.51224756,12.28993225,1.70557547,-9.11242867,-8.11038113,7.08905506,-11.43798637,0.31386438,-11.21492386,6.01945925
0.00000000,-11.02987671,-3.67912388,-9.35101509,-1.60293126,5.79734898,-0.52911150,3.46185422,12.22825718,1.68650365,-9.13083839,-8.01380730,7.11465740,-11.36693764,0.36895868,-11.23883247,6.03466845
0.00000000,-11.12851524,-3.68605089,-9.37613392,-1.66664553,5.79873562,-0.53986400,3.50336003,12.26860046,1.74158144,-9.12869930,-8.16267204,7.19027519,-11.46807289,0.33295050,-11.24857807,6.00078106
0.00000000,-11.16013527,-3.65626287,-9.44082069,-1.62737036,5.91669178,-0.59126598,3.61007977,12.40430546,1.68408108,-9.08957481,-8.21986103,7.15719318,-11.46781349,0.28886235,-11.27833176,6.06924009
0.00000000,-11.04483318,-3.68561220,-9.40868759,-1.62387896,5.84535885,-0.63890541,3.54101825,12.27664757,1.62714291,-9.04239941,-8.06678677,7.13814449,-11.42393875,0.33114523,-11.18158340,6.04416418
0.00000000,-11.09305763,-3.72469997,-9.33295822,-1.60730684,5.84393024,-0.64827263,3.54411244,12.27534008,1.70670915,-9.10222626,-8.08516502,7.15628052,-11.39366722,0.32540578,-11.22068310,6.04738712
0.00000000,-10.96158886,-3.72441149,-9.27640820,-1.71901298,5.84579372,-0.55076033,3.44923258,12.18816853,1.69102740,-9.02841759,-7.99418879,7.12235546,-11.43251419,0.34032053,-11.19003963,6.03041553
0.00000000,-10.98225021,-3.68837452,-9.32376575,-1.71326065,5.76907921,-0.50843883,3.46893430,12.19082546,1.62771106,-9.08598328,-8.09109211,7.19500732,-11.44850922,0.31842875,-11.08646774,6.02873898
0.00000000,-10.95980930,-3.60300159,-9.33301830,-1.72468519,5.79642296,-0.56811148,3.46900296,12.14443111,1.67709541,-9.07209682,-8.09561634,7.06063747,-11.36303711,0.29463756,-11.13259220,5.99455452
0.00000000,-11.02385330,-3.65911818,-9.27198124,-1.62145495,5.78452969,-0.50805694,3.50257754,12.20871258,1.65517783,-9.10189438,-8.03563118,7.12511063,-11.42248535,0.38898084,-11.13520050,5.98843908
0.00000000,-11.07981205,-3.66638947,-9.28816319,-1.66300642,5.85783863,-0.53828812,3.46314645,12.29262829,1.66975665,-9.10857010,-8.11738014,7.11964226,-11.46715355,0.35101157,-11.22209358,6.01841640
0.00000000,-11.05100441,-3.74742222,-9.32014656,-1.70438242,5.77820492,-0.53208828,3.51361609,12.21216774,1.67990661,-9.05581570,-8.06361961,7.09820747,-11.42984390,0.32776192,-11.20467854,5.96007490
0.00000000,-11.01817799,-3.61512709,-9.32963943,-1.67190194,5.78283691,-0.57717538,3.49215531,12.13859653,1.69641066,-9.01106453,-8.03392220,7.16125584,-11.35932922,0.37784564,-11.20578957,6.03439713
0.00000000,-11.08433628,-3.68174219,-9.35454369,-1.69845247,5.81895447,-0.60656524,3.49734139,12.33208656,1.70521593,-9.08159065,-8.11001015,7.22232246,-11.45705414,0.32458472,-11.19380856,6.08463049
0.00000000,-11.19489861,-3.65719223,-9.33420467,-1.65472484,5.79007435,-0.55750692,3.54396176,12.27257252,1.70103359,-9.06051064,-8.20816898,7.17867279,-11.45826149,0.42831656,-11.24571228,6.08749819
0.00000000,-10.92331696,-3.66267490,-9.30388355,-1.64687693,5.77997971,-0.55506921,3.56466699,12.20740414,1.62769532,-9.12994385,-8.14964390,7.15357876,-11.41359711,0.32719174,-11.13844872,5.99080992
0.00000000,-11.03770828,-3.71612644,-9.31323719,-1.71188378,5.78979588,-0.48195839,3.49871016,12.23274517,1.73670554,-9.04641342,-8.05263424,7.14776134,-11.49295998,0.33434635,-11.20208168,5.93568611
0.00000000,-11.00768185,-3.66406012,-9.26822376,-1.65895331,5.80541706,-0.56031913,3.46348023,12.23958111,1.66390562,-9.08392048,-8.07483387,7.14132977,-11.41038513,0.38445392,-11.18705177,5.98161507
0.00000000,-11.05440712,-3.68306589,-9.38299084,-1.57074380,5.81331921,-0.54796624,3.58129787,12.35170841,1.66566133,-9.16482735,-8.17905617,7.11298656,-11.43018532,0.30820620,-11.24030876,5.98779106
0.00000000,-11.06563377,-3.72458220,-9.35481930,-1.54706120,5.76248455,-0.59670961,3.53148818,12.35874748,1.72673392,-9.11962032,-8.17677689,7.14407539,-11.42897606,0.39965978,-11.15433407,6.03565264
0.00000000,-11.03382397,-3.68377876,-9.27583694,-1.66969645,5.79424381,-0.60820091,3.46036053,12.17715168,1.66713572,-9.05922222,-7.98814631,7.18440342,-11.37956619,0.32040453,-11.19360161,6.02459002
0.00000000,-10.99823761,-3.69110107,-9.30270386,-1.64122462,5.76087189,-0.59548265,3.53410292,12.26589012,1.63541102,-9.13612652,-8.10205555,7.11774540,-11.47315025,0.29073805,-11.17145443,6.04106092
0.00000000,-11.03820610,-3.68789482,-9.33984756,-1.63309538,5.78386784,-0.64472437,3.46027160,12.28606987,1.64423919,-9.11744308,-8.10618687,7.13766003,-11.43387032,0.36788896,-11.17562103,5.97856617
0.00000000,-11.05572605,-3.68550873,-9.33576393,-1.65065312,5.84720325,-0.55794364,3.51126814,12.23837280,1.68588185,-9.10049438,-8.11751842,7.11340714,-11.43256378,0.29472536,-11.22160339,5.97405767
0.00000000,-11.00632000,-3.69623756,-9.34604263,-1.63356423,5.83694267,-0.60191911,3.56764555,12.26224232,1.69271851,-9.00729275,-8.08213234,7.11478710,-11.42043114,0.37893131,-11.21414757,5.94504833
0.00000000,-11.06682110,-3.70094776,-9.33398819,-1.75629592,5.83492088,-0.59452730,3.49900889,12.18010807,1.63574576,-9.06794548,-8.02699471,7.20916271,-11.41339111,0.27600950,-11.23554897,6.03104448
0.00000000,-11.04955673,-3.67853832,-9.37933254,-1.59297323,5.78802490,-0.56077576,3.53686714,12.26008034,1.66844344,-9.05587196,-8.15336323,7.18539333,-11.45683479,0.31966126,-11.15770626,6.01433897
0.00000000,-11.04892540,-3.69814014,-9.44521141,-1.65353251,5.82331467,-0.56000912,3.58679175,12.25190926,1.73520947,-8.99699116,-8.09358120,7.17303658,-11.38688469,0.37713799,-11.27841568,5.97727346
0.00000000,-11.00978470,-3.67669678,-9.45492935,-1.65324616,5.83427429,-0.55809093,3.53355670,12.23786163,1.71081614,-9.03501034,-8.10161018,7.12637138,-11.40328217,0.35403126,-11.14794731,6.03256750
0.00000000,-11.07524586,-3.65642405,-9.39290047,-1.70772386,5.83917713,-0.57237613,3.55668569,12.11854935,1.71128535,-9.02281666,-8.09464073,7.15235806,-11.41119385,0.37733087,-11.24439144,6.06201363
0.00000000,-11.05102539,-3.69966745,-9.43336582,-1.68645215,5.83729172,-0.50875753,3.51286745,12.32333946,1.72078657,-9.09887218,-8.13220310,7.21697903,-11.44203758,0.29267198,-11.25109768,5.93659973
0.00000000,-11.01118755,-3.65748692,-9.38169575,-1.63130641,5.78557777,-0.56408793,3.47345233,12.27242851,1.67870545,-9.07281017,-8.04955864,7.17802048,-11.42399025,0.37207469,-11.16491890,5.96711969
0.00000000,-10.99958324,-3.68045139,-9.27412510,-1.68460298,5.80041695,-0.52887392,3.44597888,12.24263668,1.65184283,-9.06706715,-7.95570278,7.07332325,-11.37564850,0.33693072,-11.17061615,6.02729225
0.00000000,-11.01188087,-3.67192030,-9.36696625,-1.64490676,5.80759907,-0.58818418,3.52535319,12.24879265,1.68072295,-9.06824398,-8.03830528,7.18374348,-11.37381935,0.36714050,-11.21580696,5.96111965
0.00000000,-11.02272320,-3.63470745,-9.32111168,-1.64474952,5.79982090,-0.50006652,3.53840613,12.09512997,1.66290832,-9.03259659,-8.03618050,7.11197853,-11.39630699,0.35416842,-11.19102192,5.96907330
0.00000000,-11.11086559,-3.65104055,-9.32117081,-1.62186599,5.81815815,-0.51900280,3.55169559,12.25260258,1.70690751,-9.08374023,-8.14303112,7.17136669,-11.48300171,0.29402345,-11.25317192,6.03745174
0.00000000,-10.95023537,-3.64462185,-9.38360786,-1.67428112,5.77807426,-0.57789373,3.48544025,12.23305702,1.67258120,-9.05310535,-8.08121967,7.10799313,-11.40777397,0.33238447,-11.09475803,5.96742105
0.00000000,-10.99470043,-3.68857241,-9.35934639,-1.61363745,5.77110386,-0.51477504,3.47020721,12.25618172,1.64806437,-9.06821251,-8.12984085,7.09731674,-11.41178322,0.32323739,-11.12970352,5.91950083
0.00000000,-11.02408981,-3.68012857,-9.30482006,-1.65586114,5.79779434,-0.53225458,3.47285628,12.21376324,1.65536666,-9.05179787,-8.04976177,7.17255783,-11.44318008,0.30855739,-11.22192097,6.00138617
0.00000000,-11.03870296,-3.67417288,-9.39777088,-1.65495658,5.77066517,-0.56538379,3.49814677,12.28674126,1.67301273,-9.12438488,-8.05870438,7.12229443,-11.36871719,0.37082249,-11.18063736,6.01837111
0.00000000,-11.12743187,-3.67467308,-9.33025932,-1.65473473,5.82451439,-0.61654913,3.52706718,12.27192211,1.65140247,-9.06161404,-8.12476444,7.10641766,-11.43332481,0.40494022,-11.21562386,6.06041622
0.00000000,-11.00633049,-3.68794346,-9.26501179,-1.63223243,5.78643417,-0.59462202,3.46494198,12.28071213,1.63842511,-9.15751266,-8.16455078,7.15686226,-11.45779800,0.35996324,-11.17940235,6.00708103
0.00000000,-10.92240524,-3.65058613,-9.29311943,-1.63796413,5.78628159,-0.59868801,3.39934492,12.16153622,1.65294194,-9.00471592,-7.97363758,7.10713863,-11.39402580,0.33713567,-11.15080643,5.98561430
0.00000000,-10.97604752,-3.63910818,-9.30046272,-1.67644811,5.80547333,-0.56373084,3.48441720,12.16585064,1.65017247,-9.07057762,-8.03693485,7.05673695,-11.42014694,0.29955548,-11.16789913,6.09634447
0.00000000,-10.98637486,-3.68439007,-9.36051655,-1.68179357,5.81441498,-0.54230696,3.48747015,12.21740437,1.64249897,-9.10622692,-8.10177803,7.12492657,-11.48164368,0.27491468,-11.17798042,5.99690199
0.00000000,-10.97476292,-3.70967197,-9.30393600,-1.67004645,5.86954498,-0.57239896,3.55478907,12.21768761,1.64396405,-9.03946686,-8.06239796,7.15979099,-11.36195755,0.30431539,-11.20300293,6.01987505
0.00000000,-11.08641624,-3.66186333,-9.49384594,-1.62701678,5.88197994,-0.54982024,3.55355310,12.26564217,1.66199303,-9.13372326,-8.18583965,7.19582462,-11.50435257,0.35105163,-11.23944569,6.09073257
0.00000000,-11.06691837,-3.67873383,-9.33338737,-1.64737022,5.80826092,-0.54987317,3.48573661,12.21874809,1.64191747,-9.10824871,-8.04559994,7.19281292,-11.44838524,0.30277640,-11.23430157,5.99657583
0.00000000,-11.02525043,-3.69310045,-9.30121899,-1.68793893,5.79732609,-0.56298399,3.49232006,12.14599228,1.63451648,-9.08687210,-8.00015640,7.18785572,-11.40921021,0.29086655,-11.20066833,5.96775866
0.00000000,-11.06342220,-3.62931013,-9.29223537,-1.68167281,5.79948997,-0.48038685,3.42059350,12.23019218,1.65330815,-9.06171703,-8.04398441,7.14310169,-11.42889977,0.34833771,-11.18671799,5.99593878
0.00000000,-10.95687771,-3.73498678,-9.34491634,-1.66009021,5.78617382,-0.51621258,3.48878217,12.29720020,1.70332313,-9.05761051,-8.07278633,7.14183903,-11.46952820,0.37617344,-11.19208622,5.95440435
0.00000000,-11.00118256,-3.69491339,-9.35811424,-1.69330406,5.78828907,-0.55327934,3.54740667,12.24211121,1.68724895,-8.97310352,-8.09064388,7.12636566,-11.46682167,0.31736147,-11.19937325,6.02009821
0.00000000,-10.94293118,-3.61712790,-9.33241463,-1.69006085,5.75778484,-0.54617083,3.46851873,12.15345287,1.64764142,-9.03209400,-8.03446388,7.10223103,-11.39718819,0.35224670,-11.10837841,6.00018549
0.00000000,-10.98163319,-3.63849306,-9.31197262,-1.69742155,5.73988056,-0.57535881,3.45387077,12.22310162,1.63490033,-9.08460331,-8.05029106,7.13031483,-11.43039513,0.29347450,-11.17844486,6.07784700
0.00000000,-10.98791409,-3.69540596,-9.31238461,-1.68563294,5.78830910,-0.54421538,3.45463657,12.19206142,1.64115024,-9.04057884,-8.06798458,7.06579971,-11.39942551,0.33222929,-11.15643597,6.00221777
0.00000000,-11.03763962,-3.68471098,-9.46149635,-1.64860237,5.83247566,-0.55872756,3.50903106,12.28554440,1.70249271,-9.10473919,-8.09148407,7.19646740,-11.38201714,0.27713668,-11.22331715,6.02906322
0.00000000,-10.98401928,-3.65183353,-9.33090687,-1.70153546,5.74848747,-0.59078586,3.50378275,12.24137211,1.66683841,-9.06602955,-8.04794788,7.09201813,-11.43255424,0.27789265,-11.13043690,6.05056953
0.00000000,-11.03455067,-3.68673801,-9.33011627,-1.68174911,5.79740620,-0.58499557,3.47014141,12.16979790,1.74979949,-9.01248169,-7.97997904,7.20501518,-11.41422844,0.34153840,-11.28464699,5.96507025
0.00000000,-10.96765995,-3.73136854,-9.33407974,-1.74356222,5.76853371,-0.50433451,3.54870296,12.21628952,1.69667697,-9.00373363,-8.07956600,7.10848904,-11.38707542,0.31915015,-11.16605663,5.90022135
0.00000000,-11.06105232,-3.69445944,-9.40535069,-1.67312574,5.73532486,-0.58805674,3.55387044,12.36485481,1.72817183,-9.05130196,-8.18178940,7.14841938,-11.45175362,0.29467171,-11.15431309,5.97210264
0.00000000,-11.02478027,-3.68236732,-9.31045532,-1.66724539,5.87739944,-0.55557293,3.45613766,12.27502441,1.68271875,-9.05872536,-8.10287285,7.19602776,-11.36816216,0.31708965,-11.15702248,5.98999977
0.00000000,-10.93960571,-3.68357992,-9.29688931,-1.75456524,5.71976280,-0.53376901,3.50992346,12.13238049,1.70196199,-9.04101753,-8.02916336,7.18740559,-11.42517853,0.29675770,-11.16259003,5.94625759
0.00000000,-11.01149273,-3.69982386,-9.39008904,-1.70373797,5.79175949,-0.55573159,3.47385073,12.26729870,1.71763587,-9.05629158,-8.13366604,7.14230824,-11.43164253,0.31375301,-11.19816780,6.00380373
0.00000000,-11.01141739,-3.68139410,-9.43778229,-1.72885871,5.80411816,-0.58374333,3.48312163,12.20780945,1.63650513,-9.07756996,-8.07965469,7.15268421,-11.39624596,0.29690045,-11.13485241,5.96977282
0.00000000,-11.06247616,-3.66361380,-9.45529556,-1.69699073,5.80894852,-0.52596432,3.56101537,12.21826839,1.71789026,-8.98974609,-8.10369015,7.17951107,-11.39131737,0.31942654,-11.23645973,5.99251318
0.00000000,-11.05480766,-3.68526602,-9.35909653,-1.64233279,5.73698044,-0.47276616,3.52184057,12.25600910,1.69064140,-9.01553726,-8.04658127,7.16016579,-11.49179268,0.40347788,-11.26701164,5.95816708
0.00000000,-11.10785961,-3.74283123,-9.35914135,-1.66430330,5.82125950,-0.54758477,3.55377197,12.28928757,1.67739892,-9.07327461,-8.18300915,7.16936779,-11.45783997,0.25780940,-11.27902985,5.97986650
0.00000000,-10.95393848,-3.66095877,-9.20375633,-1.68690300,5.76712799,-0.57479525,3.48675513,12.17518330,1.67209840,-9.07348824,-8.11309624,7.09320354,-11.42184067,0.36036339,-11.12243652,5.94945431
0.00000000,-11.08168030,-3.72188807,-9.42339993,-1.62999892,5.86768818,-0.56779736,3.57145643,12.29285717,1.72261596,-9.03002644,-8.14965916,7.15913010,-11.44871140,0.34945855,-11.17702866,6.01703405
0.00000000,-11.03132629,-3.64993095,-9.37100315,-1.67080641,5.76759529,-0.56230068,3.48926425,12.28857231,1.67785883,-9.11398411,-8.12010479,7.14506435,-11.43847275,0.32028353,-11.19988537,5.99253464
0.00000000,-11.17088985,-3.65205383,-9.40045357,-1.63112640,5.82525349,-0.55572945,3.56264877,12.35044575,1.74080181,-9.09143829,-8.13768673,7.18468857,-11.47526360,0.37975255,-11.25276947,6.01104689
0.00000000,-11.16521645,-3.66848850,-9.29722500,-1.66743219,5.79664803,-0.56827652,3.48185110,12.20685673,1.70424604,-9.11227226,-8.15268803,7.25069714,-11.46382904,0.35076571,-11.23973179,6.06402397
1.00000000,-11.53761196,-3.72192240,-9.65821171,-1.32742453,6.05488873,-0.69896847,3.70703745,12.69299793,1.73321581,-9.07267380,-8.58541489,7.29196167,-11.50663376,0.33917111,-11.68776512,6.06120300
1.00000000,-11.61822224,-3.99123573,-9.54256916,-1.27133489,5.96956253,-0.69452590,3.81660438,12.70802498,1.79897642,-8.97315216,-8.57772255,7.28580666,-11.61198044,0.28811634,-11.54671001,6.10578918
1.00000000,-11.49694633,-3.80301905,-9.55234718,-1.31956136,5.84979248,-0.63504088,3.80213690,12.65134811,1.71058273,-9.04678154,-8.45579624,7.39340115,-11.60125732,0.37276325,-11.58889008,6.05164099
1.00000000,-11.39523888,-3.92191839,-9.43098068,-1.25577641,5.93965912,-0.72240859,3.67359090,12.57972336,1.74174976,-8.98228264,-8.44553757,7.20762062,-11.61935806,0.40456650,-11.58235359,5.98588181
1.00000000,-11.44536018,-3.78143692,-9.39799404,-1.32973003,5.75439644,-0.63204575,3.73073769,12.50414371,1.73560572,-9.05954075,-8.42981529,7.26076126,-11.54170418,0.34816098,-11.51617622,5.92425299
1.00000000,-11.67744350,-3.93541193,-9.59871197,-1.25295925,5.97270107,-0.76788676,3.89421988,12.90295792,1.96680641,-8.94751263,-8.63430119,7.36464405,-11.71135330,0.41375765,-11.71660805,6.04594612
1.00000000,-11.47261238,-3.78190613,-9.63623047,-1.28335619,5.87844849,-0.67911452,3.80536222,12.66907597,1.69183707,-9.07677078,-8.30077553,7.16050243,-11.44254112,0.30781496,-11.76671314,5.98342323
1.00000000,-11.34760857,-3.87676859,-9.50928497,-1.35559940,5.96477890,-0.68896008,3.66982269,12.61076069,1.82693648,-9.01300430,-8.47695541,7.14052677,-11.54497719,0.27281591,-11.57527828,5.89550209
1.00000000,-11.37060452,-3.87828875,-9.59417248,-1.39031982,5.84651852,-0.68357658,3.82402611,12.66845798,1.76183176,-9.18753815,-8.43406391,7.26326370,-11.61612511,0.36455357,-11.64174938,6.02828169
1.00000000,-11.49210930,-4.04237223,-9.58064747,-1.29496837,5.92546558,-0.81861097,3.77384496,12.76742268,1.89197922,-8.87497425,-8.46395779,7.15897465,-11.52534676,0.35824698,-11.63414001,6.15487051
1.00000000,-11.45839596,-3.84757614,-9.64138985,-1.29630828,5.93229580,-0.63124114,3.87183142,12.78253460,1.87327409,-9.01826096,-8.52292824,7.21631050,-11.61174393,0.40188554,-11.78476810,6.01446152
1.00000000,-11.49989986,-3.83932018,-9.49790382,-1.38875008,5.80944824,-0.55040079,3.78404093,12.60764313,1.80087733,-8.94663715,-8.49010277,7.32750130,-11.55830574,0.38114703,-11.55472279,6.03988218
1.00000000,-11.50976467,-3.72243595,-9.52114964,-1.41664946,6.02924824,-0.58983183,3.89061689,12.54045773,1.72724390,-8.91806316,-8.59676647,7.14805889,-11.43912888,0.22435570,-11.73336220,6.05532074
1.00000000,-11.59447289,-3.86509800,-9.50245380,-1.33302689,5.86809444,-0.59719688,3.71566272,12.64438629,1.72313261,-9.12040710,-8.55647659,7.16827869,-11.47666740,0.31119153,-11.60721207,6.08409643
1.00000000,-11.34877872,-3.86562729,-9.53768826,-1.31902349,5.99416065,-0.73692322,3.82836699,12.57234955,1.82836556,-9.08824921,-8.45163345,7.28351021,-11.52673721,0.43476045,-11.67498589,5.92576885
1.00000000,-11.48194790,-3.83547306,-9.61172104,-1.29425001,5.97021294,-0.72521812,3.86244297,12.70582485,1.85068774,-9.00853062,-8.56404114,7.16167927,-11.57088470,0.32213396,-11.49850559,5.99607515
1.00000000,-11.42189884,-3.90325356,-9.49060917,-1.24258125,5.94670010,-0.62087774,3.82547259,12.78069496,1.86651754,-9.11894894,-8.62762070,7.37643528,-11.58041191,0.37199524,-11.33313084,6.08084059
1.00000000,-11.41661453,-3.68655109,-9.35121155,-1.37470686,5.83982754,-0.72784793,3.72479558,12.56061935,1.75706863,-9.10828781,-8.33933163,7.26926136,-11.44869995,0.37464732,-11.43371296,6.11873770
1.00000000,-11.47784424,-3.81023741,-9.58455086,-1.21586752,5.88891602,-0.81229627,3.81162906,12.72395706,1.74721408,-8.96361160,-8.47470760,7.28223801,-11.52490997,0.38294247,-11.63822174,6.02357435
1.00000000,-11.45899963,-3.77243042,-9.65579033,-1.37855077,6.00443172,-0.72414136,3.61178112,12.68822765,1.77977777,-9.01961136,-8.49626255,7.21983814,-11.48142624,0.35435638,-11.66919422,5.93462467
1.00000000,-11.57214260,-3.88082170,-9.62849426,-1.24956179,6.01743698,-0.69658411,3.88976002,12.76973915,1.68525577,-9.00108814,-8.55123043,7.35327148,-11.59718132,0.35898450,-11.56921005,6.09547424
1.00000000,-11.66047859,-3.82372522,-9.53277206,-1.44159055,5.90643692,-0.61882997,3.91550612,12.57191944,1.83678651,-9.09697819,-8.31766796,7.09723568,-11.50702667,0.32367674,-11.60252476,6.29617357
1.00000000,-11.56859589,-3.80103636,-9.50807953,-1.42163253,5.91629601,-0.77838719,3.77189136,12.74805260,1.77694607,-9.09224129,-8.38997459,7.17981339,-11.61152458,0.30945823,-11.57887840,6.03189993
1.00000000,-11.47101021,-3.74278927,-9.45606136,-1.41705954,5.85516644,-0.76770717,3.80140948,12.52626133,1.72323918,-9.04366302,-8.51552677,7.27146339,-11.52929688,0.42052749,-11.55185604,6.02817917
1.00000000,-11.61680698,-3.82874155,-9.56642723,-1.26967406,6.03782749,-0.60757905,3.81310678,12.69149876,1.73930001,-9.09999943,-8.45425129,7.29376984,-11.56043434,0.25231111,-11.56351471,6.06016445
1.00000000,-11.56225491,-3.78516483,-9.55369759,-1.35525608,6.00752926,-0.63193357,3.85408831,12.71223068,1.74266410,-9.16592979,-8.42052174,7.15995216,-11.50469971,0.45567274,-11.53791904,6.13319206
1.00000000,-11.47242737,-3.79042053,-9.56779480,-1.27051127,6.01467228,-0.73765779,3.81851554,12.68446636,1.63923240,-9.06557369,-8.54948616,7.22459602,-11.46799660,0.29739302,-11.60431767,5.94707489
1.00000000,-11.56158829,-3.86782503,-9.56604576,-1.42506289,5.96418190,-0.59314865,3.82004452,12.56582260,1.77321482,-9.05131912,-8.38260937,7.20217896,-11.42457581,0.38332897,-11.68196487,6.14488745
1.00000000,-11.31385803,-3.70496607,-9.31629086,-1.31223559,5.80566406,-0.54663974,3.57520390,12.45870972,1.77298331,-9.11609459,-8.33223820,7.30927467,-11.51190186,0.39608818,-11.52014256,6.06667233
1.00000000,-11.47472954,-3.89722776,-9.51199341,-1.30914760,5.83013535,-0.63624436,3.69678068,12.67562389,1.85874319,-8.85733032,-8.55116177,7.20579338,-11.48164558,0.33802056,-11.56189537,6.07943010
1.00000000,-11.43073368,-3.87692642,-9.43130875,-1.44659734,5.90443897,-0.57172078,3.67145586,12.52577305,1.77950335,-9.04841805,-8.45438194,7.35392570,-11.58363152,0.27223587,-11.46883678,6.01852274
1.00000000,-11.69044876,-3.80343103,-9.56050014,-1.34921861,5.85018063,-0.73907834,3.76067829,12.68770218,1.75038505,-9.16605568,-8.60954475,7.31704903,-11.52750969,0.16603874,-11.71528053,6.06279707
1.00000000,-11.47140694,-3.86220980,-9.42591858,-1.25686514,6.00944042,-0.71547496,3.72410536,12.65618896,1.61684680,-8.93719292,-8.56117535,7.26310253,-11.52933502,0.35843888,-11.57994652,6.05720997
1.00000000,-11.56891727,-3.80742598,-9.60806656,-1.27539396,5.82441330,-0.75239038,3.85094452,12.45222187,1.77972031,-9.04355526,-8.44921589,7.33900547,-11.60847664,0.31262138,-11.68102074,6.00145197
1.00000000,-11.40231609,-3.78004360,-9.53701305,-1.26764536,5.97908783,-0.62858492,3.72693920,12.76513767,1.85148859,-9.23792839,-8.39597988,7.26837921,-11.44180298,0.36104214,-11.59023476,6.08400822
1.00000000,-11.68789196,-3.97176504,-9.64749718,-1.29133058,6.04212761,-0.72237754,3.77638340,12.92080021,1.98395181,-8.94768906,-8.62255955,7.33772278,-11.62834740,0.48947540,-11.60225582,6.08113289
1.00000000,-11.45514679,-3.76804161,-9.56090355,-1.41095185,5.90492153,-0.62350649,3.79770422,12.64597511,1.80526638,-9.06235886,-8.36697674,7.24716187,-11.61975479,0.41868886,-11.71232033,6.10194683
1.00000000,-11.67181969,-3.86188650,-9.59548855,-1.17708421,5.84785938,-0.57781994,3.89643669,12.71364212,2.00675678,-9.04698563,-8.45300198,7.35327244,-11.49144363,0.41212901,-11.70045853,6.03883028
1.00000000,-11.59996510,-3.91476870,-9.40967178,-1.35687602,6.01083851,-0.61015332,3.79138088,12.77373981,1.83267975,-8.95445156,-8.53212738,7.14597607,-11.56454468,0.41612726,-11.71684647,6.13579226
1.00000000,-11.32399082,-3.90712214,-9.37402344,-1.43504858,5.82736778,-0.66324687,3.69980359,12.61417007,1.73641825,-9.01856709,-8.35543823,7.16728783,-11.50231552,0.34116834,-11.53653336,5.97672176
1.00000000,-11.63740826,-3.82112932,-9.58293533,-1.27222836,6.06672573,-0.61617583,3.91846228,12.78025723,1.85337114,-9.14332867,-8.57361984,7.16864395,-11.68493462,0.35548586,-11.77137661,6.14083910
1.00000000,-11.43173790,-3.81566572,-9.40653801,-1.27467895,5.97377205,-0.65875894,3.88946342,12.68562698,1.71876311,-9.07388973,-8.55931568,7.14508533,-11.56418991,0.45101237,-11.59054565,6.01574802
1.00000000,-11.40411758,-3.84358358,-9.43343258,-1.39570880,5.90672302,-0.74141568,3.77135134,12.59675217,1.66761756,-8.96229553,-8.49033356,7.24414158,-11.48995590,0.38863233,-11.54713917,6.02677345
1.00000000,-11.46977329,-3.85107994,-9.41828442,-1.40403700,5.95578575,-0.78315884,3.72242999,12.51794052,1.68568373,-9.10967445,-8.42796803,7.18868732,-11.48679161,0.31397173,-11.60093689,6.19438934
1.00000000,-11.42678452,-3.81544638,-9.44190693,-1.37222755,5.84231853,-0.58370191,3.77540994,12.64345360,1.72307348,-9.04908180,-8.36227226,7.28013611,-11.73669434,0.35006273,-11.43902588,5.93880415
1.00000000,-11.46089745,-3.82566547,-9.59941483,-1.34676838,5.99961376,-0.56608135,3.87895823,12.67234039,1.88100147,-8.94442463,-8.36929035,7.23800468,-11.46832657,0.39247540,-11.56086826,6.09033251
1.00000000,-11.31766701,-3.73923922,-9.44653606,-1.40225637,5.95051098,-0.66782218,3.69500232,12.54564857,1.68457508,-9.07034016,-8.34927750,7.23949337,-11.47890472,0.23938051,-11.47884750,6.01027298
1.00000000,-11.48837376,-3.90460730,-9.57241631,-1.33247042,5.84443378,-0.64582103,3.82306170,12.84322453,1.92892218,-9.00149250,-8.54965210,7.14457893,-11.55381203,0.34306481,-11.65485477,6.05963469
1.00000000,-11.70187092,-3.85414171,-9.45863438,-1.23528767,5.80948162,-0.67157471,3.80256939,12.63995743,1.74113083,-9.17206287,-8.59540272,7.31936359,-11.63802147,0.39729762,-11.75640965,6.12638426
1.00000000,-11.57027912,-3.86447477,-9.63259029,-1.21470857,5.94004917,-0.77703774,3.88532591,12.75551605,1.72510195,-9.04239178,-8.49954510,7.11496925,-11.61896515,0.31504732,-11.66230583,5.99954796
1.00000000,-11.59920120,-3.89410305,-9.64279366,-1.18107629,6.00384045,-0.62650484,4.01812172,12.73848057,1.83141470,-9.15592861,-8.56468582,7.34912682,-11.61054039,0.40225917,-11.74377441,6.00437975
1.00000000,-11.32107639,-4.06268740,-9.40521336,-1.32123804,5.83485413,-0.61958718,3.77043629,12.58982563,2.03131795,-9.02355289,-8.48327160,7.26731682,-11.56083679,0.34539664,-11.57630157,6.01070118
1.00000000,-11.39040661,-3.64433432,-9.36172867,-1.40310049,5.97134972,-0.73271233,3.76634026,12.47801399,1.76993322,-8.98370075,-8.44319820,7.24004459,-11.41176796,0.35544458,-11.63701439,6.30992460
1.00000000,-11.66182709,-3.98164415,-9.42941093,-1.15250850,5.97752476,-0.59809852,4.03799438,12.86546040,1.83002520,-9.08837414,-8.52954292,7.27763939,-11.65823174,0.42770886,-11.71716690,5.96996212
1.00000000,-11.40628529,-3.85756922,-9.50986671,-1.39432514,5.89798546,-0.68486452,3.72420716,12.68129635,1.81162715,-9.06060791,-8.45840168,7.25660992,-11.51529503,0.37194058,-11.51782036,6.09412336
1.00000000,-11.41353893,-3.81388998,-9.49913692,-1.32742429,5.98922825,-0.76699990,3.82011318,12.72225094,1.85538816,-8.96192932,-8.41651917,7.20725822,-11.51603317,0.30766216,-11.57529068,6.06909704
1.00000000,-11.24887371,-3.86812973,-9.46143055,-1.41080880,5.84241486,-0.60574985,3.76757836,12.38525295,1.79789329,-8.89065266,-8.46597385,7.34039307,-11.36832047,0.40638378,-11.42385674,5.96666002
1.00000000,-11.86510181,-4.05436230,-9.62216663,-1.12531841,5.92956829,-0.72438037,4.07270336,12.89649296,1.95140719,-9.06193066,-8.80662441,7.60604668,-11.67298126,0.29002464,-11.66907024,6.08120823
1.00000000,-11.43751144,-3.75167656,-9.61058807,-1.36498570,5.85929298,-0.78064090,3.83052754,12.59523296,1.67646909,-8.99205494,-8.45048523,7.21880054,-11.61135864,0.34326410,-11.72348213,5.87820721
1.00000000,-11.34691143,-3.89025593,-9.41801167,-1.34389985,5.94671822,-0.60265952,3.71789932,12.54556751,1.82864761,-9.08671951,-8.32351971,7.07147503,-11.52434158,0.40671861,-11.51152611,6.03410673
1.00000000,-11.43443871,-3.85204935,-9.48602390,-1.28627443,6.00009155,-0.67857140,3.85347271,12.74088478,1.72635508,-8.92534447,-8.48935223,7.18226433,-11.63691711,0.23681350,-11.64854240,5.97981739
1.00000000,-11.50419044,-3.76003504,-9.33990860,-1.35328615,5.96988010,-0.62030023,3.74282598,12.58669376,1.70364022,-8.90183353,-8.43557549,7.30172920,-11.53112221,0.54200685,-11.58927822,5.99041653
1.00000000,-11.54506493,-3.82484722,-9.55297470,-1.30146289,5.88726521,-0.70538956,3.88027358,12.81237698,1.86186337,-9.00704288,-8.43834019,7.13584042,-11.55268288,0.25465104,-11.61685848,6.00940084
1.00000000,-11.45862103,-3.84695864,-9.45029640,-1.33346462,5.83389282,-0.70797509,3.83942223,12.75746632,1.74737763,-8.95329571,-8.65632248,7.32227230,-11.54334450,0.29712188,-11.59715462,6.10258484
1.00000000,-11.49844742,-3.86527586,-9.54121208,-1.38374209,5.94132805,-0.73644692,3.75995350,12.70450783,1.68749809,-8.80140877,-8.55870819,7.13741589,-11.60302925,0.24524854,-11.65369034,6.08784151
1.00000000,-11.54600048,-3.84569311,-9.59708595,-1.20713949,5.95254993,-0.70767206,3.76817918,12.68998814,1.72108030,-9.10478020,-8.44970989,7.26065636,-11.60624313,0.13240959,-11.67490005,6.05307531
1.00000000,-11.43715000,-3.87105179,-9.60575485,-1.37539244,5.78271961,-0.69998854,3.88262677,12.52712536,1.80019116,-9.04229355,-8.45255089,7.30146885,-11.46724510,0.43147278,-11.53081512,6.17269611
1.00000000,-11.48611259,-3.84250116,-9.49597454,-1.37701654,5.75153923,-0.58181119,3.80417562,12.72550106,1.87003636,-8.95914936,-8.47821808,7.11953163,-11.37330437,0.28854272,-11.53573704,6.17239094
1.00000000,-11.57316494,-3.80009508,-9.48641777,-1.31948316,5.82240582,-0.72800577,3.83753920,12.70237446,1.68357992,-8.86306095,-8.34377480,7.22800350,-11.58142471,0.40068787,-11.69725990,5.92440367
1.00000000,-11.56667328,-3.83430195,-9.37034893,-1.32214546,5.94000435,-0.74784648,3.71061850,12.79103756,1.66033578,-9.03727436,-8.52002525,7.38281345,-11.67388916,0.35666305,-11.54573154,5.99591064
1.00000000,-11.53044987,-3.69212055,-9.67731190,-1.35503697,5.84213066,-0.63458908,3.90379810,12.70656300,1.87468743,-9.15281010,-8.47920609,7.31593990,-11.63499451,0.50766504,-11.64562416,5.91562128
1.00000000,-11.34537792,-3.80450487,-9.58626080,-1.44587576,5.85128498,-0.66355532,3.85512948,12.68252277,1.80131578,-9.20573044,-8.34547710,7.22301674,-11.44473457,0.41119120,-11.55159187,6.12480593
1.00000000,-11.52995872,-4.00814104,-9.59137440,-1.21684337,5.92260933,-0.58015591,3.80743051,12.90335751,1.90635777,-9.05343342,-8.71158504,7.38657284,-11.69851875,0.40820810,-11.59296322,6.00634527
1.00000000,-11.52104378,-3.86221695,-9.38545322,-1.41947007,5.91921425,-0.72913951,3.82163453,12.72693729,1.66756630,-9.04479027,-8.52641964,7.25024033,-11.52151489,0.37917987,-11.57047272,6.12044144
1.00000000,-11.47984505,-3.75168848,-9.52286816,-1.33904958,6.05282974,-0.74110889,3.72102118,12.54120350,1.74575305,-9.11589813,-8.40465450,7.19060135,-11.53267670,0.30083835,-11.55959797,6.09275866
1.00000000,-11.49627781,-3.82238150,-9.44264412,-1.24735641,5.77158737,-0.67340028,3.75962567,12.73323059,1.69394374,-8.97234726,-8.60198212,7.23607159,-11.47406769,0.34717578,-11.55409908,5.99971867
1.00000000,-11.56414700,-3.83577633,-9.60095215,-1.31438065,6.01885700,-0.67843431,3.83888149,12.69790649,1.82126999,-9.03793049,-8.41655731,7.12872505,-11.43948174,0.29071331,-11.66785240,6.06905174
1.00000000,-11.38226414,-3.78402424,-9.51070976,-1.38846183,5.96762943,-0.68655366,3.76254368,12.53149605,1.73716927,-9.06534481,-8.41654682,7.22025681,-11.61289597,0.30896336,-11.54231644,5.97513723
1.00000000,-11.60441780,-3.95494413,-9.69279480,-1.33669710,5.87056160,-0.74328369,3.95044518,12.77823353,1.79148722,-9.02088928,-8.45765305,7.37351036,-11.61237526,0.45116818,-11.57703304,6.00496578
1.00000000,-11.47479439,-3.78326082,-9.45251465,-1.47125173,5.95636177,-0.62756127,3.64340019,12.46091557,1.62211537,-9.12886238,-8.27603626,7.16138172,-11.59664154,0.37021002,-11.52081490,6.12930822
1.00000000,-11.92662716,-3.95106602,-9.52712917,-1.18320799,5.94128895,-0.70316100,3.90373445,12.75830555,1.84955931,-9.17614079,-8.66146564,7.30207253,-11.64115524,0.35996598,-11.86132050,6.24109936
1.00000000,-11.47822857,-3.78809881,-9.43542862,-1.44655275,5.93640614,-0.77054983,3.74021697,12.57924843,1.67274714,-9.07343578,-8.40787315,7.26186562,-11.60614586,0.25587559,-11.64111900,6.14577532
1.00000000,-11.58545208,-3.82509422,-9.38077641,-1.24512792,5.95962429,-0.78039348,3.72606993,12.48309231,1.64439201,-9.00814152,-8.69464493,7.39053917,-11.48604393,0.38074854,-11.54546928,6.04924250
1.00000000,-11.42057037,-3.95906925,-9.52202702,-1.37268043,5.83638287,-0.67612880,3.81068754,12.63009453,1.86609507,-9.12095928,-8.37297344,7.38895035,-11.53072548,0.28431100,-11.57307148,5.94182777
1.00000000,-11.38298225,-3.84618425,-9.59707642,-1.36534226,5.97122002,-0.67264700,3.79451489,12.58086872,1.65296793,-9.08744526,-8.41360092,7.27895927,-11.52396202,0.30210423,-11.39079380,5.98107958
1.00000000,-11.77847195,-3.79538727,-9.57757950,-1.25093627,6.07549953,-0.78522229,3.82072282,12.68423843,1.73636127,-8.99456978,-8.51888657,7.25787544,-11.73342705,0.30619481,-11.79595852,6.16894960
1.00000000,-11.28861809,-3.73370171,-9.30184364,-1.45486999,5.86598587,-0.62382561,3.62315345,12.54053688,1.61880779,-9.05713749,-8.29906082,7.12654495,-11.47052002,0.35729629,-11.44445705,6.15378857
1.00000000,-11.43041229,-3.75185108,-9.44030094,-1.27254963,5.88962841,-0.68890804,3.83576107,12.50684261,1.76291275,-8.92190170,-8.41233540,7.20076180,-11.59282684,0.27793193,-11.59373379,5.98646402
1.00000000,-11.46092510,-3.86757946,-9.38854504,-1.30681038,5.96043205,-0.76685870,3.76109648,12.64597034,1.77506089,-9.07639027,-8.47577095,7.26889515,-11.50833130,0.41734484,-11.53427124,6.08351231
1.00000000,-11.60646439,-3.80214882,-9.58110619,-1.18774247,5.99573517,-0.66189718,3.89064550,12.71167946,1.81199193,-8.90542793,-8.47647762,7.24802017,-11.61291313,0.27452075,-11.74051952,6.11225319
1.00000000,-11.34770107,-3.76144648,-9.51605320,-1.37667131,6.01083946,-0.60123307,3.81074905,12.45924187,1.75235271,-9.00213623,-8.32612610,7.23013210,-11.50873375,0.36706102,-11.56341362,6.13396215
1.00000000,-11.52638245,-3.75719213,-9.48862076,-1.29962361,5.97366714,-0.77824748,3.72788358,12.65832233,1.64736581,-8.96535110,-8.46478462,7.14885902,-11.54405022,0.38340428,-11.53332233,6.25185251
1.00000000,-11.37957096,-3.72952366,-9.58046341,-1.21028304,5.83545208,-0.65037704,3.86147523,12.50788307,1.75813484,-9.10942650,-8.49180794,7.35487652,-11.60515594,0.25593710,-11.49842548,5.98450565
1.00000000,-11.67108917,-3.78162527,-9.57542324,-1.32988048,6.00722122,-0.63390040,3.93815708,12.74295712,1.82234645,-9.04444599,-8.68192768,7.40913963,-11.67266846,0.29453328,-11.57374001,6.11038542
1.00000000,-11.62775421,-3.78314209,-9.64672089,-1.23000574,6.00977039,-0.83367008,3.83151102,12.73049164,1.79714823,-9.13405418,-8.58313274,7.29470444,-11.52185249,0.22781231,-11.68320465,5.97463465
1.00000000,-11.50082970,-3.82603788,-9.44602394,-1.30862260,5.73215008,-0.74421597,3.86127019,12.56665707,1.85125017,-9.06796837,-8.53803635,7.31581688,-11.55889130,0.28727502,-11.71525860,6.11952543
1.00000000,-11.63658237,-3.75731945,-9.42527008,-1.31678796,5.80325317,-0.65243387,3.75513315,12.67096996,1.81159306,-9.10534000,-8.41407204,7.29274940,-11.55588341,0.37814406,-11.55101109,6.15062094
1.00000000,-11.66998672,-3.79003382,-9.61447239,-1.25582290,5.91899681,-0.72352993,3.90744567,12.50451756,1.77721429,-9.04489899,-8.47810841,7.33185196,-11.56965256,0.38776007,-11.82507706,6.11241579
1.00000000,-11.43634224,-3.95645905,-9.55452824,-1.39876497,5.95270348,-0.60291564,3.87484503,12.81540108,1.96556067,-9.04353333,-8.49755287,7.30632114,-11.57143021,0.35621232,-11.57188606,6.10381794
1.00000000,-11.44585419,-3.83301544,-9.52540684,-1.43260813,6.00795460,-0.56742042,3.70326686,12.68590927,1.79404020,-9.02623272,-8.40493202,7.24599838,-11.63480186,0.26145804,-11.42333412,5.97789240
1.00000000,-11.23287773,-3.79047060,-9.42889977,-1.52963388,5.87832642,-0.66908091,3.70709372,12.37105751,1.71808910,-8.97134304,-8.29147816,7.25332451,-11.47775841,0.45892239,-11.35014725,6.05833483
1.00000000,-11.44724941,-3.84907007,-9.50877380,-1.37250948,5.82474518,-0.58743864,3.81778908,12.74246979,1.79155135,-9.02491093,-8.44463921,7.21146488,-11.53115082,0.32515323,-11.55762863,6.12147093
1.00000000,-11.35259056,-3.79624796,-9.52393246,-1.43567848,6.02471352,-0.62132794,3.75518799,12.54618263,1.83323860,-9.02185154,-8.41477203,7.14465618,-11.59111977,0.21245576,-11.54098129,6.04390717
1.00000000,-11.64527893,-3.82568550,-9.40713024,-1.31725550,5.78962898,-0.62757200,3.81529665,12.73289871,1.74935079,-9.03576756,-8.57842541,7.34831905,-11.57389832,0.25208569,-11.58112526,6.14383411
1.00000000,-11.43673229,-3.79619789,-9.41353512,-1.45504546,5.92159462,-0.67866552,3.67745233,12.47915840,1.56330061,-9.09978008,-8.41883850,7.29969883,-11.51154900,0.35238871,-11.54146385,6.05650234
1.00000000,-11.33100510,-3.76507854,-9.63922215,-1.37125158,5.87571621,-0.69550610,3.76642299,12.71416187,1.65688181,-8.96201134,-8.46494389,7.31646538,-11.60805702,0.36031872,-11.63101578,5.88594770
1.00000000,-11.55992603,-3.70774269,-9.44745731,-1.35703206,5.98301029,-0.70021832,3.78426981,12.75381756,1.90551901,-8.95359421,-8.44225788,7.17241573,-11.55940056,0.37275037,-11.70082664,6.04303360
1.00000000,-11.58466339,-3.78033018,-9.46054173,-1.36440504,5.91015053,-0.79575974,3.75082827,12.48315525,1.75021935,-9.03781033,-8.49888706,7.22821999,-11.42217445,0.30743340,-11.67758656,6.17383194
1.00000000,-11.57758522,-3.68806553,-9.60036659,-1.32445574,5.86497879,-0.60597771,3.85497904,12.78836536,1.80709648,-9.14558792,-8.36737347,7.26071739,-11.58656693,0.35783601,-11.67897129,5.84284353
1.00000000,-11.40209866,-3.85428905,-9.44960117,-1.34456611,6.01327133,-0.72954100,3.72123051,12.61980629,1.69512010,-9.05759716,-8.36523724,7.19329071,-11.52547836,0.35260341,-11.65577602,6.02575207
1.00000000,-11.47704411,-3.89264965,-9.53929329,-1.33288598,5.90520859,-0.69880366,3.72507191,12.66369057,1.84287524,-9.02293015,-8.49975872,7.32108021,-11.62174606,0.30879623,-11.57775402,6.20027208
1.00000000,-11.48107910,-3.83364677,-9.42071247,-1.40175653,5.94260883,-0.61991447,3.85585165,12.61744213,1.86360455,-9.09002209,-8.39397526,7.21569729,-11.63568878,0.38742074,-11.48502064,6.09734154
1.00000000,-11.64053440,-3.86363649,-9.46144867,-1.39221299,5.92598820,-0.71071184,3.69439244,12.70222950,1.87084675,-9.14119911,-8.53873634,7.24156284,-11.59818077,0.28061250,-11.59918594,6.10302019
1.00000000,-11.26779175,-3.85107517,-9.55113983,-1.33678961,5.93756294,-0.77364856,3.69123507,12.64529991,1.76828265,-8.93193722,-8.50837040,7.31125164,-11.61292076,0.35286093,-11.37597942,5.96336985
1.00000000,-11.41207695,-3.77360106,-9.43368721,-1.40701437,5.84538078,-0.69257385,3.71577740,12.48175144,1.70091319,-9.04934788,-8.34367085,7.18695068,-11.43465996,0.34955689,-11.47251320,6.12615156
1.00000000,-11.35410309,-3.77793694,-9.56712914,-1.43266129,5.99310017,-0.65454429,3.71416235,12.58450794,1.78550959,-8.94854736,-8.33341503,7.22187138,-11.51607132,0.30181640,-11.55662632,5.93597174
1.00000000,-11.30303478,-3.75435019,-9.46314526,-1.41608262,5.74478149,-0.78220564,3.66892576,12.29994106,1.70728683,-9.08723927,-8.41145039,7.22619152,-11.59930229,0.30702442,-11.37690449,5.98633909
1.00000000,-11.29890060,-3.67806339,-9.50110435,-1.36669993,5.77709579,-0.60874343,3.75376534,12.63430214,1.74028516,-9.13387489,-8.41221428,7.38116741,-11.36646271,0.29788971,-11.47035408,5.92557383
1.00000000,-11.46053123,-3.87466669,-9.46072578,-1.43296337,5.84321308,-0.48085725,3.74165940,12.61507225,1.85348797,-8.97026730,-8.41189098,7.24758244,-11.50221062,0.36638665,-11.47043419,6.10840082
2.00000000,-12.52896404,-3.67507076,-10.23823357,-0.71278244,6.00966549,-0.63967723,4.37122726,13.87074852,2.42995548,-9.17967224,-9.79821587,7.60847759,-11.33086395,0.16640839,-12.07612514,6.40444326
2.00000000,-12.90871143,-3.76171446,-10.56114674,-0.36387533,5.88508320,-0.64938378,4.95099258,14.43855953,2.36095834,-9.02768707,-9.93237019,7.47345638,-11.74656677,0.34864020,-12.20442390,6.44533300
2.00000000,-12.88737488,-3.98796844,-10.50964260,-0.24314708,5.54454803,-1.05290341,4.61508751,14.40545368,2.29298329,-8.91745377,-9.69979858,7.48477745,-11.75249100,0.38512364,-12.37403107,6.39945555
2.00000000,-12.79439354,-3.70666075,-10.56168461,0.02892107,5.93114376,-0.99448872,4.79517603,14.32235909,2.22108173,-8.87654018,-9.99463367,7.58972263,-11.85103416,0.11174880,-12.31447124,6.13576365
2.00000000,-12.55139828,-3.69697380,-10.69569016,-0.45924196,6.02629852,-0.70128262,4.67395830,14.14691448,2.50055408,-9.22999001,-9.48816204,7.45866489,-11.48660469,0.50262290,-12.49744797,6.43916178
2.00000000,-12.64457226,-3.79093504,-10.36981201,-0.71909189,5.83539009,-0.33780417,4.26137447,13.89820480,2.47315860,-9.10216236,-9.50141335,7.34036732,-11.56904793,0.28169009,-12.37038994,6.60174227
2.00000000,-12.55950546,-3.81655216,-10.57866573,-0.46533144,5.98030281,-0.92264581,4.51617050,14.04552746,2.40454769,-8.88692474,-9.66069984,7.50594044,-11.50196838,0.22615211,-12.26465988,6.37799549
2.00000000,-12.86364079,-3.73629189,-10.41929340,-0.10243708,6.24950886,-0.89853024,4.93029070,14.32169342,2.23277044,-8.98113632,-9.92346382,7.57000828,-11.59217262,0.31109619,-12.49918175,6.47864866
2.00000000,-12.37773705,-3.95506620,-10.28569508,-0.67102784,5.99192429,-0.52351540,4.34153938,13.93435097,2.37888408,-9.26118660,-9.42500877,7.47637558,-11.79717827,0.62382936,-12.25790977,6.53151178
2.00000000,-12.27146912,-4.15028429,-10.49213409,-0.76852876,5.95112991,-0.64091194,4.08339262,13.74445629,2.27940702,-8.83214569,-9.29033089,7.44493771,-11.50390053,0.29392004,-12.13315773,6.32709026
2.00000000,-12.38859558,-3.90167236,-10.67184734,-0.47977760,6.08603573,-0.69997925,4.16162968,13.70553303,2.18356109,-9.17779636,-9.48702335,7.36319542,-11.62372208,0.21239394,-12.17287064,6.39374828
2.00000000,-12.38769722,-3.76211309,-10.49014664,-0.58026040,5.96812344,-0.54770499,4.32154369,13.82854366,2.21886754,-9.13886929,-9.52444458,7.59676170,-11.53763199,0.70310593,-11.99337101,6.35307360
2.00000000,-12.68182278,-3.79405785,-10.59757710,-0.39005274,6.19096375,-0.73410773,4.32483816,13.96105099,2.20863867,-9.22691917,-9.54205608,7.32540798,-11.92786598,0.33074498,-12.42307186,6.38054943
2.00000000,-12.68524933,-3.74785709,-10.79933262,-0.21076176,6.17333508,-0.72657067,4.50782585,14.60933495,2.15668201,-8.95891094,-10.04431629,7.44057083,-11.89794922,0.24490741,-12.31501961,6.39846563
2.00000000,-12.68703556,-3.58749437,-10.76065254,-0.28423771,5.76214409,-0.82610464,4.44793987,14.03089142,2.45846367,-9.17858791,-9.81062317,7.69538498,-11.51774025,0.26653898,-12.33444691,6.42571354
2.00000000,-12.74597740,-3.90568781,-10.27454853,-0.34072587,6.10527992,-0.81095397,4.68387794,14.06609154,2.07699299,-9.14089584,-9.54552364,7.53703594,-11.85255814,0.28538328,-12.23086643,6.36251450
2.00000000,-12.17612743,-4.09888887,-10.19611931,-0.71334893,6.28487110,-0.45993054,4.10056162,13.85286522,2.22228456,-9.18463326,-9.44350338,7.24237919,-11.84848785,0.50954664,-12.15188503,6.36637545
2.00000000,-12.70019531,-3.86161375,-10.53296185,-0.53113240,5.88213539,-0.83338827,4.63805389,14.28164577,2.35724163,-9.14166069,-9.82410717,7.61361122,-11.76017952,0.20061246,-12.25430107,6.22947741
2.00000000,-12.37381649,-3.56906366,-10.45748615,-0.52156913,5.99449253,-0.64056158,4.56546211,14.27659035,1.98174191,-9.11948681,-9.85777187,7.72026825,-11.60357857,0.28473413,-12.17236710,6.05532598
2.00000000,-12.45626068,-3.82445383,-10.58914566,-0.56397587,5.50280571,-0.45319593,4.25808859,13.86319447,2.44584084,-9.07274055,-9.52009583,7.54677486,-11.42349625,0.31525958,-12.14038467,6.09693575
2.00000000,-12.66850090,-3.85255051,-10.67455959,-0.56923819,5.65286636,-0.55109435,4.55296135,14.11528301,2.33857203,-8.81894302,-9.48628616,7.43031120,-11.54070091,0.07244772,-12.25508308,6.33691072
2.00000000,-12.25989628,-3.65006876,-10.18644333,-0.78649622,6.28858089,-0.56886810,4.30395126,13.75305939,2.15775061,-8.93728924,-9.58423996,7.45109844,-11.43961143,0.18074757,-12.33335590,6.18565083
2.00000000,-12.66323948,-3.75719166,-10.60306263,-0.34880394,5.91116524,-0.60060221,4.09595776,14.16351891,2.24692631,-9.21546841,-9.64109898,7.88083267,-11.42491531,0.35584313,-12.37242794,6.32943392
2.00000000,-12.35534382,-3.78998041,-10.32359505,-0.85945684,5.86629581,-0.62360489,4.10762882,13.57711887,2.29287148,-9.13370514,-9.21617317,7.35519409,-11.36362648,0.43112746,-11.95298290,6.15640688
2.00000000,-12.87786388,-3.87285328,-10.53950405,-0.33517680,6.43284512,-0.75781709,4.63202286,13.97679996,2.28966737,-9.12240696,-9.58316517,7.37808514,-11.54039383,0.29770404,-12.48910999,6.67961884
2.00000000,-12.51749420,-3.43018961,-10.73827648,-0.76380062,6.16795921,-0.61746794,4.32531691,13.57104778,2.29919243,-8.95395184,-9.45701408,7.39503670,-11.65824509,0.44857267,-12.25749493,6.44191551
2.00000000,-12.78956604,-3.73604631,-10.59863091,-0.24228597,6.00047207,-0.90918750,4.80261755,14.33117580,2.03797293,-8.88860893,-9.82085228,7.65296745,-11.73629379,0.09926724,-12.40968704,5.91919279
2.00000000,-12.47887802,-3.71285772,-10.51912022,-0.47907406,6.13261700,-0.85908639,4.67338228,14.21002769,2.29375648,-8.89371300,-9.54860878,7.40233994,-11.64154434,0.22300145,-12.37356758,6.25859022
2.00000000,-12.42686558,-4.18023109,-10.41810608,-0.69696856,5.78289890,-0.41724002,4.27025175,14.10353947,2.49035859,-9.22503471,-9.62710476,7.52919483,-11.58632469,0.46392909,-11.95456123,6.47311592
2.00000000,-12.46502972,-3.78427649,-10.82638264,-0.12913758,6.27729225,-0.90631312,4.81921768,14.21692944,2.10442042,-9.01603413,-9.96460152,7.51139164,-11.49263763,0.15529472,-12.15764713,6.15417194
2.00000000,-12.62211323,-3.81421852,-10.42136669,-0.21710822,6.04590225,-0.72066057,4.20819664,14.22250748,2.22406578,-9.21881676,-9.37452793,7.50652313,-11.78826714,0.16820782,-12.56474209,6.39940882
2.00000000,-12.35203171,-3.88188648,-10.41998672,-0.55196369,5.84262562,-0.67162895,4.06810045,13.78069592,2.00273490,-9.23953342,-9.36742592,7.45544338,-11.45534325,0.04102373,-12.10521412,6.28832912
2.00000000,-12.65997219,-3.88052511,-10.58437252,-0.35033825,6.19859695,-0.58670312,4.74057198,14.28091240,2.31841612,-9.06317806,-9.57389355,7.39564133,-11.37932587,0.57260716,-12.34459305,6.43583441
2.00000000,-12.53247356,-3.75439501,-10.54897308,-0.52831900,6.17275429,-0.83769715,4.56422329,14.30571365,2.40012646,-9.12068939,-9.71648693,7.37727547,-11.50655174,0.56264615,-12.38388538,6.60974789
2.00000000,-12.53743362,-3.63567591,-10.47222233,-0.47626230,6.02182674,-0.70004529,4.43695593,13.92518616,2.31716800,-9.07583904,-9.48571777,7.61657906,-11.45281982,0.27345002,-12.40589714,6.23886728
2.00000000,-12.45173359,-4.03416014,-10.59805489,-0.19998461,6.14169884,-0.76196909,4.37918472,14.11579800,2.39747739,-8.96227360,-9.64226437,7.40220165,-11.75787735,0.37144735,-12.14831161,6.29236555
2.00000000,-12.18084621,-3.93865395,-10.30883121,-0.50444603,5.96195793,-0.44729787,4.17248917,14.43813801,2.27290273,-8.96310997,-9.60493469,7.61931133,-11.61909103,0.04283880,-11.95013905,6.22173786
2.00000000,-12.65219688,-3.76711082,-10.47634506,-0.37469366,6.29109573,-0.59796029,4.38609505,14.39779472,2.31791759,-9.21979427,-9.65977859,7.06837273,-11.73806381,0.27205545,-12.38193607,6.57022190
2.00000000,-12.62943363,-3.72578239,-10.82083607,-0.05162925,6.08577633,-0.91067761,4.75742340,14.31500435,2.19618082,-8.91430950,-9.63070297,7.45301342,-11.56029320,0.17543927,-12.47659588,6.25088263
2.00000000,-12.33922482,-3.69346571,-10.54690456,-0.73682433,5.89062977,-0.61444867,4.30988121,13.76977825,2.25843072,-8.90939999,-9.26316738,7.40695000,-11.59156227,0.16583095,-12.40112591,6.44307375
2.00000000,-12.37475586,-4.15999269,-10.57690239,-0.19771296,6.35253525,-0.75112599,4.29097939,14.15058231,2.35046482,-9.08611012,-9.54096127,7.22641277,-11.72804642,0.44622728,-12.30606651,6.38573647
2.00000000,-12.18170547,-4.12980843,-10.57183743,-0.84361953,6.05728436,-0.52975738,4.19451618,13.72833920,2.26787162,-8.90418434,-9.39826012,7.37051105,-11.58249664,0.36115497,-12.10206795,6.35143995
2.00000000,-12.79178715,-3.87926149,-10.58345604,-0.06556165,6.10363197,-0.84954083,4.64973736,14.38940048,2.20593166,-8.97844982,-9.82948208,7.70345211,-11.74096870,0.16213030,-12.54041576,6.06914663
2.00000000,-12.06887341,-3.67726898,-10.34224987,-0.73768914,6.09436512,-0.65063584,4.22705078,13.58843327,2.22314215,-8.91623306,-9.41357708,7.36078167,-11.54982567,0.30586705,-12.05220795,6.38731909
2.00000000,-12.65547848,-3.78579712,-10.32164574,-0.70419496,6.33725071,-0.82165504,4.26062489,13.71097565,2.33743024,-8.72081280,-9.39658928,7.44753075,-11.61027527,0.11724077,-12.37306309,6.48336840
2.00000000,-12.97192001,-3.91049290,-10.62535763,-0.01956475,6.05926323,-0.87903666,4.67857838,14.29650593,2.29670119,-8.89572716,-9.67597198,7.31291294,-11.53793144,0.24072190,-12.35298920,6.25468588
2.00000000,-12.42739201,-3.72862720,-10.25327206,-0.89339459,6.20189381,-0.43203503,4.41596746,13.84947109,2.33906984,-8.95940304,-9.62417030,7.57124043,-11.53811646,0.15708578,-12.27462578,6.28205967
2.00000000,-12.58820724,-3.94397736,-10.58150578,-0.31073067,6.03789043,-0.73487657,4.83531094,14.22999763,2.21134853,-9.07803154,-9.78466606,7.20610046,-11.73731422,0.29893544,-12.28203392,6.41576338
2.00000000,-12.59877396,-3.78166485,-10.67701626,-0.31250510,6.01472473,-0.74810618,4.64921188,14.36818695,2.45604467,-9.07673359,-9.88503456,7.50969219,-11.61644363,0.40257108,-12.55127430,6.47881460
2.00000000,-12.35694408,-3.61789274,-10.55683804,-0.90142173,5.99838257,-0.94993198,4.27547455,13.57407570,2.30639625,-8.82001400,-9.38991261,7.33798981,-11.40107536,0.11506224,-12.28337479,6.44554043
2.00000000,-12.67141438,-3.85996485,-10.54794025,-0.61961138,6.15610027,-0.55009568,4.76507330,14.26466751,2.38343382,-9.28212547,-9.56843376,7.48114681,-11.70621490,0.41908184,-12.37133789,6.56852674
2.00000000,-12.15378094,-4.05626392,-10.39598942,-0.51357269,6.29753971,-0.56071359,4.04282045,13.75605011,2.34830546,-9.25176430,-9.35597134,7.27840328,-11.78189659,0.39433011,-12.02816391,6.42588568
2.00000000,-12.65579605,-3.67781067,-10.34272385,-0.17975551,6.01393032,-1.00063467,4.56735516,14.12378597,1.76403427,-8.82312584,-9.78112793,7.59821987,-11.87658882,0.28463817,-12.28368855,6.08893490
2.00000000,-12.67387581,-3.96977997,-10.68144321,-0.21600229,6.15357113,-0.65450990,4.42177963,14.29091167,2.31828403,-8.98642921,-9.59527111,7.30485535,-11.48818207,0.29529554,-12.23551655,6.42745447
2.00000000,-12.39831161,-4.05592680,-10.32627773,-0.46726364,5.96628666,-0.38841134,4.65099239,13.96370125,2.26979065,-9.08839989,-9.47093391,7.48695087,-11.76162338,0.29143721,-12.40431690,6.21065760
2.00000000,-12.91885948,-3.92916679,-10.42754555,-0.52107704,5.72927380,-0.67024004,4.35456848,14.08566666,2.25532722,-9.13825321,-9.51948643,7.53707409,-11.82696533,-0.05928220,-12.33562469,6.33863354
2.00000000,-12.73167324,-4.08992481,-10.54307461,-0.37948099,6.24164867,-0.61962324,4.71479321,14.54431629,2.38742638,-9.18177414,-9.97607613,7.41089725,-11.51613235,0.26348931,-12.19794273,6.46163225
2.00000000,-12.91771603,-3.72486115,-10.63544273,-0.26377332,6.22763729,-0.58484256,5.05603170,14.12247753,2.22968030,-9.17362213,-9.82876205,7.46570015,-11.87918282,0.37159571,-12.61296368,6.34041548
2.00000000,-12.59268856,-3.55903149,-10.64473915,-0.42145488,5.91238022,-0.89210099,4.18776417,13.73451900,2.46136642,-9.07692909,-9.40720749,7.50174427,-11.70216370,0.17136988,-12.41842651,6.45371342
2.00000000,-12.61569595,-3.78143740,-10.47023487,-0.50926876,5.94603252,-0.67103517,4.36103821,14.03329945,2.18724203,-9.29843712,-9.75348282,7.54486752,-11.41736031,0.62236559,-12.24549961,6.53828096
2.00000000,-12.34649658,-3.94604969,-10.59722614,-0.58035368,5.92219830,-0.62584275,4.47340107,13.80879688,2.19849753,-9.13709641,-9.38073158,7.61120892,-11.73435783,0.62870324,-12.32978725,6.26350355
2.00000000,-12.35892677,-3.59099150,-10.35380840,-0.68782109,6.08100224,-0.74885243,4.37434864,13.68968964,2.31145573,-8.76907063,-9.52155304,7.43554688,-11.64958572,0.03683166,-12.02999496,6.34177351
2.00000000,-12.71009731,-3.83651733,-10.49582672,-0.77053821,5.64061356,-0.37832481,4.45606613,14.10744762,2.52754283,-9.24572086,-9.66123295,7.49829960,-11.35455132,0.37419000,-12.14114475,6.37676907
2.00000000,-12.44058990,-3.48096132,-10.50258446,-0.38184613,6.12848663,-0.83043528,4.20939541,13.80571365,2.14191604,-9.08056068,-9.58266830,7.48870373,-11.44996071,0.03099674,-12.31151676,6.19557428
2.00000000,-12.35010910,-3.79173279,-10.42747211,-0.45386714,6.09141827,-0.47669804,4.48633099,13.88598061,2.27292514,-9.14026642,-9.49599743,7.48746014,-11.74130058,0.34739423,-12.04053116,6.42632389
2.00000000,-12.81070423,-3.82963848,-10.58416843,-0.38995439,6.15527821,-0.51098675,4.39413643,13.98342133,2.18489122,-9.06217003,-9.55097008,7.38605595,-11.80511284,0.29970759,-12.50713444,6.44454765
2.00000000,-12.58036232,-3.64148903,-10.71102810,-0.55526280,5.87913322,-0.71632487,4.44173241,13.97598171,2.29327822,-9.05228329,-9.71642113,7.40159416,-11.72885895,0.28097132,-12.46361732,6.07921553
2.00000000,-12.72068310,-4.06667042,-10.36895370,-0.29025280,5.69852448,-0.56868422,4.30065441,14.03194237,2.36736035,-8.89842319,-9.50064468,7.51124763,-11.60820770,0.14214092,-12.31934547,6.50651169
2.00000000,-12.67167473,-3.85706520,-10.23926830,-0.60547972,6.12857533,-0.75084382,4.41931534,13.70511341,2.23053765,-8.91112232,-9.61435890,7.36163807,-11.77072144,-0.04921640,-12.30187225,6.44478798
2.00000000,-12.86741352,-3.79636908,-10.52401638,-0.29214245,6.15011501,-0.90366137,4.88618755,14.28426838,2.09182048,-9.09743500,-9.84730339,7.47114277,-11.68062210,0.33279291,-12.39019012,6.32226419
2.00000000,-12.81597233,-3.99039221,-10.66946220,-0.21304443,5.92010117,-0.62547553,4.59704590,14.41094494,2.48207927,-9.08116055,-9.81048965,7.70319271,-11.77577400,0.44393954,-12.46569824,6.31718779
2.00000000,-12.57607460,-3.91386747,-10.21896935,-0.61603642,5.91573048,-0.59679717,4.33369398,13.76008129,2.09245300,-9.13927841,-9.52049637,7.41530418,-11.79670525,0.10189356,-12.48251152,6.45995998
2.00000000,-12.62379169,-3.79118156,-10.65334511,-0.23428041,6.00103188,-0.67390919,4.83150244,14.59428501,2.21264482,-8.85013866,-10.07189655,7.50543213,-11.57810593,0.25761074,-12.29796505,6.36542130
2.00000000,-12.58434582,-3.82896709,-10.60030842,-0.24561200,6.11936569,-0.73836869,4.71969080,14.19699955,2.12120295,-8.77963924,-9.84042454,7.38687134,-11.65951538,-0.05359760,-12.33951855,6.16821098
2.00000000,-12.70313263,-3.75948524,-10.73256683,-0.10632068,6.07571983,-0.62151021,4.55584431,14.06475735,2.21935296,-9.43233204,-9.62181282,7.47754955,-11.55408669,0.11226834,-12.47469711,6.32590294
2.00000000,-12.52432632,-4.00789833,-10.48523521,-0.84309524,6.17302608,-0.84654480,4.18522930,13.73673248,2.36179709,-8.80223560,-9.50381470,7.31763935,-11.55972099,0.26297331,-11.96714497,6.48072481
2.00000000,-12.29986477,-3.86290979,-10.34001827,-0.53460503,6.15329075,-0.70538592,4.30939865,13.96145058,2.19880891,-9.25803375,-9.38296318,7.15566444,-11.50333786,0.42157638,-12.46986485,6.35285664
2.00000000,-12.49520683,-3.90502405,-10.55097103,-0.32186276,6.12473965,-0.62298083,4.58859491,14.15336418,2.37823677,-9.24019337,-9.58525181,7.48623180,-11.52920341,0.49696139,-12.46052170,6.55780983
2.00000000,-12.73623848,-3.83004951,-10.42210102,-0.62493491,5.94454956,-0.49255210,4.62129450,14.08330917,2.26756072,-9.14792728,-9.71586323,7.85304737,-11.44158554,0.23557317,-12.30534840,6.57896805
2.00000000,-12.67361736,-3.79770994,-10.31777954,-0.78519088,5.81879711,-0.80825561,4.54980469,13.85307217,2.10487199,-9.13708019,-9.71495819,7.38401318,-11.52342606,0.50767875,-11.81864548,6.32489347
2.00000000,-12.74346828,-3.77745819,-10.52793407,-0.61023939,5.67282200,-0.64751887,4.30634785,14.10920906,2.09802270,-8.95148182,-9.58407974,7.69039822,-11.59018135,0.18624972,-12.28160858,6.39144230
2.00000000,-12.38104153,-3.70379925,-10.31059265,-0.83263224,6.13982677,-0.65512770,4.29932022,13.75393486,2.23795128,-8.92462730,-9.39165974,7.35325909,-11.53413582,0.53720021,-12.30262661,6.13514042
2.00000000,-12.93236828,-4.04028988,-10.52534294,-0.40936244,5.85801029,-0.62018025,4.36342430,14.21701717,2.51619911,-8.97775269,-9.91544628,7.82549953,-11.38357162,0.18691744,-12.44085312,6.68673086
2.00000000,-12.21947861,-3.67720747,-10.57601357,-0.77912188,5.86895657,-0.56742132,4.54066658,14.22362900,2.27361703,-8.99937248,-9.72462749,7.66056061,-11.61710358,0.44196606,-12.10433674,6.19435930
2.00000000,-12.87068081,-3.77943420,-10.64578342,-0.15442395,6.24106026,-0.69548118,4.84692717,14.48698997,2.21095204,-8.88123989,-10.03061295,7.29410839,-11.61774635,0.26548105,-12.28487015,6.20767307
2.00000000,-13.03445530,-3.72341824,-10.63613796,-0.47737312,5.71781826,-0.63088769,4.67774773,14.17588139,2.46318626,-9.28352356,-9.72764778,7.31170940,-11.36061859,0.27194881,-12.29676914,6.43605137
2.00000000,-12.37873173,-3.81675529,-10.59998798,-0.38263738,6.06775093,-0.69696438,4.32027626,13.85648823,2.11931705,-9.16926193,-9.21220589,7.45379353,-11.45866394,0.17735825,-12.30858707,6.25232983
2.00000000,-12.62629986,-3.69770813,-10.53184128,-0.34364372,6.26129913,-1.04849744,4.73739529,14.23083305,2.16401005,-8.79241848,-9.75909424,7.22640228,-11.74019432,0.41352895,-12.30069923,6.20314980
2.00000000,-12.47118759,-3.90631723,-10.80027008,-0.17120081,6.11433411,-0.86012989,4.57274818,13.92634487,2.17342377,-8.95003319,-9.75910664,7.35950661,-11.52772713,0.36391479,-12.38403225,5.99733257
2.00000000,-12.71598434,-4.02259874,-10.49561024,-0.30365759,6.21041203,-0.86057973,4.28552055,13.99615860,2.21881747,-9.17149162,-9.65682983,7.76422405,-11.46450806,0.30748647,-12.52457523,6.56107616
2.00000000,-12.77584362,-3.70540237,-10.35772610,-0.57713503,5.99558735,-0.77593124,4.31458664,14.04106236,2.17536378,-9.07405758,-9.51190376,7.44879246,-11.44116020,0.28329092,-12.29790306,6.66242504
2.00000000,-12.27505970,-3.88926077,-10.27782154,-0.83111966,6.00302029,-0.68582666,4.42531490,13.66673374,2.38369060,-8.95434284,-9.51087379,7.64555645,-11.42006493,0.17947838,-12.31093597,6.45043612
2.00000000,-12.68975735,-3.70175838,-10.45935345,0.05101484,6.15245628,-1.01684904,4.91926384,14.55623245,1.96827960,-8.71301174,-9.82157135,7.45932865,-11.78312302,0.13219577,-12.55248451,6.23470640
2.00000000,-12.93565083,-3.94071817,-10.47729397,-0.39021745,6.02980900,-0.89030576,4.35455370,14.25395966,2.04289150,-9.00137424,-9.61965942,7.40223503,-11.69606400,0.25238734,-12.22517776,6.24717569
2.00000000,-12.22341919,-3.62743425,-10.55900002,-0.41602311,5.95621586,-0.82373548,4.38546181,13.79663563,2.24705291,-8.96671391,-9.46788692,7.47963238,-11.49674034,0.49184212,-12.16844749,6.22402477
2.00000000,-12.58113194,-3.84982300,-10.63131046,-0.38493353,6.10595131,-0.64793122,4.46536064,14.26569080,2.19519997,-9.17515945,-9.80632877,7.38582516,-11.57499313,0.35169214,-12.45145512,6.55502033
2.00000000,-12.11826897,-3.62139225,-10.28170967,-1.04356110,5.94457054,-0.62713790,4.00040913,13.46808243,2.18907690,-8.96471405,-9.27116489,7.31735802,-11.30629921,0.42054096,-11.88456345,6.21567297
2.00000000,-12.82891273,-3.82330847,-10.71169949,-0.72781551,5.77032852,-0.53190339,4.56295824,13.93177414,2.35051537,-9.04432678,-9.50127316,7.70621967,-11.53555489,0.26069695,-12.30074978,6.13862371
2.00000000,-12.85098839,-3.80977058,-10.34073734,-0.07659847,6.13151169,-0.75269955,4.75891161,14.41029072,2.17277694,-9.08711243,-9.70703316,7.90385723,-11.81868553,0.50038421,-12.50775719,6.33418512
2.00000000,-12.16805553,-3.68374681,-10.38212109,-0.72594237,6.07368183,-0.46768999,4.32759905,13.67122078,2.34203768,-9.11822128,-9.36841488,7.40542889,-11.41157722,0.26560563,-11.94485188,6.11549759
2.00000000,-12.55264187,-3.83708143,-10.48690128,-0.46426910,5.81560516,-0.59164667,4.58759594,14.22509193,2.23722768,-8.99073124,-9.73723698,7.61976051,-11.72587395,0.15518707,-12.42458153,6.33716583
2.00000000,-12.59431648,-4.01610947,-10.40972519,-0.57979381,6.05175495,-0.56869072,4.24984694,14.08603954,2.43547273,-9.24093723,-9.51952553,7.62639427,-11.61648178,0.36899170,-12.76558685,6.58738279
2.00000000,-13.01453209,-3.73558712,-10.35555744,-0.37842318,6.09249592,-0.47053456,4.50171757,14.31803703,2.40437746,-9.04475403,-9.65005493,7.74000072,-11.53458023,0.15853503,-12.59248447,6.54450655
2.00000000,-12.82006550,-3.67183447,-10.50791645,-0.08515984,6.13090706,-0.76598775,4.72234726,14.13775730,2.17403507,-8.83337116,-9.93626213,7.58292866,-11.74244690,0.25245357,-12.40308952,6.34715700
2.00000000,-12.54223919,-3.73808861,-10.66449261,-0.22033203,5.76012421,-0.83203882,4.63172483,14.09858704,2.15524411,-8.76358795,-9.49677849,7.38595200,-11.31193924,0.14118737,-12.34795570,6.34148312
2.00000000,-12.55977440,-3.79057741,-10.64963245,-0.18924153,5.77258873,-0.72491336,4.53460836,14.02937126,2.23392463,-9.18537331,-9.64245415,7.57269287,-11.49511719,0.39165375,-12.22259712,6.21752214
2.00000000,-12.39352894,-3.95311737,-10.55556488,-0.52650827,6.27630138,-0.83229053,4.22154093,14.07491970,2.40125275,-9.36921597,-9.49581528,7.17861080,-11.67220116,0.18293422,-12.28163147,6.55447435
2.00000000,-12.37773418,-4.00341654,-10.31522369,-0.33718541,6.18742657,-0.47852451,4.20037556,14.22070694,2.11810112,-9.28111076,-9.54883671,7.44804001,-11.63991165,0.44580701,-12.16651630,6.36963844
2.00000000,-12.33250523,-3.89534092,-10.31690121,-0.25703427,6.16651344,-0.77805734,4.54239178,14.06840420,2.09446549,-8.86525059,-9.73464584,7.69439888,-11.80340385,0.39865899,-12.16782379,6.12595797
2.00000000,-12.39261246,-3.67585707,-10.24817753,-0.68826693,6.12001514,-0.52839112,4.49084282,13.93688011,2.15770817,-8.96739388,-9.80091286,7.63466740,-11.64429283,0.06452595,-12.21022320,6.28855705
2.00000000,-12.45713711,-3.94244766,-10.44917297,-0.44548824,6.28645325,-0.88759774,4.82962418,14.30639648,2.46307087,-8.91405964,-9.65905094,7.55835056,-11.74372101,0.35009471,-12.50316715,6.22190619
2.00000000,-12.72835350,-3.78142500,-10.80678272,-0.68918419,6.13202381,-0.63605547,4.64431000,14.12552547,2.44403744,-9.02180099,-9.78774261,7.46415710,-11.66999817,0.42165586,-12.47078133,6.23450375
2.00000000,-12.94586468,-3.77648306,-10.32592106,-0.63655907,5.87811470,-0.48156679,4.27930737,13.98748779,2.29418087,-9.25808334,-9.41567326,7.33503246,-11.30756569,0.34988442,-12.39837551,6.63345814
2.00000000,-12.54376125,-3.78086805,-10.63603973,-0.55779064,6.08927822,-0.95049429,4.24014282,13.69237518,2.23234940,-9.02910709,-9.55313873,7.77030277,-11.56670570,0.21059211,-12.38170052,6.50676060
2.00000000,-12.27036762,-3.78838825,-10.42658901,-0.58348036,5.90128613,-0.58401906,4.34927940,13.48545837,2.21244478,-9.14814758,-9.43126202,7.44127369,-11.69331551,0.26001215,-11.89459038,6.31915140
2.00000000,-12.63134193,-3.78942490,-10.45516872,-0.34596008,5.80928898,-0.49944133,4.44515228,14.20122814,2.35791469,-9.29654598,-9.55720139,7.59186077,-11.44293213,0.24976806,-12.26474667,6.48305655
2.00000000,-12.50138569,-3.94141579,-10.57380390,-0.54745102,6.19131088,-0.72176802,4.40868568,13.68027592,2.30098438,-9.16543102,-9.56273746,7.43377495,-11.45387650,0.45160899,-12.20105648,6.24667931
2.00000000,-12.78752327,-3.85145950,-10.56452847,-0.77518618,5.81469440,-0.49982601,4.49123001,13.88836670,2.43356299,-9.07392979,-9.36474514,7.57741737,-11.58673668,0.17011338,-12.07394791,6.32354259
3.00000000,-15.85732937,-4.13104248,-11.67796803,1.28304243,8.34744263,-1.57712555,5.76519060,16.65787315,3.12395048,-8.76562595,-11.13836765,7.84147072,-11.86998749,1.12747872,-14.83145046,6.65878868
3.00000000,-16.45443344,-3.79106045,-11.38709164,0.91601378,7.95220661,-1.42712545,6.23742199,16.62968254,3.79185605,-8.29816914,-11.34225845,8.02195740,-12.53060532,0.57079566,-15.26398659,6.24556541
3.00000000,-15.42596912,-4.57360411,-11.26719856,1.35015750,7.74203014,-1.58619893,5.70070648,16.46518135,3.08438730,-8.93634033,-11.25422478,8.18243790,-12.10260773,0.55229938,-14.47832584,5.96461153
3.00000000,-16.23175621,-3.66751051,-11.34535408,1.13800573,7.69873047,-1.32100976,5.77127123,16.32134819,3.49436164,-9.23603153,-11.23488808,8.04151535,-11.86238098,1.12043393,-14.62216187,6.40781069
3.00000000,-15.65304279,-3.93279076,-10.85699368,1.13658500,7.42551899,-1.58402359,5.72716188,16.46570587,3.22980547,-8.95847130,-11.54083729,7.59459305,-12.28034782,0.98136735,-14.26321411,6.95314360
3.00000000,-17.35526276,-4.53665018,-11.33989429,1.57000446,8.00033760,-1.69425404,6.37384510,16.54944420,3.96500492,-9.15188789,-12.41129971,8.21166515,-11.71813583,0.76516986,-14.85457802,7.17537975
3.00000000,-16.29546547,-4.93331909,-11.96246052,1.64537692,7.69298363,-0.70627356,5.92267942,17.14528847,3.60123944,-8.92365646,-11.67177963,7.55909634,-12.52720261,0.82443798,-14.83526134,6.52728939
3.00000000,-16.16371346,-3.81586933,-11.30390358,0.73662919,7.88024521,-1.35806942,5.90881538,16.08141136,3.43708897,-8.74611378,-11.56257248,7.72109032,-12.31720924,0.80746615,-14.58587646,6.00318861
3.00000000,-16.59106636,-4.25471926,-12.40094185,1.85112786,7.71632957,-1.50377321,6.40367842,17.45387840,4.09634590,-7.50249100,-11.74722195,7.78924561,-12.56927681,0.30865085,-15.74887657,6.05252743
3.00000000,-14.83207703,-4.05556297,-10.74986172,1.12462831,7.43969059,-1.45594716,6.12223291,15.37434769,3.66088009,-8.66412258,-11.26476097,7.95033836,-12.23776817,0.44687960,-14.12530899,6.10947227
3.00000000,-15.44588947,-3.99007797,-10.99012184,0.75149876,7.95985889,-1.66855764,5.71992493,16.48102951,3.31643224,-8.47444439,-11.29310417,7.51508522,-12.30981636,1.26500928,-15.00986004,6.83432627
3.00000000,-16.18757057,-4.65538645,-11.13760853,1.11757493,7.34481239,-1.65822268,5.96863413,16.13803673,3.68382406,-8.97431660,-12.08409023,8.14728355,-11.35369110,0.72095907,-14.65128326,6.49223471
3.00000000,-15.74920845,-4.76518488,-11.28212643,1.66226602,7.38661861,-1.68144190,5.89029360,17.12087631,3.26517987,-9.08943367,-11.82594299,7.97298241,-11.90616989,0.77729404,-14.31992912,6.71365070
3.00000000,-14.48270607,-4.14514971,-10.19335175,0.51487094,6.79372120,-1.06289518,5.89339733,15.86433983,3.16299987,-8.51301384,-11.21559525,7.92996216,-11.60134506,0.43400317,-14.03256607,6.39983034
3.00000000,-15.72571468,-4.23353672,-10.87451077,1.09684873,8.24695492,-1.77024269,5.94272947,16.64527893,3.16646481,-8.91966057,-11.48679256,7.68132973,-12.18961525,0.76937258,-14.27998257,7.06129932
3.00000000,-15.47116947,-4.05531549,-11.06286144,1.09611154,8.03828049,-1.63365507,5.68970823,16.72333908,3.40801692,-8.71247768,-11.06498051,7.72281170,-12.38523293,1.33549380,-15.24661541,6.88602495
3.00000000,-18.07587051,-4.66867542,-12.43953228,2.31418109,8.24149323,-1.72015584,7.23573112,18.20701408,4.22771502,-8.86279964,-12.98721695,8.38232994,-12.36638641,0.38897228,-15.61438465,5.95278072
3.00000000,-15.34790707,-3.86289835,-11.06865311,0.54509109,7.81516838,-1.10789263,5.60381937,15.83490086,3.58047628,-8.74247265,-10.87132168,7.73240280,-12.11812592,0.78009701,-14.76616764,6.45522165
3.00000000,-14.96712208,-3.88150740,-11.13131332,0.32586747,7.83955765,-1.69514644,5.92034912,15.63169003,3.55201077,-8.83213997,-10.80705357,7.98370457,-12.13171577,0.43405440,-14.63754082,6.61956549
3.00000000,-15.07760906,-4.46022892,-11.03838253,0.87059742,6.97622681,-1.34359491,5.95170403,16.45763206,3.63386106,-9.10868835,-11.28149509,8.16894627,-11.93949127,0.92355764,-15.10014915,6.56531191
3.00000000,-15.95750332,-4.89564562,-11.39401531,1.93846655,7.59200954,-1.46802485,6.07291651,17.47700119,3.45299506,-9.19405460,-12.06082630,8.03598404,-11.86850739,1.11894751,-14.51114368,6.81683111
3.00000000,-15.66884995,-4.30145168,-10.63639450,1.12913799,8.43970966,-1.12918031,5.95034409,16.53510857,3.41383839,-9.10536766,-11.81693268,8.10271740,-11.96250725,1.35558426,-14.60529995,6.86869669
3.00000000,-15.94685078,-3.90637541,-11.40351391,0.68619460,7.49318123,-1.63558805,5.93101645,16.11313248,3.49995732,-8.70013523,-11.61619186,7.70276737,-11.99465942,0.75733352,-14.69613838,5.88672733
3.00000000,-16.26402664,-4.76869297,-11.83804607,1.55669141,7.65369606,-1.14257324,6.88574457,16.99531364,4.51101351,-9.03795433,-12.08022118,7.98422146,-11.44212532,0.98466885,-15.17552567,6.77633619
3.00000000,-15.46823788,-4.46555519,-12.23935509,1.27085829,7.68232059,-1.85347903,5.69712448,16.87824249,3.21535468,-9.04397678,-11.17262650,8.17110348,-11.94120407,0.85604262,-14.38208580,6.45887184
3.00000000,-15.52187634,-4.44708252,-11.35485649,1.00539780,7.89997673,-1.39339709,5.97262859,16.21281815,4.08165312,-8.54889393,-11.60666656,7.48845482,-12.33926010,0.48250857,-14.20106697,6.08121967
3.00000000,-14.92816162,-3.87072277,-10.76607323,0.54380733,7.50781536,-1.63233900,5.97488689,15.66838264,3.89215827,-8.78156853,-11.27047634,7.73184681,-11.89224052,0.61977482,-14.16675186,6.97503424
3.00000000,-16.82614136,-4.04491282,-12.21028614,1.94665194,8.60023403,-1.65719998,6.48464870,18.20204353,4.28294611,-8.42695522,-12.16277981,7.96390438,-12.78400612,1.19727826,-16.17508698,6.43425226
3.00000000,-15.19312954,-3.98373652,-10.89313984,1.04013038,7.49703598,-1.65521336,5.95917940,15.96300793,3.36003804,-8.88015556,-11.52891636,7.89986515,-12.16870308,0.76838529,-14.16541386,6.26236820
3.00000000,-17.99326897,-4.46622658,-12.29067802,2.32387257,8.59043789,-1.80716848,6.85218573,18.67401695,3.96738601,-9.05082607,-12.44151020,7.86800861,-12.70257378,0.61823153,-15.29872417,6.55481434
3.00000000,-16.76247406,-4.10943842,-12.50384712,2.07146025,8.31455326,-1.61143267,6.30071163,17.82527351,4.54311132,-7.97449875,-12.08476734,8.28219700,-12.94591904,0.54838300,-16.36869431,6.26018381
3.00000000,-15.58461189,-4.32455397,-11.27407646,1.18194580,7.09894753,-1.60265946,6.22652817,16.94141579,3.86907291,-8.20771027,-11.62217426,8.24117279,-11.81336594,0.96154749,-14.77011585,6.11805677
3.00000000,-16.03958130,-4.40427351,-11.65321255,1.19360781,7.90870762,-1.46241748,5.69740486,15.86976051,2.93496251,-9.16551018,-11.52681446,8.23694611,-12.25050735,0.29752359,-14.40017796,6.47522545
3.00000000,-16.60704613,-4.74322939,-12.30753231,1.63950109,6.70668602,-1.04318500,6.17799139,17.84848976,4.03646326,-8.47400093,-11.93812180,7.97027969,-12.81946564,0.35361981,-15.43040466,5.96327114
3.00000000,-16.36551094,-4.52884483,-12.26572609,1.51658273,7.03882313,-1.01599300,6.08760071,18.16466141,4.01878595,-8.45559216,-11.95966721,8.00944614,-12.48958969,0.37117901,-15.21457672,5.93575191
3.00000000,-15.63534641,-3.61074305,-11.23337746,1.14947677,7.29677105,-1.36744452,5.38344479,16.18755150,3.29836869,-9.04598808,-11.64694786,7.85402393,-11.64705467,1.04431391,-15.20899010,6.77372694
3.00000000,-17.15403557,-4.35208130,-11.50664043,1.95164657,8.38023758,-1.49535048,6.46382809,16.78961754,3.88618588,-9.31519413,-12.92709637,8.55852413,-12.41901779,0.59849703,-15.23224545,6.97798443
3.00000000,-16.50766373,-5.12025118,-12.75112629,1.75874233,7.55581570,-1.54272711,6.22017050,17.39491463,3.85098577,-8.37103844,-12.20668697,8.06417751,-12.43059540,0.36944714,-14.92591381,5.59669495
3.00000000,-15.14882278,-3.62226343,-10.31876945,0.61641997,8.40033245,-1.34162450,6.06531429,15.56360245,3.03259873,-8.92914104,-11.08151150,7.82883835,-11.94371033,0.85105383,-14.30761909,6.59940290
3.00000000,-15.33513737,-3.63457727,-10.62192440,0.69170326,8.53043842,-1.45030653,5.87571383,15.57338715,2.96751022,-8.51406193,-11.08310509,7.63736629,-11.93721390,0.68056774,-14.70634937,6.76381397
3.00000000,-15.70255089,-4.30328941,-11.35265064,0.92490035,7.57863998,-1.70847595,6.13117361,16.80705261,3.58989525,-8.23660088,-11.40881062,7.81053257,-12.20921326,0.38059404,-14.86044407,5.80769300
3.00000000,-15.70854759,-3.68739462,-11.05408573,0.44019276,7.56509399,-1.49404740,5.98486948,16.29844475,3.62272334,-8.36796761,-11.08636093,8.20366669,-12.00796127,0.44954523,-14.59174538,6.60911369
3.00000000,-16.71959114,-4.52640724,-13.03781414,1.99563670,7.72308636,-1.62822044,6.62341022,18.19592094,4.17491770,-7.24507809,-12.08180237,7.97720718,-12.42887497,0.00864017,-15.93466187,5.32718229
3.00000000,-16.44501305,-3.77137089,-11.78075695,0.99037367,7.66497898,-2.02608109,6.43293476,16.33442688,3.63132668,-9.21583271,-11.99636459,7.83111000,-12.02205658,0.59938622,-14.99468231,5.93004847
3.00000000,-14.12143898,-3.92595243,-10.16368961,0.26596361,6.73407078,-1.19225252,5.49794722,15.25867462,2.91270113,-8.76226139,-10.77059364,7.73635960,-11.82662773,0.31670216,-13.74061966,6.28952360
3.00000000,-16.61198997,-4.90758801,-12.57639503,1.29040480,6.92980766,-1.33312213,6.63602161,17.66980934,3.91823077,-7.91689014,-12.21985245,7.28784752,-12.87804413,-0.04825695,-15.55260754,6.07981730
3.00000000,-15.04201031,-4.18522596,-11.07359791,0.77463299,7.46235085,-1.47893846,5.45909119,16.02529716,3.44947314,-9.14303970,-11.02863312,7.82556629,-11.88192177,1.21003282,-15.08776760,6.35759592
3.00000000,-15.46997833,-3.99066353,-11.05931187,1.04733443,7.43659592,-1.01308990,6.32405519,16.58290291,3.45334268,-9.43150425,-11.59930706,8.63585663,-11.90987015,0.80632770,-14.09300518,6.39735985
3.00000000,-14.74931145,-3.98729515,-10.95137501,0.89949638,7.56739998,-1.51446819,5.65664482,15.48324108,3.61247993,-8.54170227,-11.10422039,7.87831497,-12.13858604,0.61517972,-14.02294350,6.25712156
3.00000000,-15.58750057,-3.52960205,-10.69130516,0.52872866,7.38609695,-1.39843738,5.84136391,15.76788712,3.33770609,-8.52878952,-11.54338360,7.70437241,-11.83995628,1.07665884,-14.31105709,6.60862923
3.00000000,-16.97015953,-4.58517742,-12.02927303,1.60952616,8.34616947,-1.74908662,6.58588362,17.03894615,4.22397184,-8.84442520,-12.73660755,8.22654915,-12.14896584,0.38435742,-15.10523033,6.84147692
3.00000000,-17.73584747,-4.66927814,-12.66409874,2.28776312,8.17406750,-1.74859595,6.97514725,18.90467834,4.25258207,-8.94180489,-12.78409481,8.39122677,-12.37661934,0.42171857,-15.75658607,6.08582258
3.00000000,-16.19517708,-4.42118549,-11.95750618,1.83158064,7.45978355,-1.74962234,6.96224070,17.39113617,4.22382784,-8.25686455,-11.99246979,8.40134048,-12.33337021,0.55724698,-15.39562130,5.67011309
3.00000000,-15.60191059,-4.21501970,-11.23605537,1.77287722,7.79673672,-1.79135227,5.80242109,16.03794098,3.79813457,-8.95463371,-11.53514385,7.90693092,-12.28381920,0.75286019,-14.34831905,6.04051495
3.00000000,-16.98438644,-4.34923553,-11.28421974,1.29495668,7.86790371,-1.48670065,6.40892744,16.56366920,4.03368616,-9.06102848,-12.46710968,8.31835079,-11.47901344,0.80816257,-14.70949078,6.87640572
3.00000000,-15.60322475,-3.50259399,-11.22408390,1.00323629,6.86813831,-1.05926859,5.57747698,16.18669128,3.50736260,-9.05040359,-11.68800449,7.90895081,-11.56654358,0.66223764,-14.72508621,6.58316946
3.00000000,-15.24081898,-4.62609577,-10.96994877,1.52951121,8.12266254,-1.26536322,5.95708752,16.02687454,3.23982286,-8.83628368,-11.40019703,7.84099865,-12.06414413,0.81660616,-14.33544636,6.29105425
3.00000000,-14.48723984,-3.84754467,-10.80130577,0.15968412,7.79624081,-1.56468570,5.60003042,15.14531136,2.78847504,-8.61805344,-10.84102535,8.15932465,-11.85593605,0.81751883,-14.20231152,6.74546766
3.00000000,-15.61658478,-3.71252680,-10.97640419,0.62864202,7.46726418,-1.69150352,5.90437603,15.89901066,3.82067323,-8.83379078,-11.81036949,8.30028725,-12.26127815,0.61950970,-14.19609451,6.80952644
3.00000000,-14.88891506,-4.38898849,-10.78643894,0.94479638,7.73171329,-1.53039336,5.80575085,16.05624199,3.77305436,-8.71630192,-11.17106056,7.87110710,-11.98877335,1.10269642,-14.51667786,6.76949120
3.00000000,-17.26505470,-4.58257961,-12.35963726,2.05112004,7.82527447,-1.51800418,6.63335323,18.55742645,4.02665567,-9.05319786,-12.41911697,8.22899437,-12.33931732,0.62441266,-15.25492096,6.27519989
3.00000000,-15.23318958,-4.35629797,-10.86040974,1.26860929,7.86873150,-0.91185319,5.73034620,16.83981323,3.52018666,-8.77539921,-11.37645149,8.02475643,-12.43859100,1.38663805,-14.82878494,7.13687944
3.00000000,-15.36035538,-4.36498880,-11.47305775,1.51574039,7.38067722,-1.27514076,5.95513391,16.88021088,3.29617214,-9.40170860,-11.61541748,8.17595768,-12.03931236,0.58781809,-14.07133007,6.27237749
3.00000000,-15.30970383,-4.36614799,-10.75547504,1.04364467,7.93610287,-0.94028628,5.81832695,17.02403069,3.56137729,-8.56115055,-11.58390617,8.14159107,-12.31597710,1.51699364,-15.23019028,6.89997864
3.00000000,-16.15809631,-4.28364944,-12.06429482,1.76229262,7.51229000,-1.33757150,6.85402107,17.43678284,4.32016897,-8.19232464,-12.10991573,8.35675144,-12.51349831,0.84938443,-15.44694710,5.93804646
3.00000000,-16.90550232,-4.85546207,-12.47867107,1.83619165,8.06736183,-1.81391478,6.66435719,17.86518097,4.25459099,-8.64375877,-12.13635445,8.00814438,-12.53759003,0.42973548,-15.21969604,5.88578558
3.00000000,-16.03707123,-4.35721970,-11.24054337,1.33065581,7.09342670,-1.32294357,6.05329418,16.45274162,3.63018107,-9.08327007,-11.78284740,8.08162594,-11.38846207,0.75703835,-14.51212883,6.09770727
3.00000000,-15.80503178,-4.64532948,-12.23064518,1.36545658,8.18112850,-1.71810007,6.99924469,17.58075714,4.10326290,-8.54672432,-12.37567806,8.40809917,-11.40594292,1.13814414,-15.04505730,6.57475615
3.00000000,-15.55811787,-4.34074545,-11.37267303,1.19292116,6.94874477,-1.69793189,6.28564835,16.97741890,3.67272329,-8.37626839,-11.64396572,8.11916256,-11.89765739,0.88727844,-14.77479553,6.19298792
3.00000000,-14.58502293,-4.15530014,-10.78703976,0.43081123,7.52358818,-1.43502545,6.04533195,16.00733185,3.69532108,-8.57955265,-11.44490242,7.98520851,-11.77728844,0.30805609,-14.04136372,6.52230978
3.00000000,-17.14069366,-4.47902155,-12.26098919,1.78291845,8.28246403,-1.68261290,6.30598307,17.79287338,4.15713215,-8.36932278,-11.66041851,7.56358719,-12.77269173,0.54465163,-15.37242222,6.09200668
3.00000000,-16.92751694,-4.62442160,-12.40479755,2.00431776,8.21707153,-1.71757555,6.23457575,18.14974403,3.86560678,-8.29197407,-11.71117783,7.48287773,-12.74983406,0.47268176,-15.49483395,5.94305182
3.00000000,-16.37100029,-3.83379889,-11.42981720,1.29780602,7.87606144,-1.40718925,5.60900927,16.82611656,3.16228223,-9.42884922,-11.62719059,8.27454567,-11.97505760,1.22048974,-15.05443859,6.82935810
3.00000000,-16.64507675,-5.04352093,-12.39913368,1.85505104,7.52138042,-1.40261447,6.60202885,17.47000694,4.09963608,-8.48610592,-12.02985573,7.82651711,-12.51928711,0.58266699,-15.48357487,5.73509073
3.00000000,-16.12411690,-4.19729280,-11.50064373,1.68323660,8.14915276,-1.58168018,6.07924986,16.80400467,3.25857854,-9.15053368,-11.87986183,8.27301216,-12.15812302,1.13396716,-14.62962914,6.51953077
3.00000000,-15.15071964,-4.37704086,-10.91987896,0.52756220,7.13396168,-0.96004295,6.24608946,16.49435043,3.57901025,-8.08967590,-10.84042645,7.60341835,-12.14494133,0.65806258,-14.45876312,6.00654078
3.00000000,-15.20101833,-4.19763184,-10.86509037,0.62508386,7.32662106,-1.29068828,6.21018124,16.40089989,3.58754444,-9.13326263,-11.37048721,8.12773418,-12.15312576,0.95325553,-14.83770275,6.50625420
3.00000000,-15.63410854,-3.94356966,-11.67864799,1.40503883,7.50434113,-1.85145545,6.31205416,17.42428207,3.87848186,-8.18681240,-11.93199825,8.26941013,-12.33750725,0.51496774,-15.59715366,6.32574511
3.00000000,-15.38609791,-3.42148972,-10.88763332,0.83419508,7.79949951,-1.42771792,6.40776730,15.84256268,4.01936483,-9.41261768,-11.29153728,8.24107742,-12.51891327,0.61685449,-14.06439209,6.49168968
3.00000000,-17.91035080,-4.23082399,-11.94472980,2.05442619,8.43948364,-1.84047163,6.95570374,18.13142204,3.96101737,-8.87884712,-12.61725998,8.14413261,-12.49184227,0.68292511,-15.30342007,6.53592110
3.00000000,-15.88366795,-4.51012516,-11.65259552,0.83359355,8.30755520,-1.61528850,5.87659645,16.21206474,3.84929228,-8.99792290,-11.52550507,7.28275394,-12.23174477,0.36641675,-14.36764812,6.09005642
3.00000000,-18.17039680,-4.38230419,-13.16432571,2.71339679,8.85880852,-1.95788312,7.53492832,18.30756378,4.24069214,-7.98780441,-12.11869717,8.75390434,-12.99035263,0.04332668,-16.52617645,6.23727608
3.00000000,-16.83898163,-4.52399397,-12.89152241,2.50048161,8.53884029,-2.01877594,6.66484118,17.81640434,4.36760330,-7.68339157,-12.47517014,7.77766514,-12.73948288,0.26616907,-16.14190865,5.78835297
3.00000000,-15.75955868,-4.94035244,-11.45457649,1.61847687,7.52106571,-0.93750989,6.01569653,17.04368019,3.73847651,-8.60647678,-11.71773529,7.84054089,-12.34362793,0.87724423,-14.60376167,6.38811207
3.00000000,-15.28886509,-4.20657063,-11.85049248,1.33933687,7.94635487,-2.00031638,5.78690529,16.43081665,3.19523072,-9.02465057,-10.99527740,7.81401730,-11.59325027,0.91367638,-14.58192635,6.39237547
3.00000000,-15.79627132,-4.67147446,-12.22264862,1.64349604,7.83389759,-1.81036663,5.67518759,16.97375679,3.42618394,-8.93397999,-11.43107891,8.18927383,-11.71304893,0.74371326,-14.61717701,6.33188343
3.00000000,-15.08454800,-3.90222216,-10.83156395,0.90320688,7.41067028,-1.61536944,6.06735897,15.91040802,3.45980859,-8.77096367,-11.45299149,7.68336773,-12.26318169,0.89476156,-14.01798344,6.00495481
3.00000000,-16.73682785,-4.10128784,-11.73707104,1.63543558,7.53340912,-1.50931764,6.19857979,17.46074104,3.62996745,-9.61252785,-12.08403397,8.37533665,-11.81125641,1.23658741,-15.38031292,6.51509523
3.00000000,-14.75471687,-4.15470123,-11.00341129,1.32633257,7.33181667,-1.39034212,6.17144871,15.51584625,3.54705071,-8.86426449,-11.29900455,7.92440605,-12.29900360,0.49062696,-13.89859104,5.98121977
3.00000000,-14.88302422,-4.12548733,-10.92422390,0.57588214,8.17732239,-1.36533296,5.86389256,15.51432800,3.21255755,-8.69777393,-11.06197357,8.12227058,-11.98925018,0.51009381,-14.24607563,6.41302347
3.00000000,-15.78729534,-4.14803123,-11.24959469,1.27157140,8.18244457,-1.17150390,5.97453785,16.60562325,3.08998752,-9.02803040,-11.46171570,7.94088650,-12.00371552,1.12910914,-15.06474018,6.85017347
3.00000000,-15.94939041,-3.80385494,-12.63125896,2.04214120,8.56809521,-1.94225502,6.65482187,17.58033180,4.12865877,-7.68517208,-11.83187294,7.94143486,-12.28515816,0.33173385,-15.81165695,5.74329138
3.00000000,-17.34808540,-4.80133486,-12.32777882,1.29344225,8.43972588,-1.59493041,6.43322420,16.95060539,3.81420684,-8.92204189,-12.48927212,7.97849655,-12.15332985,0.51653028,-15.42507076,6.95461512
3.00000000,-16.82910919,-5.11872625,-12.42415810,2.21959758,7.26338100,-1.69936073,6.90206766,17.83799171,4.50203228,-8.52187824,-12.81406498,8.02725315,-12.40038872,0.48481500,-15.45622730,6.11664820
3.00000000,-16.14539528,-4.52302694,-12.42342949,1.54352760,8.13128853,-1.70700026,7.19787216,17.61477852,4.23996401,-8.67339802,-12.41003323,8.51474476,-11.42094612,1.26304126,-15.10360622,6.70150709
3.00000000,-14.98355770,-4.04945135,-11.04090881,1.09066844,7.77546215,-1.44830573,5.90047073,15.62378025,3.92878008,-9.03687191,-11.40482044,7.86185265,-12.35543823,0.26310349,-14.00213814,6.05570030
3.00000000,-14.55835247,-4.58139563,-10.90573978,0.96404511,6.46018124,-1.32768214,5.95252705,15.78941154,3.45534539,-9.11388683,-11.34474373,7.90980721,-11.96932793,0.50364864,-14.32802963,6.48032522
3.00000000,-15.89243126,-4.50818729,-11.34370995,1.49205565,7.63295746,-1.52459288,5.73754978,17.09526253,3.47923064,-8.74311066,-11.56865311,8.23359013,-12.28775597,1.29422498,-15.48372746,6.75711727
3.00000000,-17.08840370,-4.52257299,-12.63332367,2.14233541,8.22298717,-1.90134847,7.33930874,18.65718651,4.10988855,-8.68802071,-12.64461899,8.45562935,-11.89880180,0.95131469,-15.59463692,6.42107105
3.00000000,-15.10383797,-3.90136719,-11.13527679,1.06695104,7.90817451,-1.61089242,5.82105398,16.15624237,3.40884089,-8.77053356,-11.05642509,7.79215622,-12.02309608,1.23889768,-14.97581196,6.58266497
3.00000000,-16.72431374,-4.74304438,-12.41297340,1.84092236,8.00479698,-1.50022686,7.17797422,17.97942734,4.42899513,-8.73650551,-12.65141010,8.29317284,-11.68795967,0.72531235,-14.96948433,5.99623060
3.00000000,-15.97281265,-4.23178577,-11.13062477,1.14378881,7.08890152,-1.53627241,5.76103020,16.02594757,3.52423239,-9.08879471,-11.59038353,7.93612385,-11.17812157,0.82925045,-14.55912399,6.19992971
3.00000000,-15.93767738,-4.05457449,-11.64217091,1.14796281,8.60801792,-1.44677532,5.87904024,15.89877033,4.44398928,-8.87122536,-11.54415894,7.44110394,-12.28416252,0.41006583,-14.75798225,6.31682348
3.00000000,-15.85196018,-4.13689852,-11.35370064,1.36940694,8.62120342,-0.90774488,5.65858984,16.72593498,3.16382527,-9.23039150,-11.63075924,7.88647175,-12.17852974,1.40556610,-14.63612938,6.81395006
3.00000000,-16.23400688,-4.34028339,-12.19311047,2.04162836,7.78630352,-1.70214486,6.60119295,18.44067955,4.06388903,-8.43524265,-12.85246754,8.54410458,-12.52112198,0.76725376,-15.45842361,6.10291004
3.00000000,-16.00945282,-4.20499468,-12.29909801,1.69490051,7.84584808,-1.38987291,6.57251263,17.16166306,3.71100640,-7.85319805,-11.47963619,7.92069149,-12.38042641,0.43890938,-15.92142868,5.70612335
3.00000000,-15.97824001,-4.07921839,-12.21795368,1.60370064,7.42141914,-1.87191713,6.38734102,17.80279160,3.87125707,-8.03732967,-11.95243359,8.16086292,-12.37712479,0.57115173,-15.96727276,6.22675991
3.00000000,-15.67912769,-4.36805344,-11.55754089,1.29098058,7.40136719,-1.82494879,6.40949965,17.10453224,3.80563545,-8.81390953,-11.97164059,7.92303848,-11.84238243,1.34040070,-15.12974262,6.55765533
3.00000000,-15.29382229,-4.11222601,-11.10053539,0.43510157,6.65773582,-1.22322404,6.33600521,16.28765678,3.41589522,-9.42659664,-11.32637691,8.02939606,-11.95906639,0.81702912,-14.36198044,6.20374727
3.00000000,-16.08198547,-4.52733612,-11.12659931,1.84192896,7.51208591,-1.58692837,6.12664175,17.17494392,2.96306729,-9.28077602,-12.01526070,8.29619598,-11.80539513,0.94161594,-14.43354607,6.78015423
3.00000000,-15.59910202,-4.46666336,-11.52272987,1.47444773,7.45230961,-1.47719395,5.78397083,16.56137276,3.09057236,-9.30633545,-11.69019508,8.30890942,-11.87759590,0.73089659,-14.00018597,6.43457699
3.00000000,-15.56891727,-4.51832342,-11.45274448,1.19804859,6.71300793,-1.14068294,5.97850657,16.91817284,3.79974079,-9.21451283,-11.81870365,8.09334660,-11.99344635,0.49283379,-15.17631435,6.57949495
3.00000000,-16.25083923,-3.72493887,-12.51325035,1.91769075,8.35168362,-2.09587359,6.46817875,17.56056404,3.82433152,-7.53295994,-11.76369858,7.90294361,-12.39359856,0.49842405,-15.84283257,6.02976084
3.00000000,-15.62817860,-4.40071726,-11.26141453,0.51189429,6.66429710,-0.99591959,6.34412861,16.40481377,3.67590022,-8.18262386,-11.00996876,7.69672775,-12.04858780,0.28873554,-14.76138783,6.19382048
3.00000000,-17.56865692,-4.38845158,-12.97771072,2.69701314,8.69220257,-1.88864017,6.61861753,18.32720947,4.04382324,-7.73514748,-12.71405220,8.07772446,-12.91751480,0.40196779,-16.61275673,5.81857252
3.00000000,-16.28376770,-4.83777094,-12.09152889,1.30546212,7.61957455,-0.80281276,5.88131666,16.92507744,3.69926810,-8.73827457,-11.53475094,7.66851711,-12.54701614,0.59289128,-14.71750355,6.09224844
3.00000000,-16.14387703,-3.79091787,-11.24185467,1.13139701,7.82079792,-1.17530739,5.79573631,16.88288116,3.24846244,-9.14727020,-11.40090752,8.13436508,-12.06662560,0.91333199,-14.78984928,6.61275482
3.00000000,-15.40253544,-4.47564840,-10.88660812,0.53645307,7.14227390,-1.12631500,5.82665873,16.30410957,3.79365706,-9.34433842,-11.33289909,8.09149265,-12.14106750,0.64159858,-14.79574394,6.73515654
3.00000000,-15.78421211,-4.30199289,-10.50480366,0.67974108,7.26819515,-1.60317993,5.93732738,15.43352890,2.92938638,-8.73821449,-11.44120693,7.67901897,-11.52552223,0.51557910,-14.48139954,7.03081560
0.00000000,-10.75253582,-3.71255016,-9.19936657,-1.75593722,5.74920654,-0.49957302,3.34357381,11.94603062,1.67724895,-9.01326656,-8.00216770,6.95080423,-11.21137238,0.35847938,-11.04489040,5.95769501
0.00000000,-10.90795898,-3.71014309,-9.24499702,-1.77892113,5.72336292,-0.55311632,3.43599677,11.99825764,1.78908229,-9.00131607,-8.16267681,7.02995586,-11.30068970,0.33664483,-11.00967598,6.07737637
0.00000000,-10.73391438,-3.71278381,-9.17433167,-1.74466944,5.72405052,-0.51210153,3.37620521,11.96016979,1.71866226,-9.00397873,-8.04081535,6.99504280,-11.24604034,0.30315167,-11.01041126,5.98323917
0.00000000,-10.77165794,-3.70071840,-9.21595001,-1.79880846,5.73367500,-0.53646058,3.37708235,11.98308468,1.72362983,-8.95125484,-8.04090786,7.02346182,-11.28380203,0.38447914,-10.94720554,5.99567413
0.00000000,-10.81500721,-3.68736768,-9.26695442,-1.74731719,5.74598026,-0.49813047,3.44067669,12.05357933,1.77092254,-8.94922829,-8.09702587,6.99923515,-11.25770760,0.35055703,-11.06887722,6.02411842
0.00000000,-10.76549435,-3.75734210,-9.21442890,-1.76531339,5.73355103,-0.53837848,3.44221163,11.92074490,1.73665750,-8.90138340,-8.01511288,7.06755972,-11.26272583,0.33333305,-11.09233761,5.97204018
0.00000000,-10.91392517,-3.75458860,-9.32834721,-1.74782228,5.83457947,-0.58740795,3.48203731,11.98032188,1.74714422,-8.97741318,-8.17484474,7.15836525,-11.25666046,0.34877485,-11.06522083,6.06588364
0.00000000,-10.83810711,-3.71367812,-9.31633472,-1.79664993,5.73901558,-0.54152912,3.48418307,11.95580387,1.80060017,-8.88645840,-8.12360096,7.07922363,-11.22695160,0.41848981,-11.03637886,6.05436993
0.00000000,-10.90678501,-3.69824553,-9.20991230,-1.79880667,5.79988575,-0.60986340,3.38012767,12.11405945,1.76910269,-9.06843662,-8.17032051,6.98943853,-11.24092484,0.35560304,-11.12694931,6.03145123
0.00000000,-10.84167671,-3.66274381,-9.31728077,-1.83820581,5.74448681,-0.58609509,3.41565299,11.99127960,1.74812508,-8.97477150,-8.11544895,7.02429676,-11.29085922,0.30283859,-11.05120087,6.06411648
0.00000000,-10.86039829,-3.73876357,-9.22708035,-1.83796573,5.72488689,-0.44699267,3.42577934,12.03231907,1.77502978,-8.97703075,-8.15261078,7.07060957,-11.29755592,0.33694857,-11.02648163,6.05527687
0.00000000,-10.86188698,-3.73343015,-9.28240490,-1.74019492,5.75329399,-0.48528096,3.46840262,11.97972870,1.72808456,-8.99413776,-8.18504047,7.07586479,-11.23462677,0.34506088,-11.05356979,6.04846573
0.00000000,-10.77451420,-3.69011855,-9.23492050,-1.81175768,5.74632263,-0.47675392,3.37241960,11.95207310,1.74777377,-8.92504311,-8.04676628,7.00330591,-11.25179482,0.33781657,-10.99585724,6.01953793
0.00000000,-10.81798458,-3.71637392,-9.26471519,-1.82317674,5.73025227,-0.57284153,3.40657139,12.03039742,1.73792839,-8.95931149,-8.08795452,7.03322744,-11.20890617,0.40477628,-11.00474930,6.04912663
0.00000000,-10.87439156,-3.75923324,-9.23471832,-1.79753149,5.69547653,-0.51067924,3.44064403,11.99398327,1.76993191,-8.93498611,-8.12102985,7.01651049,-11.28480530,0.32918540,-11.02484512,6.04364777
0.00000000,-10.82694626,-3.72097445,-9.26852608,-1.76753116,5.78272438,-0.56046218,3.44199944,12.03705120,1.76381230,-8.98910332,-8.11447144,7.05124617,-11.26008224,0.37370428,-11.05977917,6.01482964
0.00000000,-10.86701202,-3.69210744,-9.29566479,-1.77030301,5.74403000,-0.53111845,3.45426536,12.00056362,1.74425590,-8.94314194,-8.08448887,7.04321432,-11.23902130,0.30812854,-11.07259750,6.04809856
0.00000000,-10.89713192,-3.76341200,-9.30736351,-1.82100761,5.75820255,-0.53431034,3.46997595,12.01890659,1.73633146,-8.87786579,-8.10766792,7.02022076,-11.29690933,0.35745203,-11.11237812,6.02191544
0.00000000,-10.92151928,-3.71095181,-9.21005154,-1.78994918,5.77927113,-0.59292203,3.42204022,12.02806377,1.74902844,-8.93836117,-8.16680813,6.96945858,-11.27780724,0.33126408,-10.99910736,5.96359539
0.00000000,-10.78681374,-3.75825572,-9.20023251,-1.79790616,5.77400589,-0.48347446,3.37987971,11.99878883,1.78051603,-8.94424152,-8.09634876,7.02919674,-11.21798897,0.35759154,-11.04866600,5.95825577
0.00000000,-10.79451656,-3.70432711,-9.29896259,-1.78701472,5.73502254,-0.51989931,3.37756228,12.09793568,1.77795780,-8.99641037,-8.12261295,6.97679710,-11.30580139,0.34182012,-11.01784801,6.01106834
0.00000000,-10.79018497,-3.72070956,-9.25031757,-1.74895430,5.79668331,-0.55958295,3.43687654,11.94239140,1.77888596,-8.89417839,-8.01433849,7.02682352,-11.28181076,0.30204049,-11.07745934,5.97393799
0.00000000,-10.73921967,-3.68743849,-9.23608398,-1.84591687,5.84312534,-0.54781616,3.35861063,11.90339470,1.69930565,-8.89646149,-7.99882412,7.03510714,-11.28357124,0.34499663,-11.03710365,6.04766273
0.00000000,-10.76043510,-3.67628098,-9.25598145,-1.79281282,5.77427197,-0.54484153,3.40204430,12.01005077,1.68459690,-8.96117401,-8.03916836,6.95058537,-11.29373550,0.37454671,-11.04650021,5.95753956
0.00000000,-10.77397442,-3.68899989,-9.20726395,-1.79143703,5.70955276,-0.51386082,3.34824276,11.95824051,1.69731736,-8.94804478,-8.08470821,6.99586678,-11.23622322,0.35251746,-11.01636600,5.99786663
0.00000000,-10.83471489,-3.67279077,-9.18459511,-1.78500807,5.73486233,-0.48581758,3.38280964,12.00599098,1.76126111,-8.97805214,-8.06387329,6.97611904,-11.24365234,0.38396701,-11.04886246,6.02958965
0.00000000,-10.84317112,-3.66824365,-9.19841480,-1.78120577,5.74171734,-0.52584922,3.34175992,12.01051521,1.74339783,-8.98554897,-8.08101273,6.95608902,-11.28404045,0.31920642,-11.08341789,6.01861382
0.00000000,-10.77832222,-3.71423769,-9.23170090,-1.81097829,5.77079391,-0.47118971,3.40406322,11.96314335,1.76748252,-8.92336369,-8.04806328,7.00695276,-11.22517967,0.35142827,-11.07067585,6.00815010
0.00000000,-10.77960014,-3.71189094,-9.23359585,-1.81776929,5.73938560,-0.49424335,3.38652658,11.98744965,1.73581052,-8.90099335,-8.07053852,6.97337627,-11.28345871,0.37624574,-11.04726028,6.03323174
0.00000000,-10.70898247,-3.70266342,-9.29307079,-1.79800999,5.67522144,-0.49917951,3.36961150,11.93799114,1.74835467,-8.97127056,-8.06690407,7.04356289,-11.20132446,0.26630491,-11.01728249,5.94501972
0.00000000,-10.87976074,-3.70412469,-9.28452873,-1.72925067,5.72627258,-0.53101754,3.42790055,11.96405506,1.82150924,-8.90954876,-8.10322762,6.98331118,-11.24228096,0.41271147,-11.04821301,5.96359634
0.00000000,-10.80398178,-3.70580101,-9.27823067,-1.80836737,5.70465088,-0.48686233,3.41679239,11.98565769,1.80086768,-9.01388454,-8.15061474,7.01078796,-11.33621597,0.33647907,-11.08031750,5.97914982
0.00000000,-10.80144119,-3.82408977,-9.25889874,-1.78515887,5.76257420,-0.53764355,3.36569762,12.04691982,1.68147933,-8.99126244,-8.06873417,7.02212572,-11.23967743,0.34255618,-11.12224579,5.96852779
0.00000000,-10.83259773,-3.74083447,-9.18326378,-1.80079985,5.75373745,-0.51614130,3.43258786,12.06045723,1.73531091,-9.01815033,-8.05991554,7.03313208,-11.31559753,0.35126400,-11.03278732,6.00403881
0.00000000,-10.79582119,-3.69872665,-9.14044666,-1.80689156,5.73577118,-0.52972084,3.29080081,12.00249577,1.73139405,-9.02016449,-8.01903439,7.04025602,-11.21387291,0.33098584,-11.07817745,6.03922176
0.00000000,-10.87966347,-3.69858575,-9.13757515,-1.85316551,5.71076012,-0.54177088,3.38266587,12.01565456,1.73066258,-9.02397728,-8.09528255,7.03066349,-11.30616760,0.36412022,-11.03861141,6.06044388
0.00000000,-10.83630848,-3.68668747,-9.22867966,-1.87417412,5.70888519,-0.50617486,3.38280392,11.99262714,1.70563519,-8.99609661,-8.07640839,7.01029110,-11.29098511,0.35749942,-10.97431564,6.01662254
0.00000000,-10.84298038,-3.74157524,-9.33319283,-1.77898860,5.79888344,-0.59156114,3.43738747,12.00471687,1.80929840,-8.93651199,-8.11458778,7.04498005,-11.16799164,0.34764314,-11.07685852,6.01324177
0.00000000,-10.81436062,-3.64810419,-9.35633945,-1.78792202,5.79082203,-0.56789112,3.43818998,11.97112370,1.75671506,-8.90277576,-8.04130936,7.02009344,-11.25531578,0.35507423,-11.10168934,6.00305367
0.00000000,-10.88609505,-3.68947387,-9.23406410,-1.85913622,5.74793720,-0.51413471,3.40978575,12.05772114,1.78025103,-8.95528126,-8.14672565,7.09139776,-11.28320312,0.41701806,-11.01491261,6.05040932
0.00000000,-10.83402729,-3.70429063,-9.25638390,-1.79393506,5.77969837,-0.57592857,3.43708539,12.02041340,1.69292021,-9.00383854,-8.17261887,7.03931904,-11.28678513,0.35405305,-11.01799011,6.03901577
0.00000000,-10.81295013,-3.73192000,-9.25080776,-1.78136826,5.78988838,-0.53032464,3.43100309,12.00035286,1.75643742,-8.95287037,-8.00548363,7.05438042,-11.23594856,0.41464806,-11.07820702,6.02630424
0.00000000,-10.81938267,-3.73160148,-9.30273056,-1.80699348,5.73365879,-0.48739704,3.45911384,11.93050766,1.72562838,-8.95640469,-8.14371395,7.03931904,-11.23469734,0.32061318,-11.03115082,5.98701382
0.00000000,-10.75384331,-3.72930789,-9.21776295,-1.77258503,5.75116444,-0.51227969,3.40599871,11.98460293,1.74702847,-8.93415260,-8.02296257,6.98251247,-11.25078773,0.42969310,-11.04673290,6.01106071
0.00000000,-10.78423405,-3.70391870,-9.21005726,-1.77933109,5.70303345,-0.50689077,3.32889271,12.03096867,1.73026097,-9.00989723,-8.09315872,6.97097921,-11.25296783,0.34494793,-11.01612282,6.01637650
0.00000000,-10.73132706,-3.72975016,-9.16314983,-1.78404379,5.76187801,-0.54099858,3.31412673,11.98117733,1.67690337,-8.99171925,-8.01243210,7.00111532,-11.27383041,0.32045662,-10.99503136,6.00588894
0.00000000,-10.76713848,-3.72759938,-9.18134308,-1.81013203,5.75755310,-0.54672575,3.32060242,11.96735764,1.73205972,-8.94551182,-7.98169851,6.95955896,-11.18564224,0.33093572,-11.00878334,5.95505905
0.00000000,-10.82151699,-3.76174879,-9.20068550,-1.77215326,5.73021030,-0.55025667,3.39302945,12.02367115,1.77350020,-8.94200897,-8.07043457,7.01990795,-11.28687859,0.31501973,-11.04884243,6.02791309
0.00000000,-10.76116657,-3.71307254,-9.19230175,-1.82152653,5.73621464,-0.52117449,3.39093757,11.97130680,1.70732129,-8.96714783,-8.08916664,6.99797297,-11.28419876,0.35458967,-10.95975399,5.98669720
0.00000000,-10.81494141,-3.69009495,-9.20100307,-1.75713122,5.74760437,-0.47499868,3.29233718,12.01997662,1.73673809,-9.02975273,-8.10797310,7.00817060,-11.31517982,0.32133374,-10.95561123,6.02056408
0.00000000,-10.75256062,-3.69155455,-9.16201401,-1.82862437,5.79956341,-0.47615585,3.30315042,11.95371342,1.71650791,-8.99275303,-7.97661829,6.97581196,-11.27169991,0.41540951,-10.98828411,6.03176689
0.00000000,-10.82033539,-3.71207523,-9.33522511,-1.78345490,5.69948101,-0.52392447,3.38842821,12.01457977,1.77327108,-8.96917343,-8.11748219,7.01368237,-11.29624939,0.33970863,-11.03262329,5.98028564
0.00000000,-10.84665203,-3.69392133,-9.23220253,-1.84917772,5.74032593,-0.61149895,3.37729192,12.06125069,1.72877860,-8.99540329,-8.13682938,7.05417871,-11.27114487,0.40272862,-11.02924633,6.01356506
0.00000000,-10.84828758,-3.72369409,-9.21789551,-1.77423894,5.81993389,-0.52448016,3.44445825,12.02614307,1.74321151,-8.96411324,-8.08426380,7.02126169,-11.20702362,0.31457672,-11.00728703,6.10860825
0.00000000,-10.86183453,-3.75903463,-9.18726254,-1.81399596,5.81783199,-0.51714134,3.37938285,12.03099537,1.74413157,-8.96659374,-8.03034592,7.07376146,-11.26967812,0.38192400,-11.06145287,6.05580044
0.00000000,-10.88320065,-3.72833490,-9.31531811,-1.77831161,5.76395893,-0.53408891,3.47585750,12.00374126,1.71875775,-8.97124004,-8.08979130,7.11598206,-11.29410934,0.32797146,-11.04797935,6.00158978
0.00000000,-10.72935772,-3.70953250,-9.21593475,-1.78651214,5.75019455,-0.53058690,3.38421082,11.92579651,1.66099727,-8.90175533,-8.03958607,6.99446011,-11.22063446,0.35481137,-11.01186562,5.96190929
0.00000000,-10.88742542,-3.70098829,-9.32066536,-1.79020166,5.81666565,-0.55214721,3.47012806,12.02071571,1.77126825,-8.96016598,-8.13890362,7.02210569,-11.31001091,0.35301548,-11.07349682,5.99952316
0.00000000,-10.87461090,-3.70062065,-9.21740532,-1.84680128,5.77640724,-0.54560989,3.36646152,12.06953335,1.74056113,-9.01859474,-8.10884190,6.98758745,-11.34359360,0.35572481,-11.03253555,5.99730682
0.00000000,-10.86086178,-3.76872540,-9.28383636,-1.75542915,5.81985950,-0.54889405,3.36819983,12.08612442,1.71976268,-9.01689529,-8.11758709,7.06886482,-11.27666473,0.30712196,-11.09289551,5.95750904
0.00000000,-10.81609249,-3.69511008,-9.22983456,-1.79530978,5.78677654,-0.53214169,3.42845845,11.98251152,1.73483074,-8.96404839,-8.06320858,7.04022026,-11.26985359,0.26980081,-11.02538586,6.04664040
0.00000000,-10.85895538,-3.74496579,-9.21762562,-1.76339746,5.72058678,-0.54459959,3.40256643,12.03586388,1.73959696,-8.98839474,-8.11628246,7.03524542,-11.23745155,0.33946952,-11.06972218,5.99098682
0.00000000,-10.82460880,-3.73956323,-9.17652702,-1.75944710,5.83217812,-0.53479677,3.43711758,12.00638008,1.82172883,-8.90343094,-8.13750172,6.99732018,-11.22048378,0.31170371,-11.01329136,6.04714394
0.00000000,-10.71492577,-3.70202255,-9.16361713,-1.81178141,5.75132465,-0.53638452,3.35064721,11.92784882,1.72501481,-8.94567299,-7.99858427,6.95527077,-11.22678757,0.34376720,-10.99381351,5.99070740
0.00000000,-10.81772900,-3.73246574,-9.16648674,-1.83034098,5.75164890,-0.50953645,3.37738180,11.99608517,1.68451035,-8.98109818,-8.11252308,6.98390627,-11.28505707,0.40388790,-11.03746414,6.09542656
0.00000000,-10.90243912,-3.79842663,-9.34661961,-1.75738680,5.76197147,-0.47092888,3.47382402,12.09874725,1.85724747,-8.89239502,-8.23126507,6.96550417,-11.28900719,0.40084711,-11.11814308,6.04693794
0.00000000,-10.75400066,-3.69844675,-9.18670368,-1.79036045,5.68633366,-0.51081830,3.35766625,11.99290371,1.70551789,-8.98692608,-8.05732632,6.95591497,-11.24673080,0.34701860,-10.99239063,6.00300312
0.00000000,-10.82181358,-3.74122882,-9.26070786,-1.73093081,5.74435711,-0.51314557,3.38070226,12.12494659,1.73091412,-8.98022747,-8.15440464,7.05066490,-11.25222206,0.35493264,-11.05797482,6.01896000
0.00000000,-10.91343403,-3.72046924,-9.24601078,-1.71519613,5.77092743,-0.59342343,3.43114972,12.14884090,1.77156472,-8.92457390,-8.19281960,7.04211807,-11.23028374,0.37952986,-11.09427452,6.14834118
0.00000000,-10.83040047,-3.75413966,-9.27398491,-1.80930579,5.82084751,-0.55039448,3.40170574,12.03971958,1.73720026,-8.92110062,-8.09905338,7.01174355,-11.27797508,0.37394249,-11.09187222,6.03394127
0.00000000,-10.80151176,-3.72380853,-9.26666737,-1.76471460,5.69410229,-0.53049350,3.43524742,12.00902462,1.76884341,-8.95562744,-8.11330795,6.99768591,-11.26584244,0.33646232,-11.06883621,5.96844292
0.00000000,-10.79477501,-3.74424767,-9.20478725,-1.81582582,5.66480637,-0.55366397,3.37470484,11.92685604,1.68861604,-8.96327400,-8.06964779,7.06790638,-11.27173042,0.33891964,-10.99158001,5.99395657
0.00000000,-10.78593445,-3.71569681,-9.12951660,-1.78981745,5.76097870,-0.51166362,3.34103036,12.03165245,1.68036711,-8.97612572,-8.05585003,7.01389313,-11.32663536,0.39652294,-11.01343536,6.00611115
0.00000000,-10.84531498,-3.72353005,-9.23315716,-1.77137721,5.68879890,-0.50805229,3.42036724,12.00664234,1.79857528,-9.03204632,-8.13434410,7.03797388,-11.26058197,0.35814863,-11.01667976,6.01708317
0.00000000,-10.87226009,-3.68673944,-9.27448654,-1.82231224,5.71331215,-0.54480404,3.34636545,12.06581879,1.73133194,-8.99268436,-8.15195274,6.99095535,-11.32035828,0.28201669,-11.02655220,5.98250294
0.00000000,-10.79908562,-3.74383187,-9.24441910,-1.77334142,5.80826664,-0.53917128,3.37838435,11.94935703,1.71970916,-8.91201019,-8.03609276,6.99799156,-11.28462601,0.36010352,-11.00631523,5.98060322
0.00000000,-10.81318092,-3.75521088,-9.26798248,-1.80232906,5.81494236,-0.51489979,3.44651508,12.14710045,1.78226984,-8.95690250,-8.15367031,6.99452114,-11.33364868,0.29376453,-11.05792046,5.97631836
0.00000000,-10.75447655,-3.68541312,-9.27485752,-1.80189931,5.77824974,-0.54633641,3.34289384,11.96714783,1.73949850,-8.92552662,-8.05316639,6.98218346,-11.16234970,0.36880851,-10.97243690,6.07280159
0.00000000,-10.80133247,-3.75652719,-9.29170036,-1.73223817,5.82647133,-0.53325623,3.44362640,12.04054356,1.73859453,-8.99278069,-8.11999130,7.02978849,-11.21353531,0.32941440,-11.04841328,6.07608414
0.00000000,-10.87252617,-3.68037558,-9.21966839,-1.73753393,5.74110126,-0.56550229,3.41504693,12.00947094,1.75199580,-9.03185177,-8.10116863,6.99455690,-11.30514145,0.29891777,-11.05588245,6.08410358
0.00000000,-10.87242603,-3.69003177,-9.19801712,-1.77533913,5.73683071,-0.55387300,3.45666552,12.12288952,1.78931892,-9.01618099,-8.21989727,6.98402739,-11.28204155,0.37751701,-11.06109905,6.02869129
0.00000000,-10.82328892,-3.73512602,-9.15316868,-1.77667356,5.75545406,-0.54126513,3.40329242,12.01482773,1.71633160,-8.94758224,-8.10666466,6.96387196,-11.27615929,0.36506662,-11.07220650,6.05179214
0.00000000,-10.82346153,-3.72382450,-9.20847988,-1.78845870,5.76095009,-0.54542953,3.42639422,12.02619362,1.78902972,-8.91296673,-8.10273647,7.00129366,-11.23987389,0.43051952,-11.05946350,6.00979233
0.00000000,-10.83699894,-3.70046592,-9.25767040,-1.81744909,5.74737453,-0.54498971,3.45620131,12.02720833,1.69316447,-8.97573757,-8.14280891,6.99809408,-11.31388474,0.36135444,-10.97922897,6.03349304
0.00000000,-10.85368347,-3.72284722,-9.22876930,-1.82726836,5.69397259,-0.58340061,3.38067746,12.02203083,1.69424582,-8.99004745,-8.08498478,7.03350782,-11.31467056,0.37389976,-11.03923035,5.99361610
0.00000000,-10.81588268,-3.72714639,-9.15620041,-1.77175510,5.71028805,-0.49630329,3.41281056,12.03208542,1.74204338,-8.94003582,-8.12292194,7.02458954,-11.24966431,0.38008553,-10.99435997,6.14046478
0.00000000,-10.72804642,-3.71271658,-9.16825962,-1.78293407,5.76583862,-0.45355996,3.38211679,12.01277447,1.74817145,-8.99852085,-8.01009655,6.90838385,-11.27766228,0.36806887,-10.98462391,5.92499065
0.00000000,-10.85032749,-3.71878076,-9.30264568,-1.82051647,5.73244858,-0.46147153,3.45356846,11.99719143,1.79360485,-8.85734749,-8.06970024,7.00619268,-11.28835297,0.37430751,-11.09352207,6.02887917
0.00000000,-10.81491280,-3.72840595,-9.26166630,-1.75425816,5.72805023,-0.56023103,3.41793776,11.94350910,1.76696825,-8.90862465,-8.03148365,7.01744223,-11.26041603,0.33321935,-11.06774902,5.99715233
0.00000000,-10.82162666,-3.73289824,-9.21334076,-1.84681594,5.74520874,-0.47740063,3.32456350,12.09148312,1.75946009,-8.99465370,-8.12417984,6.96918917,-11.22682381,0.34095570,-11.01103306,5.99381256
0.00000000,-10.78298473,-3.69769073,-9.32691097,-1.82139921,5.76217747,-0.51436257,3.42350841,12.04945564,1.70956194,-9.00995255,-8.18088150,7.03182936,-11.25864983,0.30439261,-11.02189541,5.97925282
0.00000000,-10.85759735,-3.71985316,-9.26605511,-1.77224624,5.74351692,-0.53213108,3.45817256,12.06547070,1.77377176,-8.94162178,-8.12495232,7.04976034,-11.22397804,0.36865535,-11.02174854,6.05793476
0.00000000,-10.76913834,-3.69824481,-9.20065403,-1.82517648,5.72091103,-0.52331060,3.34758925,11.99018097,1.72585130,-8.93648815,-8.07723713,7.03920603,-11.24158096,0.38498721,-10.94513226,6.01351643
0.00000000,-10.81891727,-3.76294756,-9.20639610,-1.80147111,5.72547722,-0.54090691,3.40980506,11.96131897,1.75064588,-8.99372673,-8.06018353,7.05555296,-11.22880554,0.32881704,-11.03256893,5.99545765
0.00000000,-10.86716175,-3.69418883,-9.24383450,-1.76281261,5.76507854,-0.48977908,3.39686704,12.06664467,1.74350810,-9.00678539,-8.08195305,7.05119467,-11.26630402,0.36142832,-11.09390163,6.04580879
0.00000000,-10.81059265,-3.68797636,-9.28179932,-1.79497778,5.70365143,-0.58089203,3.45529389,12.01662445,1.71313691,-8.96616936,-8.09711933,7.04908705,-11.30323792,0.34846866,-10.99160099,6.05489445
0.00000000,-10.79221058,-3.64769816,-9.14032459,-1.73277986,5.69646454,-0.51997608,3.34052086,11.97854137,1.65882850,-9.04100990,-7.96341467,6.92272758,-11.26122665,0.35699597,-10.99761581,6.04442024
0.00000000,-10.87089825,-3.66386676,-9.15107441,-1.77150679,5.78076553,-0.55627197,3.39125752,12.02226830,1.70943964,-9.01443195,-8.11215496,6.99125338,-11.23481750,0.41837707,-11.03552532,6.12322044
0.00000000,-10.74702168,-3.68404031,-9.18308544,-1.81379104,5.68405437,-0.54680467,3.33543110,11.94423771,1.70290601,-8.96106243,-8.04604053,6.96304607,-11.22522354,0.37096033,-11.03106308,6.03066063
0.00000000,-10.82814598,-3.73842096,-9.21638870,-1.76111770,5.72998619,-0.48176923,3.39508319,12.13825893,1.75941396,-8.97561932,-8.05801201,7.00954819,-11.29082680,0.32127351,-11.01463985,5.97760391
0.00000000,-10.76287460,-3.67005253,-9.18877792,-1.81182671,5.74869347,-0.53001714,3.33921623,11.94039059,1.71833909,-8.98033810,-7.99411917,6.95748281,-11.25005150,0.34840173,-10.99210930,5.94986057
0.00000000,-10.85703182,-3.69207239,-9.34499741,-1.82443118,5.75894165,-0.53394502,3.42662024,11.95709515,1.71018791,-8.98000145,-8.09749603,7.02017736,-11.21906281,0.29343849,-11.09108925,5.96039486
0.00000000,-10.86905098,-3.70988178,-9.32365036,-1.72784519,5.81719112,-0.57239264,3.46332479,12.11028957,1.72191441,-8.99666786,-8.17553425,7.06141424,-11.30331802,0.35128355,-11.02276897,6.10042286
0.00000000,-10.89523983,-3.63639116,-9.26678181,-1.81014204,5.79453945,-0.59885925,3.40487576,12.02769184,1.72601509,-8.91595650,-8.19556999,7.01967478,-11.28995705,0.32702732,-11.05399799,6.04396343
0.00000000,-10.89120102,-3.70651531,-9.27775478,-1.81058681,5.66985703,-0.48383567,3.40156150,12.04966640,1.74360621,-9.11830139,-8.11192989,7.06076717,-11.31530190,0.35572252,-11.08277225,6.01144695
0.00000000,-10.71300793,-3.71094513,-9.18942833,-1.85033500,5.72164154,-0.54252332,3.37715292,11.95571995,1.70884919,-8.97678757,-8.07220078,7.02604723,-11.24193954,0.32643798,-10.95064545,5.96259499
0.00000000,-10.82073498,-3.71255493,-9.20956707,-1.78145671,5.76455402,-0.52914560,3.31703830,12.03976250,1.76463509,-8.97347260,-8.08764744,6.98573780,-11.30052757,0.32708150,-11.03956127,6.05967236
0.00000000,-10.86116123,-3.72867465,-9.21342373,-1.76024020,5.77513218,-0.50798309,3.35665894,12.04900265,1.80556369,-8.93581867,-8.07609081,6.97841072,-11.25123024,0.33468172,-11.08141041,6.03707790
0.00000000,-10.84466934,-3.76161218,-9.23152733,-1.81477392,5.74382305,-0.53449333,3.37497354,12.13764381,1.77041554,-8.95743275,-8.11943340,7.05188417,-11.31279945,0.28582922,-11.06947994,6.01520443
0.00000000,-10.84852505,-3.69578695,-9.27757740,-1.78529286,5.77541924,-0.58557892,3.43586493,12.04863644,1.68145275,-9.04964733,-8.17759514,7.02552938,-11.30033493,0.30842641,-11.06444454,6.06952953
0.00000000,-10.77488232,-3.68632960,-9.21587276,-1.82011187,5.70711708,-0.55658931,3.36639190,11.93319321,1.66231430,-9.03431797,-8.00038719,7.00392914,-11.24773788,0.30324492,-10.96790695,6.01727295
0.00000000,-10.80472565,-3.71948099,-9.21625233,-1.71802974,5.79942608,-0.53960550,3.44242358,12.04816246,1.75492179,-8.96238708,-8.07456970,6.99910402,-11.23137474,0.38376644,-11.07479668,6.04615593
0.00000000,-10.77549267,-3.70667052,-9.26814938,-1.77009964,5.83149147,-0.60187143,3.36819673,12.01648235,1.72577310,-8.97272205,-8.14423752,6.96898127,-11.25034332,0.30590656,-10.99467087,6.01420975
0.00000000,-10.80961800,-3.71401238,-9.18760204,-1.80097115,5.71519470,-0.50275522,3.41217804,11.98797512,1.66158891,-9.01683331,-8.02581120,6.98011780,-11.24974060,0.38972586,-11.03835964,6.03553295
0.00000000,-10.78824043,-3.71383047,-9.27521896,-1.75115597,5.73321056,-0.51680136,3.35466337,12.00764275,1.74851620,-8.94863510,-8.06604767,6.98596668,-11.24404907,0.36406329,-11.01136112,5.97599316
0.00000000,-10.88720703,-3.71228242,-9.20480061,-1.76412976,5.76819420,-0.52655375,3.41258311,12.06653976,1.74947476,-8.95155716,-8.14423656,6.98993063,-11.26603508,0.37580317,-11.09357548,6.08343029
0.00000000,-10.73976326,-3.70859098,-9.19052982,-1.83275378,5.69957924,-0.51584280,3.40398812,11.94283295,1.70849574,-8.94196415,-8.07366657,6.94012547,-11.25635338,0.29015988,-10.95661736,6.05035210
0.00000000,-10.84735870,-3.74683714,-9.23952198,-1.81196475,5.74594975,-0.48910603,3.41266775,12.07824230,1.79771125,-8.96641350,-8.10748196,7.04278326,-11.30159378,0.29122314,-11.05949879,5.98255253
0.00000000,-10.80625820,-3.73597074,-9.19915581,-1.84244907,5.79388714,-0.49773189,3.33972049,11.99281216,1.75650406,-8.95655441,-7.98629427,7.02434015,-11.22276497,0.30344802,-10.99766827,6.03914070
0.00000000,-10.77960110,-3.75199461,-9.26415348,-1.74947751,5.79069805,-0.54749417,3.39760923,11.93044090,1.76123381,-8.89919662,-8.03311920,7.02797937,-11.28262329,0.33755276,-11.06162643,5.99292374
0.00000000,-10.77689457,-3.77242756,-9.25977993,-1.74485302,5.85382557,-0.61007023,3.41997886,12.13438129,1.77409136,-8.97644711,-8.15774536,7.02290773,-11.31362724,0.37804186,-11.09454060,6.06299686
0.00000000,-10.86965370,-3.64987922,-9.41045952,-1.76224899,5.82078075,-0.55695379,3.49436593,12.00472260,1.74222159,-8.93750000,-8.20997524,7.05757523,-11.26303482,0.37602067,-11.08482838,6.11050224
0.00000000,-10.95417690,-3.82368040,-9.29912281,-1.82029521,5.78789234,-0.52068424,3.40303111,11.98436832,1.81095648,-8.88731861,-8.11476326,7.04136753,-11.26842690,0.30831414,-11.11234474,6.07481766
0.00000000,-10.81707954,-3.69364119,-9.25417042,-1.81927383,5.76412487,-0.54834318,3.39177132,12.00291061,1.74484396,-8.95749664,-8.12028027,6.97464275,-11.33206749,0.30625612,-10.98252964,5.97742081
0.00000000,-10.85866356,-3.68448162,-9.22021198,-1.79299808,5.63492012,-0.54235256,3.44925451,12.03125858,1.71989214,-8.97020340,-8.21705055,6.99583149,-11.27240944,0.34586999,-11.01416969,6.05023193
0.00000000,-10.85076618,-3.74499846,-9.27868271,-1.75420189,5.74838066,-0.54098040,3.40754724,12.04394150,1.71722150,-8.95110035,-8.14019871,7.02734709,-11.25851059,0.35570654,-10.99791908,5.98365211
0.00000000,-10.78997803,-3.73916125,-9.23943806,-1.83411920,5.75884438,-0.53446162,3.42529893,11.94506550,1.71776986,-8.90935326,-8.07796860,7.01430273,-11.23523521,0.30079615,-11.01266575,5.98509026
0.00000000,-10.86729240,-3.71288681,-9.27620029,-1.86838627,5.74238014,-0.53554934,3.39352846,11.98170757,1.73503315,-8.99739933,-8.11435604,7.05476713,-11.24394798,0.34659678,-11.08010292,6.00245857
0.00000000,-10.82127953,-3.72098613,-9.29764938,-1.75550079,5.75725937,-0.56820685,3.42273736,12.07048512,1.74587131,-8.95450497,-8.14460850,6.95688486,-11.22614098,0.36646926,-11.02194881,5.99754429
0.00000000,-10.89017868,-3.73968029,-9.19806099,-1.79380667,5.82308865,-0.53243256,3.42420697,12.03248596,1.74503565,-8.99944973,-8.13612747,7.01223898,-11.26559448,0.36297587,-11.06727409,6.08695221
0.00000000,-10.80587864,-3.71957159,-9.22892952,-1.75959432,5.80102730,-0.54340285,3.39414120,12.03930187,1.70128620,-8.97130871,-8.04394817,7.01802301,-11.27679825,0.34621522,-11.05527687,6.06671333
0.00000000,-10.78116989,-3.74605393,-9.21488380,-1.81517947,5.73063946,-0.53894770,3.36995530,11.98725891,1.79347932,-8.92874432,-8.03275585,6.93965864,-11.24862289,0.35996181,-11.05349541,6.03886318
0.00000000,-10.82955647,-3.65570498,-9.31539154,-1.75088716,5.77362823,-0.52642721,3.39067984,12.01452255,1.79654801,-8.95145798,-8.11456013,7.03169727,-11.25184250,0.41087359,-11.04917145,5.99312305
0.00000000,-10.85197449,-3.78717256,-9.23264122,-1.82414484,5.77138233,-0.49753979,3.39710236,12.01474476,1.80076563,-8.86601448,-8.04644966,7.03343391,-11.31496429,0.41167760,-11.15105915,6.05099487
0.00000000,-10.85395145,-3.69596624,-9.24801350,-1.85829437,5.78787327,-0.57136041,3.42251062,12.00168514,1.67457676,-8.96549797,-8.14951515,7.02047825,-11.27971268,0.37169960,-11.03296471,6.06454754
0.00000000,-10.93102264,-3.78376698,-9.22900772,-1.81007636,5.74932957,-0.46538547,3.37302780,12.05858612,1.80543661,-8.97256947,-8.13743210,7.05190039,-11.32033539,0.36762056,-11.06898594,6.06175518
0.00000000,-10.93299580,-3.68468022,-9.18025684,-1.80028796,5.75256634,-0.50726658,3.45311809,12.07557487,1.71532190,-9.01767826,-8.12817955,7.00630045,-11.24035454,0.31072217,-11.07458591,6.04843712
0.00000000,-10.77086639,-3.74760652,-9.20701599,-1.82430780,5.76365376,-0.50976366,3.40534592,11.98185825,1.73287582,-8.98520088,-8.09644985,7.04356575,-11.32186127,0.36088324,-10.96605301,5.99145889
0.00000000,-10.86414528,-3.73975039,-9.27760220,-1.77682102,5.77094936,-0.54372835,3.43577933,12.08212948,1.69434822,-8.96877766,-8.22123146,7.01886320,-11.24377823,0.33109200,-11.00479794,6.04620838
0.00000000,-10.79714394,-3.70989752,-9.14018440,-1.80234730,5.67973900,-0.51909912,3.34483147,12.03165913,1.73151338,-8.99920845,-8.04001331,6.98536587,-11.24689865,0.31198210,-10.98352146,6.05007172
0.00000000,-10.81361580,-3.73537135,-9.36870480,-1.85243237,5.71664619,-0.55274183,3.49298716,11.98620224,1.73304546,-8.93096542,-8.08164120,7.04831409,-11.25643730,0.37013167,-11.02773952,6.03505135
0.00000000,-10.79121399,-3.72616744,-9.21177673,-1.84642673,5.72651482,-0.54717511,3.38832164,11.96441650,1.72143567,-8.95522881,-8.01519299,7.00601959,-11.26650810,0.39509684,-11.00459957,5.97669029
0.00000000,-10.87741947,-3.72354102,-9.24951553,-1.76412678,5.76159382,-0.55146748,3.46339965,11.93512058,1.70888424,-8.96843529,-8.18388271,7.03685665,-11.34476852,0.34439763,-11.02101803,6.03882027
0.00000000,-10.87273598,-3.71509218,-9.27401257,-1.80102098,5.78067398,-0.59571624,3.40589547,12.07177830,1.67559636,-9.03680992,-8.12015820,7.03011084,-11.34348869,0.35283038,-11.04664135,6.09306240
0.00000000,-10.80427551,-3.68628621,-9.27978611,-1.83658624,5.72284603,-0.54124153,3.41688371,12.01524162,1.70898652,-8.99721432,-8.08719444,7.03880072,-11.27646446,0.34390134,-10.98122215,6.02998829
0.00000000,-10.86600971,-3.77770591,-9.26371002,-1.77287519,5.76046658,-0.48225859,3.45802164,12.04672813,1.75457239,-8.98405075,-8.14592934,7.00979757,-11.31099319,0.36734605,-11.02188301,6.06206322
0.00000000,-10.81820774,-3.67916727,-9.20100021,-1.84679174,5.72030163,-0.53878987,3.33156896,12.01693344,1.75394797,-8.96796513,-8.09123230,7.01174974,-11.27168083,0.39902928,-11.01818848,6.03712177
0.00000000,-10.86524582,-3.74165130,-9.22571659,-1.74156177,5.80808258,-0.55769217,3.40898943,12.02299404,1.71152079,-8.91781902,-8.09963799,7.05690718,-11.22838974,0.38819185,-11.03557301,6.05076599
0.00000000,-10.64456558,-3.72268891,-9.15425396,-1.81813395,5.73146057,-0.49586043,3.33547449,11.88947201,1.72943068,-8.89934444,-7.97179461,6.99787664,-11.24596786,0.34718364,-10.90461636,5.89693165
0.00000000,-10.87738705,-3.81903315,-9.21282768,-1.71801293,5.70262527,-0.50035697,3.45086598,12.13625622,1.83145726,-8.89977551,-8.12689972,7.03112698,-11.30540848,0.34332916,-11.08570862,5.96223354
0.00000000,-10.77014160,-3.70158172,-9.24929237,-1.77150095,5.70489788,-0.49196336,3.40861106,11.92738724,1.76822662,-8.93459511,-8.03471565,6.99130678,-11.23930359,0.37599581,-11.02690029,6.06946659
0.00000000,-10.85119343,-3.75447178,-9.23681736,-1.82652903,5.75472546,-0.51315606,3.40676236,12.00698853,1.77552974,-8.92429066,-8.14208984,7.04300117,-11.24535370,0.37204599,-11.03647709,6.03604221
0.00000000,-10.78442097,-3.68614841,-9.21878242,-1.85211897,5.74489212,-0.48056307,3.37515044,12.03603363,1.78150249,-8.88699913,-8.07815838,6.98440027,-11.27413368,0.36120212,-10.98646355,6.03017044
0.00000000,-10.80834961,-3.78143930,-9.24993229,-1.84445417,5.74284935,-0.53786576,3.32253408,12.05694580,1.76301289,-8.95444298,-8.08278751,7.01355076,-11.19157600,0.30231297,-11.05137920,6.01366615
0.00000000,-10.85506248,-3.67364860,-9.17671776,-1.82247663,5.73052883,-0.53831279,3.38242006,12.07682705,1.71523547,-8.98821831,-8.11318302,6.99087620,-11.27548981,0.30674565,-10.98671532,6.10998726
0.00000000,-10.96045685,-3.76871800,-9.28649426,-1.79920793,5.77627373,-0.52739817,3.49071908,12.09080029,1.79538453,-8.88753700,-8.17971897,7.07693815,-11.33545303,0.40947318,-11.10508633,6.03957653
0.00000000,-10.83794117,-3.71568727,-9.24541378,-1.79036033,5.81089211,-0.53842682,3.38411736,12.01888561,1.72178829,-8.96358109,-8.08114243,7.03771782,-11.32301521,0.35310623,-11.05322552,6.06471348
0.00000000,-10.82275486,-3.70710301,-9.21595764,-1.81235480,5.74425888,-0.52405983,3.48276019,11.97402763,1.70090055,-8.97014713,-8.16273785,6.98749971,-11.25418091,0.32788840,-11.02228355,6.07404804
0.00000000,-10.79996300,-3.69969440,-9.25509453,-1.81301701,5.73932457,-0.52038401,3.42227745,11.93390846,1.73404181,-8.86569023,-8.09082317,7.01757479,-11.20055389,0.34831294,-11.01774883,6.00696373
0.00000000,-10.85758114,-3.72415257,-9.19265079,-1.79797029,5.76095581,-0.55180573,3.42117667,11.99436378,1.79438329,-9.01630688,-8.12025452,7.03499079,-11.20852661,0.40546930,-11.05889130,6.05943012
0.00000000,-10.76436901,-3.76999140,-9.20236874,-1.78297472,5.82264042,-0.50079519,3.38900137,11.96022701,1.77839267,-8.94672871,-7.98228168,7.00118685,-11.20643806,0.38413894,-11.02529049,5.98647881
0.00000000,-10.70648193,-3.70755339,-9.25904179,-1.79474330,5.80442429,-0.54597020,3.37602520,11.91129017,1.69158506,-8.91718674,-8.02281475,6.98229027,-11.20721626,0.38220650,-10.97529316,5.99575329
0.00000000,-10.79680443,-3.70311403,-9.24973488,-1.80669248,5.72024250,-0.46935937,3.36656737,11.99278641,1.78896141,-8.97531319,-8.08025837,7.04248428,-11.26963806,0.37099624,-11.03250408,5.97259521
0.00000000,-10.84349155,-3.72835898,-9.31823444,-1.76964045,5.81476593,-0.52139401,3.43932152,12.06403828,1.83571744,-8.99833679,-8.21707344,7.02987957,-11.18919563,0.33938780,-11.03701973,6.04035854
0.00000000,-10.80903530,-3.73654270,-9.17960930,-1.79091823,5.74054432,-0.52815682,3.37121916,12.01137352,1.70022380,-9.05083179,-8.06042385,7.03143120,-11.25261879,0.33839142,-11.03898525,6.01932144
0.00000000,-10.94398880,-3.73923898,-9.32540226,-1.67626238,5.75045586,-0.54076338,3.50959063,12.12794018,1.81554925,-8.91480255,-8.17461300,7.05590820,-11.30033112,0.40005144,-11.10451794,6.04723167
0.00000000,-10.81848717,-3.76614332,-9.20776653,-1.78341329,5.73991585,-0.48534706,3.40624762,12.05142403,1.76932395,-9.01091862,-8.11758995,6.94587898,-11.26338387,0.32750446,-11.03743649,6.03570747
0.00000000,-10.82191181,-3.71289730,-9.24113941,-1.73699069,5.74546051,-0.50336319,3.36082435,12.00027752,1.74671900,-9.03601837,-8.01404285,6.97973299,-11.19839096,0.38484508,-11.07601547,6.05203819
0.00000000,-10.90096283,-3.72631526,-9.25386429,-1.81580257,5.73927116,-0.51016104,3.39246631,12.01892376,1.81144500,-9.01833820,-8.16552925,7.04309511,-11.28904533,0.34365270,-11.07181263,6.02256775
0.00000000,-10.91169739,-3.69834924,-9.31622219,-1.78604484,5.85387707,-0.55233991,3.48551965,12.13248158,1.74828386,-8.97798443,-8.22569180,6.99901247,-11.26867104,0.29698724,-11.08558655,6.08985329
0.00000000,-10.83480549,-3.72238016,-9.30149460,-1.75409067,5.79439354,-0.60253763,3.43442845,12.03769684,1.69347787,-8.94480801,-8.07614899,7.00472975,-11.25255203,0.34269065,-11.01615238,6.06443882
0.00000000,-10.86923695,-3.76360989,-9.21448231,-1.74893141,5.78393269,-0.62046111,3.43175602,12.03300571,1.76837969,-9.00221348,-8.09372902,7.01376867,-11.21761131,0.33595192,-11.04934597,6.07371426
0.00000000,-10.76493645,-3.75788569,-9.17626286,-1.83941329,5.79404736,-0.52331668,3.35185027,11.97375584,1.74579501,-8.92923832,-8.00003242,6.99524641,-11.27122879,0.35162413,-11.03549767,6.04607105
0.00000000,-10.77872944,-3.72011685,-9.21826553,-1.84534574,5.71605778,-0.47410098,3.37508583,11.97260380,1.68931568,-8.99153137,-8.09061146,7.06030893,-11.28760338,0.33322617,-10.93248177,6.05136299
0.00000000,-10.74862480,-3.64046955,-9.22527218,-1.85859048,5.74306488,-0.54188615,3.35585546,11.91197014,1.74034631,-8.97055721,-8.10228443,6.93244267,-11.19897461,0.31269965,-10.96979046,6.01705742
0.00000000,-10.81794357,-3.69351363,-9.16660404,-1.74844694,5.73027897,-0.48115471,3.40602756,11.98685265,1.71532261,-9.00672913,-8.04292107,6.99774981,-11.26173210,0.39553198,-10.97540379,6.01010418
0.00000000,-10.86436653,-3.70366144,-9.17728615,-1.80191350,5.80482101,-0.50739151,3.36089063,12.06246948,1.73243105,-9.01449490,-8.11646366,6.98104429,-11.30141068,0.36208937,-11.05096626,6.03377724
0.00000000,-10.83419418,-3.78340816,-9.20480061,-1.83180737,5.72255898,-0.50417304,3.40424967,11.98183250,1.73843968,-8.95554733,-8.06886101,6.96619558,-11.26169205,0.34740096,-11.03762436,5.98392010
0.00000000,-10.81793022,-3.64763927,-9.22918892,-1.79796088,5.73159313,-0.55461186,3.39573812,11.92020607,1.75923026,-8.92165661,-8.03489017,7.03422165,-11.19914246,0.38674268,-11.05184078,6.05501938
0.00000000,-10.86601734,-3.71757722,-9.23734760,-1.83469892,5.76145744,-0.57368052,3.38701487,12.09052181,1.76617682,-8.98072052,-8.12001419,7.08302546,-11.27939796,0.34189877,-11.02686310,6.10357857
0.00000000,-10.94817734,-3.68960857,-9.20625973,-1.80630672,5.72709179,-0.52472335,3.42544961,12.00338650,1.76717865,-8.94074726,-8.21691132,7.01558733,-11.26292992,0.44561619,-11.05755043,6.10790253
0.00000000,-10.71919537,-3.70075870,-9.19973373,-1.77408195,5.72656822,-0.52088660,3.46467566,11.98521042,1.68521380,-9.03699398,-8.15021133,7.02101851,-11.24589348,0.33880329,-10.97887993,6.00804138
0.00000000,-10.82389450,-3.75565624,-9.20392227,-1.84518778,5.73285961,-0.45767048,3.39220643,12.00254917,1.79568994,-8.94453716,-8.05594349,7.01022530,-11.32635498,0.34590667,-11.03643036,5.95887756
0.00000000,-10.80000687,-3.69963622,-9.16895103,-1.78583717,5.75110054,-0.53046668,3.36803675,12.01566601,1.72099221,-8.99222279,-8.07444382,7.00853252,-11.24785805,0.39297742,-11.02410793,6.00152302
0.00000000,-10.82934666,-3.72075510,-9.26432037,-1.71196723,5.75292778,-0.51678604,3.47025943,12.10805702,1.72588456,-9.05927372,-8.18688202,6.97034025,-11.25524330,0.32092261,-11.06675148,6.00862122
0.00000000,-10.83921909,-3.75980234,-9.24101639,-1.69412804,5.69765663,-0.56296563,3.41606092,12.10802078,1.79439116,-9.01280117,-8.17866325,6.99832964,-11.23984528,0.40971115,-10.98135376,6.05856514
0.00000000,-10.83996868,-3.71866846,-9.16938019,-1.79381275,5.74818993,-0.58018619,3.36670160,11.96328640,1.72703862,-8.96998787,-7.99340296,7.05883455,-11.22174644,0.33257833,-11.04263115,6.04803753
0.00000000,-10.78864098,-3.73363495,-9.19680405,-1.76879370,5.70445728,-0.56259745,3.42857099,12.03384972,1.70342684,-9.04093075,-8.10779381,6.98597431,-11.29877663,0.30239436,-11.01237965,6.06250668
0.00000000,-10.81570911,-3.73028994,-9.22624969,-1.76939416,5.72774887,-0.60945708,3.35022688,12.04533863,1.71031547,-9.01696396,-8.10807133,7.00507498,-11.25524139,0.37760073,-11.00209045,6.00371456
0.00000000,-10.84450912,-3.72473788,-9.22083569,-1.78711295,5.79036522,-0.53318632,3.40824986,11.99977684,1.74836218,-9.00076580,-8.11620522,6.97741318,-11.25929451,0.30992037,-11.05364799,5.99678707
0.00000000,-10.79572773,-3.73033690,-9.23603535,-1.76760197,5.78026009,-0.57269460,3.46254873,12.02232933,1.75081444,-8.90778160,-8.08763504,6.98045397,-11.25380707,0.39058709,-11.05281067,5.96508884
0.00000000,-10.85948467,-3.73956728,-9.22438431,-1.88130295,5.78649330,-0.56297088,3.39924836,11.95268059,1.70008624,-8.97111607,-8.03446865,7.07420969,-11.25479317,0.29101959,-11.07921600,6.05123329
0.00000000,-10.83421421,-3.71669650,-9.26412964,-1.72858405,5.73254871,-0.52833933,3.42869616,12.02038479,1.73510969,-8.95273876,-8.16322041,7.04232407,-11.28072548,0.33020341,-10.99549484,6.03173447
0.00000000,-10.82910824,-3.73863339,-9.32785320,-1.79310644,5.76487064,-0.52952099,3.47120309,12.00639629,1.79640269,-8.89264488,-8.09886646,7.03161192,-11.20860481,0.38786259,-11.10685349,6.00074482
0.00000000,-10.78956604,-3.71696472,-9.34202480,-1.78829288,5.76913643,-0.52979857,3.42254186,11.99201298,1.77570951,-8.93672943,-8.10502148,6.98800802,-11.23040390,0.36660719,-10.97390175,6.04946136
0.00000000,-10.86259747,-3.69471240,-9.28278732,-1.84662867,5.78421116,-0.54864681,3.44975710,11.87898922,1.77619183,-8.92473793,-8.09544754,7.01041412,-11.24143600,0.39315823,-11.07284641,6.08287907
0.00000000,-10.82421017,-3.73869562,-9.31491089,-1.83436096,5.77884293,-0.48036668,3.39758682,12.07082748,1.78290176,-8.99370861,-8.14096355,7.07164383,-11.26155281,0.30991334,-11.07518482,5.95875454
0.00000000,-10.79075336,-3.69206047,-9.27074623,-1.76659095,5.72603416,-0.53582287,3.36163139,12.02755451,1.74280810,-8.97787857,-8.05194283,7.03593206,-11.24903870,0.38211504,-10.99937534,5.98156738
0.00000000,-10.80232906,-3.71324039,-9.17303944,-1.80967569,5.74963284,-0.49937525,3.35018754,12.02767944,1.70838106,-8.97584152,-7.96918678,6.94958735,-11.21832275,0.34510916,-11.01996899,6.04847622
0.00000000,-10.80411816,-3.70119286,-9.25589657,-1.77704084,5.74952030,-0.55755651,3.42178416,12.01907063,1.74519145,-8.97462368,-8.03922749,7.04960060,-11.20637703,0.37289199,-11.05699635,5.97873116
0.00000000,-10.82039165,-3.67012572,-9.21297646,-1.77570033,5.74882603,-0.47391632,3.43110776,11.86957359,1.72717261,-8.94944096,-8.04223824,6.97928953,-11.23243332,0.37052935,-11.03085709,5.99278259
0.00000000,-10.88655949,-3.69436431,-9.20409107,-1.76123846,5.76272964,-0.48907188,3.44405103,12.01076126,1.76996684,-8.98025131,-8.15321732,7.03352976,-11.30137444,0.30775058,-11.07949829,6.05896759
0.00000000,-10.74950600,-3.68198729,-9.27628231,-1.80163133,5.72198200,-0.54613560,3.39070249,12.01279545,1.72363341,-8.96028614,-8.08404350,6.98158646,-11.24476814,0.34408152,-10.94046879,5.98944187
0.00000000,-10.77695847,-3.72846961,-9.24789143,-1.75083005,5.71645641,-0.48348549,3.36536527,12.01804447,1.71407461,-8.96845913,-8.13437939,6.95856428,-11.23494148,0.33304471,-10.96653461,5.93881798
0.00000000,-10.81401157,-3.71375227,-9.19131947,-1.77974713,5.74734497,-0.50567973,3.36863112,11.99532604,1.71607399,-8.95612621,-8.05559349,7.03768444,-11.27520943,0.32420775,-11.06149960,6.02039623
0.00000000,-10.81938934,-3.70926547,-9.28402615,-1.78999877,5.71405697,-0.53024924,3.39024496,12.04360580,1.73610616,-9.01948071,-8.06514740,6.97816944,-11.19613266,0.38077271,-11.01145458,6.03959656
0.00000000,-10.90238380,-3.71147895,-9.21539688,-1.79945076,5.77210808,-0.58527130,3.41586423,12.02706623,1.71311080,-8.95634460,-8.12929726,6.96402550,-11.25667381,0.41180959,-11.03877354,6.08251858
0.00000000,-10.79235172,-3.72660303,-9.15347004,-1.76874959,5.73089695,-0.55865914,3.36415458,12.04822826,1.70564258,-9.05955791,-8.16431999,7.02008390,-11.28248024,0.37205890,-11.01279736,6.02891731
0.00000000,-10.73467159,-3.68594337,-9.19573307,-1.75766420,5.73597717,-0.57313782,3.30349493,11.94977856,1.71183491,-8.92126942,-7.98263073,6.99209023,-11.24149704,0.34453356,-11.00452518,6.00790310
0.00000000,-10.76231956,-3.68202257,-9.18958759,-1.81115460,5.75580502,-0.52920938,3.37651372,11.93677235,1.71863210,-8.97437000,-8.05066299,6.92542362,-11.24686050,0.31563658,-11.00783539,6.11514282
0.00000000,-10.77153587,-3.72580385,-9.24778652,-1.81061554,5.75840664,-0.51059920,3.37892699,11.97915077,1.69905400,-9.00206947,-8.10536861,6.98638821,-11.31117249,0.29358524,-11.00967979,6.01384926
0.00000000,-10.76467228,-3.74622321,-9.19614983,-1.79897201,5.81336403,-0.53737348,3.45399237,11.98563290,1.70368218,-8.94487572,-8.07170200,7.02135706,-11.19205475,0.31548718,-11.04090118,6.04157448
0.00000000,-10.85457611,-3.70368910,-9.36983490,-1.77983737,5.81333733,-0.51840228,3.43708348,12.01097012,1.73003387,-9.02359486,-8.19051266,7.04599905,-11.31784630,0.36706012,-11.05527878,6.11358547
0.00000000,-10.85471058,-3.71532297,-9.22196007,-1.77557421,5.75782967,-0.52078605,3.37843180,11.99028206,1.70802212,-9.00963783,-8.04637527,7.05717659,-11.27646065,0.31714842,-11.07082272,6.01513672
0.00000000,-10.82915211,-3.72904491,-9.19861889,-1.81256735,5.74437237,-0.53642619,3.39342785,11.92661572,1.68856263,-8.99375820,-8.00440025,7.05807161,-11.24682617,0.30675799,-11.04432106,5.98603058
0.00000000,-10.84214878,-3.66541505,-9.18455982,-1.81070006,5.73766899,-0.44913688,3.31722856,12.00454235,1.71243834,-8.96288109,-8.04630852,7.00815248,-11.25852394,0.35859317,-11.02000713,6.01822090
0.00000000,-10.74431705,-3.77501893,-9.23056316,-1.78985333,5.73222542,-0.48776874,3.38092685,12.06419086,1.76244009,-8.95361042,-8.08362865,7.00672388,-11.30059433,0.39038885,-11.02553844,5.97613049
0.00000000,-10.78339672,-3.73261476,-9.24806404,-1.83045125,5.73595428,-0.52159470,3.43563962,12.00609970,1.74942839,-8.87191391,-8.10046577,6.99078846,-11.29083824,0.32911044,-11.02399635,6.03918648
0.00000000,-10.74671459,-3.65194821,-9.23433113,-1.81514406,5.70803165,-0.51673198,3.37297940,11.93741417,1.70728540,-8.94457245,-8.04079437,6.97008467,-11.23802567,0.36230192,-10.95291233,6.01965523
0.00000000,-10.77197266,-3.68079948,-9.20381737,-1.82776880,5.68339252,-0.54867625,3.35512710,12.00010490,1.70039451,-8.98880672,-8.05330372,6.99648190,-11.25906372,0.30402583,-11.01952362,6.09845829
0.00000000,-10.78439140,-3.73104119,-9.20363808,-1.80985630,5.73070240,-0.51305234,3.35525417,11.96423244,1.70181382,-8.94732571,-8.07562351,6.94202995,-11.23696327,0.34324139,-10.99925709,6.02720833
0.00000000,-10.81576633,-3.72539496,-9.34780884,-1.78593528,5.77641296,-0.52616847,3.40551662,12.04396343,1.76570868,-9.00681305,-8.09204674,7.05018473,-11.20266342,0.29229707,-11.04987812,6.04856300
0.00000000,-10.77642822,-3.68471122,-9.22579575,-1.82785273,5.69789219,-0.55805546,3.40194726,12.01625633,1.72790253,-8.96838665,-8.05294228,6.96120691,-11.26438332,0.28936118,-10.97385025,6.06847668
0.00000000,-10.82256222,-3.72226882,-9.22349453,-1.80739737,5.73562717,-0.55711061,3.36487007,11.93755627,1.81261027,-8.92254257,-7.98671007,7.07159758,-11.24564552,0.35194236,-11.12664795,5.98609066
0.00000000,-10.75513744,-3.77302480,-9.22339630,-1.87119985,5.71354961,-0.47742137,3.44074965,11.98346519,1.76058543,-8.90561104,-8.08454418,6.97770739,-11.21906853,0.33705252,-11.00314999,5.92226887
0.00000000,-10.84284592,-3.73191905,-9.29312611,-1.80678034,5.67673874,-0.55658150,3.44472766,12.12163639,1.78232825,-8.94938278,-8.18276215,7.00754166,-11.27634621,0.30592600,-10.98607063,5.99019051
0.00000000,-10.81720638,-3.72025967,-9.19347191,-1.80224001,5.82258987,-0.53391343,3.35692620,12.04601955,1.74001455,-8.96071053,-8.10245800,7.05985022,-11.19797325,0.32600719,-10.99735451,6.01250458
0.00000000,-10.74114609,-3.71641278,-9.19255352,-1.87810481,5.66794109,-0.50289130,3.41504693,11.91565800,1.76037645,-8.94625473,-8.03687382,7.06081009,-11.26790237,0.31005752,-11.00156975,5.96324348
0.00000000,-10.79435921,-3.73972225,-9.27793694,-1.83468020,5.73552418,-0.52401686,3.36262894,12.03205204,1.78239739,-8.95345974,-8.14252377,7.00581741,-11.25354195,0.32827887,-11.02689362,6.02282906
0.00000000,-10.79200745,-3.72378778,-9.32122707,-1.86820316,5.74856472,-0.55559826,3.37492085,11.96703434,1.69712865,-8.97488689,-8.08162785,7.01332235,-11.22504425,0.31298655,-10.96058750,5.98571014
0.00000000,-10.84172153,-3.70369101,-9.33889771,-1.84578526,5.75056458,-0.49278960,3.45250821,11.96985245,1.78123641,-8.88951874,-8.10685539,7.02817392,-11.20931244,0.32950360,-11.05629063,6.00243759
0.00000000,-10.83867741,-3.72145200,-9.24644184,-1.77954841,5.68529987,-0.43944433,3.40848875,12.01779652,1.74769068,-8.91793537,-8.05742931,7.02139378,-11.31797600,0.41331702,-11.10253429,5.97738552
0.00000000,-10.87369442,-3.78365397,-9.23806572,-1.80831552,5.76041412,-0.51316160,3.44235945,12.03766918,1.73396230,-8.96592426,-8.18982983,7.01893902,-11.27492142,0.28062558,-11.09272194,5.99470997
0.00000000,-10.75476265,-3.69680572,-9.09664822,-1.81509018,5.71976948,-0.54316759,3.38714147,11.94929218,1.73901021,-8.97854328,-8.11003685,6.96073198,-11.25619698,0.37074631,-10.96724415,5.96960449
0.00000000,-10.85362625,-3.75576138,-9.30371952,-1.77589762,5.80357075,-0.53956378,3.45562148,12.04367542,1.78353119,-8.92525196,-8.15596485,7.02047729,-11.26629639,0.36351672,-11.00735760,6.04424667
0.00000000,-10.80889320,-3.68948627,-9.24941921,-1.81430495,5.71444988,-0.53257442,3.37709236,12.03932381,1.73994482,-9.00904369,-8.12727928,6.99897766,-11.25801277,0.33485734,-11.02264690,6.00981426
0.00000000,-10.92613220,-3.69075942,-9.27721214,-1.77623880,5.75809574,-0.52162480,3.44794154,12.09167194,1.80663717,-8.97785664,-8.14805603,7.03063726,-11.28129959,0.39586848,-11.06237602,6.03613567
0.00000000,-10.95091248,-3.70370770,-9.19113922,-1.79923081,5.74508953,-0.54037029,3.37364006,11.97134399,1.76282144,-9.01483440,-8.14563656,7.10568094,-11.28599167,0.36660624,-11.07866859,6.08000374
1.00000000,-11.18056488,-3.78889132,-9.47128868,-1.55545712,5.95429993,-0.65130597,3.51566029,12.29651642,1.84310007,-8.90061378,-8.60135365,7.06444693,-11.21553612,0.35440928,-11.41094589,6.10111523
1.00000000,-11.26495743,-4.04405260,-9.36543369,-1.50001836,5.87508392,-0.65915602,3.64363360,12.32620049,1.90117240,-8.80186844,-8.57889652,7.08487797,-11.32169342,0.29559225,-11.27618313,6.14346027
1.00000000,-11.18163204,-3.85477662,-9.40251446,-1.52908003,5.77056885,-0.59185684,3.63960052,12.30149174,1.79999650,-8.88877678,-8.46448231,7.19105053,-11.32928085,0.37450743,-11.32789135,6.07044983
1.00000000,-11.08463097,-3.96563053,-9.26707840,-1.45847952,5.85531235,-0.67346692,3.51848507,12.22709274,1.83043110,-8.82680607,-8.46096516,7.01839447,-11.37394524,0.40612525,-11.34387398,6.01726246
1.00000000,-11.12131310,-3.83999515,-9.22565556,-1.53875220,5.68085194,-0.59882164,3.57130361,12.15784168,1.83733356,-8.89304924,-8.44234943,7.05648327,-11.27256393,0.36249053,-11.26904011,5.95546246
1.00000000,-11.29059315,-3.99677181,-9.39321804,-1.50655818,5.85273457,-0.70979232,3.70089984,12.48262501,2.07115483,-8.76336575,-8.64053345,7.14183855,-11.41231728,0.42503116,-11.42648029,6.09575272
1.00000000,-11.14577007,-3.84214783,-9.46992397,-1.50476861,5.79883194,-0.64529401,3.62193322,12.29428482,1.78595519,-8.92306995,-8.30781651,6.96228266,-11.16465569,0.30035102,-11.49603081,6.02600765
1.00000000,-11.00968266,-3.93068910,-9.33446503,-1.58059371,5.87354946,-0.64489967,3.49335289,12.23555756,1.92792821,-8.84552383,-8.47328472,6.93327141,-11.26771355,0.28095314,-11.31276131,5.92793751
1.00000000,-11.02717876,-3.94108701,-9.40074158,-1.61791277,5.76149845,-0.64945370,3.64511609,12.27661991,1.86682558,-9.01454163,-8.44700813,7.05193138,-11.33162117,0.36603409,-11.36433697,6.05420685
1.00000000,-11.13623524,-4.10291862,-9.38238907,-1.51583076,5.83205891,-0.76469034,3.58121347,12.36045456,1.98725402,-8.69450378,-8.47242928,6.95277071,-11.21111107,0.35692999,-11.35469913,6.20530796
1.00000000,-11.10736942,-3.91293168,-9.45996761,-1.50574207,5.83814335,-0.58444911,3.68480015,12.39210892,1.96764958,-8.83748341,-8.54174137,7.00300121,-11.32073975,0.40384161,-11.48903370,6.04518127
1.00000000,-11.18023491,-3.89689994,-9.31924248,-1.59674537,5.72830582,-0.51737291,3.62739277,12.24854183,1.89401400,-8.78251553,-8.50168419,7.12495852,-11.30127525,0.39964083,-11.30771351,6.07548809
1.00000000,-11.18458462,-3.79207444,-9.35058117,-1.62796569,5.94000435,-0.54221493,3.72429132,12.19075012,1.82675588,-8.76692486,-8.60999966,6.94960594,-11.17754555,0.24079815,-11.45851898,6.09742641
1.00000000,-11.24936008,-3.93823671,-9.31509399,-1.55140591,5.78298950,-0.55169517,3.54820466,12.26993370,1.81782568,-8.95712566,-8.56191540,6.95096350,-11.19971466,0.32056180,-11.32926941,6.11052227
1.00000000,-11.01485062,-3.91189313,-9.36593628,-1.53872848,5.90000820,-0.68028426,3.65149832,12.19654560,1.92254817,-8.92964077,-8.45776939,7.07424641,-11.25980186,0.43392569,-11.41718483,5.95121861
1.00000000,-11.14584923,-3.89886880,-9.42580509,-1.51455712,5.88483143,-0.67786723,3.69811296,12.31225109,1.94421363,-8.83149147,-8.57686806,6.95177841,-11.30229568,0.33299550,-11.23592186,6.02891731
1.00000000,-11.09101009,-3.95007133,-9.31710052,-1.45669270,5.85290813,-0.58429277,3.66234422,12.41313744,1.94154620,-8.95692635,-8.63405418,7.17172909,-11.31262589,0.38674641,-11.07436562,6.12216663
1.00000000,-11.10794735,-3.73844695,-9.18795586,-1.57015324,5.76887035,-0.67716920,3.57860827,12.21413422,1.83252776,-8.96404362,-8.35030460,7.07517242,-11.19933510,0.38298142,-11.19346237,6.16053486
1.00000000,-11.13266468,-3.87080002,-9.39870739,-1.44261658,5.78410435,-0.76397198,3.63342619,12.33821487,1.83772242,-8.79828358,-8.47745991,7.05993223,-11.24308014,0.39283961,-11.36684322,6.06636143
1.00000000,-11.13151741,-3.82737470,-9.48575974,-1.60077143,5.91943169,-0.66878384,3.44946194,12.31603813,1.86987925,-8.87355900,-8.49784470,7.01520586,-11.19447136,0.36475974,-11.40437984,5.98228645
1.00000000,-11.21665478,-3.92998028,-9.44690514,-1.47423792,5.92347336,-0.63919312,3.71575499,12.38820171,1.79406238,-8.83743382,-8.56455421,7.12323093,-11.31387138,0.37521517,-11.29044533,6.12379646
1.00000000,-11.33747196,-3.87919760,-9.35436726,-1.66017497,5.82791233,-0.56587815,3.75635791,12.22434998,1.92257679,-8.94546127,-8.32885361,6.89757299,-11.24563789,0.33705795,-11.36098194,6.32613468
1.00000000,-11.22035122,-3.84863949,-9.32787991,-1.63976312,5.81546879,-0.72467238,3.60222030,12.35526085,1.88286352,-8.93479252,-8.40439510,6.97133541,-11.33434677,0.31812286,-11.31173611,6.07995319
1.00000000,-11.14934731,-3.79336333,-9.29513645,-1.61503315,5.77349281,-0.72881722,3.64861465,12.16943359,1.80826879,-8.89394855,-8.52637768,7.08030081,-11.26875687,0.43375260,-11.29379559,6.06370449
1.00000000,-11.27884483,-3.88936734,-9.38227367,-1.48657346,5.95146751,-0.56375766,3.64231157,12.31093311,1.83295226,-8.93130398,-8.46452999,7.08619690,-11.28259468,0.25587651,-11.29625034,6.10567188
1.00000000,-11.23418713,-3.83522820,-9.38215256,-1.55934155,5.91797638,-0.58430803,3.70560622,12.36277294,1.83021712,-9.00060940,-8.43507767,6.95214987,-11.24693680,0.46508011,-11.29227161,6.16600800
1.00000000,-11.13241768,-3.85067201,-9.39182854,-1.49216235,5.91678143,-0.67621040,3.64387941,12.30847549,1.73890340,-8.90340710,-8.56472397,7.01177025,-11.19530678,0.32358745,-11.33966827,5.98139095
1.00000000,-11.22619629,-3.93462801,-9.39341164,-1.62847590,5.87395573,-0.54442596,3.65399790,12.18800354,1.86709130,-8.88536072,-8.39041233,6.98833323,-11.14091492,0.37576702,-11.41246700,6.17041397
1.00000000,-11.04048634,-3.73951507,-9.18168545,-1.49161839,5.73386765,-0.50054097,3.43315315,12.15574551,1.85460019,-8.98708439,-8.33425999,7.13186407,-11.29016685,0.40041754,-11.29933262,6.09133244
1.00000000,-11.10118580,-3.96188498,-9.32345009,-1.54195428,5.73327160,-0.58561653,3.51469541,12.27267265,1.95153940,-8.68330193,-8.56016731,6.99158859,-11.18575859,0.34409508,-11.27279377,6.12544060
1.00000000,-11.12845230,-3.91843510,-9.27736950,-1.63811088,5.81069374,-0.53918743,3.52490902,12.20436096,1.85702527,-8.90728378,-8.45416355,7.17158079,-11.34418297,0.27926746,-11.22679996,6.05944252
1.00000000,-11.32418060,-3.87724495,-9.35132504,-1.57121181,5.74358463,-0.68818963,3.57983804,12.29494572,1.85097373,-8.97689533,-8.61911011,7.08746624,-11.23845673,0.17840515,-11.42964554,6.10404682
1.00000000,-11.13113689,-3.92008281,-9.25381184,-1.48001885,5.92574406,-0.66840726,3.55167484,12.28072071,1.72319317,-8.78033257,-8.57518005,7.05769300,-11.25239182,0.36043033,-11.32336044,6.09133339
1.00000000,-11.24286270,-3.86360025,-9.43828773,-1.48136854,5.74349213,-0.70769739,3.68560028,12.09949207,1.87055159,-8.87395668,-8.45336437,7.14318275,-11.33845520,0.31914970,-11.42665195,6.03037357
1.00000000,-11.06261253,-3.83147907,-9.36675072,-1.48714638,5.88899612,-0.57728726,3.55694675,12.39428139,1.95440400,-9.07058430,-8.40790558,7.04970932,-11.17222214,0.35644189,-11.33218670,6.10926342
1.00000000,-11.31458187,-4.02349329,-9.45235634,-1.52239251,5.93309212,-0.67115873,3.60951710,12.50782871,2.07148027,-8.77613449,-8.63803482,7.10242414,-11.33422470,0.51171738,-11.30785656,6.12565231
1.00000000,-11.15357971,-3.81062412,-9.39290905,-1.61003995,5.82549286,-0.58368587,3.64454198,12.29834366,1.88932920,-8.91497231,-8.37544250,7.05088902,-11.36919975,0.42721826,-11.46148109,6.12969494
1.00000000,-11.32779694,-3.92415667,-9.41489887,-1.39777124,5.74957085,-0.53214997,3.72862864,12.33557510,2.09516239,-8.88533878,-8.47594452,7.14637852,-11.20887375,0.41721088,-11.42937183,6.08048725
1.00000000,-11.24494362,-3.96758008,-9.22742844,-1.58233023,5.91702557,-0.55604041,3.60838294,12.38152695,1.93717110,-8.78977203,-8.55562305,6.93423128,-11.26194572,0.41636556,-11.42612743,6.17756081
1.00000000,-11.01413536,-3.96921968,-9.20800209,-1.62786984,5.74480724,-0.61437434,3.54631901,12.27044868,1.82236266,-8.87286758,-8.36854172,6.98327637,-11.25955391,0.34985545,-11.29299736,6.01581478
1.00000000,-11.28023529,-3.88054800,-9.40808678,-1.51043034,5.96932411,-0.57148218,3.74253392,12.38395596,1.95945466,-8.96709824,-8.59479523,6.95881033,-11.38951874,0.35972592,-11.47675896,6.18491745
1.00000000,-11.07991791,-3.88409328,-9.21767139,-1.50056791,5.86531830,-0.60751432,3.71750236,12.29047108,1.82202637,-8.88683128,-8.58002853,6.92628956,-11.27342033,0.45495191,-11.30978584,6.05322933
1.00000000,-11.09658527,-3.90339565,-9.27008533,-1.58733511,5.81238461,-0.69963104,3.61769462,12.24610233,1.75674593,-8.81689453,-8.50008106,7.05296993,-11.23844337,0.39919132,-11.30546379,6.06620312
1.00000000,-11.14594173,-3.90944719,-9.24747562,-1.61205697,5.85935211,-0.72534651,3.55149555,12.17472267,1.78549254,-8.94325161,-8.44345093,6.99823904,-11.22052383,0.32517067,-11.34580803,6.23124218
1.00000000,-11.12875366,-3.86538196,-9.29103374,-1.56979036,5.75339603,-0.54684496,3.62137628,12.30965519,1.79815400,-8.90526676,-8.36506939,7.10584593,-11.48816681,0.35705674,-11.18886757,5.96892834
1.00000000,-11.12170982,-3.88445759,-9.43024731,-1.55826735,5.91271019,-0.51927674,3.71697879,12.31456280,1.98157227,-8.78428650,-8.38073635,7.04619932,-11.19224167,0.38859004,-11.28862190,6.12054539
1.00000000,-11.02092361,-3.78898144,-9.28845692,-1.59403825,5.86942577,-0.63401574,3.55449128,12.21965694,1.76434314,-8.92893887,-8.35080147,7.05267525,-11.23921394,0.24650855,-11.24292374,6.04528236
1.00000000,-11.14440441,-3.95638657,-9.39281178,-1.56153059,5.74167728,-0.59752190,3.65068889,12.45077515,2.02583790,-8.82951069,-8.56141472,6.93851614,-11.27955246,0.34274271,-11.39213848,6.09492970
1.00000000,-11.35288429,-3.92235780,-9.26858902,-1.47112322,5.72449303,-0.63719535,3.63233042,12.25729847,1.83934379,-9.00050163,-8.61347198,7.10757685,-11.34505272,0.40318680,-11.47828197,6.15808773
1.00000000,-11.20807171,-3.92179632,-9.44192886,-1.46242797,5.83248806,-0.72606128,3.69066596,12.32941151,1.83512461,-8.85078716,-8.51155090,6.89426470,-11.31050682,0.31792611,-11.37320805,6.04775906
1.00000000,-11.23151970,-3.96197653,-9.44902134,-1.41653657,5.90135860,-0.59027654,3.83518362,12.34656525,1.92989755,-8.97142220,-8.57003975,7.12357330,-11.32621384,0.40640944,-11.46150684,6.04866314
1.00000000,-11.00411892,-4.11069727,-9.23253918,-1.52634788,5.73261166,-0.58093715,3.59836292,12.23512173,2.10694551,-8.85939503,-8.49208355,7.07918358,-11.29145241,0.34315974,-11.33075714,6.04985619
1.00000000,-11.06475830,-3.70568895,-9.18151760,-1.61193311,5.88847351,-0.68399733,3.59710360,12.11869049,1.86053562,-8.82572842,-8.44704437,7.03362656,-11.15524483,0.35886860,-11.38253689,6.34841156
1.00000000,-11.28895378,-4.03311634,-9.23681164,-1.38679194,5.88584805,-0.55078286,3.85730147,12.46915054,1.92859638,-8.90119839,-8.53800297,7.05953169,-11.36520767,0.42908108,-11.42850399,5.99639511
1.00000000,-11.08660221,-3.90922570,-9.34432602,-1.60830259,5.80513859,-0.63293892,3.55384159,12.30902290,1.88873100,-8.91293621,-8.46968555,7.05595589,-11.24337006,0.39546186,-11.25954914,6.12026596
1.00000000,-11.07924461,-3.88349080,-9.31660938,-1.54106808,5.89140224,-0.71995401,3.65277672,12.35085011,1.95514500,-8.79932213,-8.43329144,6.99143124,-11.25471115,0.31305617,-11.31327057,6.10487080
1.00000000,-10.95628738,-3.92358851,-9.31408691,-1.60155892,5.76839733,-0.56663537,3.61610460,12.05962276,1.88568354,-8.74790382,-8.47006798,7.15982580,-11.14130783,0.41895634,-11.18984318,6.00003147
1.00000000,-11.44387054,-4.12217140,-9.39583492,-1.39488339,5.80918789,-0.66685426,3.85789990,12.45260525,2.03908515,-8.86094475,-8.82276249,7.34594822,-11.34351158,0.28743565,-11.35290813,6.11547279
1.00000000,-11.09857845,-3.81051040,-9.43252850,-1.57383466,5.76502800,-0.73099828,3.66385961,12.21883106,1.77494395,-8.82259560,-8.46485996,7.01626968,-11.32946968,0.36433473,-11.44958210,5.91094589
1.00000000,-11.03324413,-3.94231772,-9.25828075,-1.54135132,5.85588455,-0.55926585,3.56480837,12.20268536,1.91746283,-8.94637012,-8.33186913,6.88628912,-11.26755333,0.40397882,-11.27290344,6.06662369
1.00000000,-11.08060932,-3.90702558,-9.30850697,-1.51566899,5.89430523,-0.62506801,3.67067409,12.35035610,1.83172154,-8.75950623,-8.50842190,6.96694565,-11.35470581,0.24236372,-11.36785984,6.02504349
1.00000000,-11.17903996,-3.81661606,-9.17119503,-1.56092060,5.87679768,-0.57560426,3.59605575,12.24603653,1.80251706,-8.75120735,-8.43896675,7.11917305,-11.27233887,0.55576813,-11.33899403,6.02270508
1.00000000,-11.20002270,-3.89058948,-9.37066936,-1.52170062,5.79869747,-0.65886885,3.70642710,12.42362022,1.95376015,-8.83765888,-8.45407963,6.92833567,-11.27221870,0.26544863,-11.34710693,6.05187130
1.00000000,-11.10253620,-3.90641904,-9.26815224,-1.55119371,5.73313808,-0.65580970,3.66807675,12.37031460,1.85829651,-8.77516174,-8.68561649,7.09871006,-11.24365234,0.30819011,-11.32374001,6.14123058
1.00000000,-11.16425419,-3.92690349,-9.36227417,-1.60112453,5.84396267,-0.68814814,3.59776139,12.32863235,1.78284442,-8.64177895,-8.56683064,6.93667936,-11.33480453,0.25533593,-11.39805222,6.12533665
1.00000000,-11.19795418,-3.91238141,-9.41715145,-1.42028677,5.86591816,-0.66652358,3.60349917,12.30581951,1.82196116,-8.93119335,-8.46057034,7.04728127,-11.33227348,0.15148807,-11.40490341,6.08946037
1.00000000,-11.09075451,-3.91454458,-9.42102623,-1.60055971,5.70274353,-0.65049064,3.72092175,12.15099430,1.87811470,-8.87568188,-8.46516609,7.08698368,-11.18994141,0.43782878,-11.26462078,6.20830250
1.00000000,-11.16351509,-3.89789557,-9.31330681,-1.58741736,5.67058754,-0.54162902,3.64381671,12.35558987,1.96265280,-8.80440140,-8.49392986,6.91479445,-11.10179138,0.30423838,-11.27826691,6.20996761
1.00000000,-11.22061348,-3.86827588,-9.29966164,-1.54737091,5.72453308,-0.67436028,3.66005349,12.31878281,1.78642631,-8.69558048,-8.35449886,7.02249193,-11.30420303,0.40579927,-11.42181969,5.95448017
1.00000000,-11.24696350,-3.87912989,-9.19884968,-1.52280140,5.85265446,-0.70240009,3.55997729,12.43992233,1.75081706,-8.88715363,-8.53878498,7.17651367,-11.41293335,0.35795063,-11.29150772,6.03309155
1.00000000,-11.18310070,-3.74938226,-9.50731182,-1.56990266,5.73906612,-0.58043998,3.73000193,12.32912064,1.97262406,-8.97843075,-8.47343922,7.08864021,-11.34661484,0.51331794,-11.36708832,5.95038700
1.00000000,-11.03946972,-3.85680437,-9.43817139,-1.64081621,5.76807594,-0.62323558,3.70896244,12.34083748,1.89630449,-9.04874611,-8.35496044,7.03570604,-11.19739151,0.41934252,-11.31057549,6.15722370
1.00000000,-11.15148544,-4.06578255,-9.39232063,-1.45972848,5.81278801,-0.53537744,3.60838652,12.48332787,2.00916362,-8.86013126,-8.72938633,7.15052032,-11.37688828,0.41341996,-11.28780174,6.04818916
1.00000000,-11.18503475,-3.92489147,-9.20274258,-1.61849892,5.84108162,-0.68594271,3.66227889,12.34984684,1.75523043,-8.88407516,-8.54503632,7.05431938,-11.26006126,0.38021231,-11.31326580,6.16587257
1.00000000,-11.16105747,-3.80698800,-9.36056042,-1.55678487,5.97193909,-0.70128733,3.56502819,12.20028114,1.83689821,-8.96636772,-8.40950108,6.99301291,-11.28677177,0.31323981,-11.30756283,6.11753273
1.00000000,-11.15539742,-3.88889718,-9.25604343,-1.45746529,5.68951225,-0.63501775,3.59790111,12.36690617,1.78612149,-8.79460049,-8.60294724,7.02621317,-11.18962669,0.36507076,-11.30461979,6.03990269
1.00000000,-11.21969795,-3.89490509,-9.41831684,-1.53173780,5.92632389,-0.62937760,3.67087841,12.31775570,1.92307520,-8.87497330,-8.42716408,6.91451025,-11.16100121,0.30565652,-11.39170074,6.10266399
1.00000000,-11.06012917,-3.84214377,-9.33759499,-1.59386635,5.87736416,-0.64131987,3.60832191,12.18160725,1.83108151,-8.90479565,-8.42832470,7.02421427,-11.34667587,0.32903236,-11.28784466,6.01253605
1.00000000,-11.22393131,-4.00417662,-9.50340939,-1.57284474,5.76537514,-0.69865662,3.76518106,12.37266254,1.88955450,-8.84975433,-8.47160912,7.14860344,-11.31293297,0.45195347,-11.29315090,6.03458691
1.00000000,-11.17328072,-3.83071876,-9.29646111,-1.65768278,5.88299561,-0.58803701,3.49706841,12.13608646,1.71332741,-8.99504852,-8.28751183,6.99056578,-11.34959412,0.36895430,-11.27670193,6.17129993
1.00000000,-11.55954266,-4.02039480,-9.32476425,-1.41513264,5.84605789,-0.64720970,3.72619343,12.36583233,1.94198930,-8.99936581,-8.66453075,7.08825397,-11.35256577,0.36616644,-11.58725929,6.28907394
1.00000000,-11.15387440,-3.85074019,-9.26948929,-1.66168022,5.85060120,-0.72891057,3.57931185,12.21952820,1.76245868,-8.92188168,-8.42193794,7.06504440,-11.33847046,0.26198062,-11.39175320,6.17520237
1.00000000,-11.25205517,-3.87346244,-9.21208858,-1.45791745,5.87657642,-0.72351879,3.56430125,12.13091755,1.73557258,-8.84180927,-8.70079994,7.17652178,-11.20985794,0.38899678,-11.30240917,6.09493160
1.00000000,-11.12684536,-4.00650549,-9.36139297,-1.55995989,5.75880241,-0.63680679,3.66855788,12.29959297,1.95304334,-8.96627998,-8.38336372,7.20989466,-11.29077530,0.29678485,-11.33839130,5.98281193
1.00000000,-11.03261089,-3.90746212,-9.42219353,-1.57786465,5.87886524,-0.63135481,3.62834358,12.21563244,1.75206184,-8.92171001,-8.42568779,7.06537247,-11.25388336,0.31100705,-11.13854313,6.00885201
1.00000000,-11.42812061,-3.86443233,-9.39081955,-1.46589899,5.98467255,-0.73326975,3.64857697,12.30354500,1.85236192,-8.81944942,-8.52918720,7.04346085,-11.45511246,0.31879896,-11.51534081,6.20020866
1.00000000,-10.99762917,-3.79353118,-9.14624596,-1.64776134,5.79542828,-0.58630145,3.47863579,12.21829414,1.70671415,-8.92207336,-8.30273533,6.95716763,-11.23785400,0.36801356,-11.21064758,6.19169235
1.00000000,-11.09896851,-3.81914949,-9.25530434,-1.48519897,5.79780674,-0.65230948,3.66878581,12.14796638,1.85107124,-8.75501347,-8.43483734,7.01056147,-11.31502151,0.27833933,-11.33570671,6.01989841
1.00000000,-11.12457943,-3.92232680,-9.21693516,-1.53096461,5.87862301,-0.71187174,3.59452868,12.27954197,1.87071061,-8.92451382,-8.48844147,7.07130814,-11.23052406,0.42682958,-11.27943230,6.12968159
1.00000000,-11.25058937,-3.86049652,-9.40573883,-1.40953827,5.90173721,-0.62549692,3.72372460,12.32667255,1.90973663,-8.73699665,-8.49083328,7.03567505,-11.31687355,0.28417096,-11.45744610,6.15094566
1.00000000,-11.04317284,-3.80661035,-9.35991573,-1.57099354,5.92743874,-0.55667478,3.65988731,12.11443329,1.83128846,-8.85214996,-8.34162712,7.02516794,-11.26006889,0.38698184,-11.32948303,6.17429733
1.00000000,-11.18617058,-3.80785847,-9.30697155,-1.52095342,5.86839962,-0.72084022,3.54785347,12.27438068,1.75557578,-8.80543327,-8.46712780,6.94708729,-11.26534462,0.38377082,-11.26318169,6.28715706
1.00000000,-11.05640030,-3.78255558,-9.41527939,-1.41453719,5.74811077,-0.60803336,3.69854450,12.16254425,1.84308386,-8.96615791,-8.49290752,7.16185522,-11.34128952,0.25779432,-11.25102234,6.01678753
1.00000000,-11.28398037,-3.85110164,-9.36753273,-1.57974684,5.89323139,-0.57917428,3.74605751,12.31379986,1.92327905,-8.84758568,-8.69283104,7.17145252,-11.36508179,0.31314313,-11.28108025,6.14018726
1.00000000,-11.27871227,-3.83706403,-9.46784306,-1.46040654,5.90689278,-0.78743333,3.66624618,12.34636974,1.90984476,-8.95899200,-8.59998322,7.07825708,-11.23343658,0.23301801,-11.40420723,6.00670910
1.00000000,-11.15623665,-3.89374208,-9.24983215,-1.52808738,5.65942001,-0.70126426,3.70861387,12.18902111,1.95107913,-8.89972973,-8.55306625,7.11406898,-11.27875137,0.29727480,-11.44294167,6.15508175
1.00000000,-11.31385231,-3.80991054,-9.26556683,-1.52180004,5.71470928,-0.59917086,3.59971881,12.32832527,1.90451038,-8.95184612,-8.42457581,7.09208202,-11.29746819,0.38401699,-11.30385399,6.19164753
1.00000000,-11.31203842,-3.85575962,-9.42231369,-1.49391818,5.82217503,-0.68399298,3.73414516,12.10851574,1.86438704,-8.86054039,-8.49336147,7.10613918,-11.27662468,0.39363617,-11.54908657,6.13265324
1.00000000,-11.09900856,-4.00421143,-9.37281132,-1.62656736,5.85720921,-0.54589266,3.69838929,12.43591118,2.06492710,-8.87899780,-8.51979160,7.09899759,-11.28152275,0.37124813,-11.29777050,6.13456726
1.00000000,-11.12509441,-3.88563013,-9.35430336,-1.63326478,5.92417145,-0.53029585,3.55116296,12.34022808,1.88208520,-8.86447144,-8.41249752,7.04956770,-11.37887192,0.27785656,-11.18014908,6.00660229
1.00000000,-10.96379852,-3.83621240,-9.28907108,-1.70279825,5.80546761,-0.63525796,3.57910371,12.06700802,1.80256236,-8.83326626,-8.30809021,7.08654451,-11.25359344,0.46992519,-11.14035892,6.09202480
1.00000000,-11.14348888,-3.89703846,-9.33887577,-1.57757795,5.74497986,-0.54361498,3.66925406,12.39848423,1.88348997,-8.87890339,-8.45585155,7.01519680,-11.27348900,0.34654495,-11.31956387,6.14916992
1.00000000,-11.05091953,-3.84704542,-9.35919857,-1.63225126,5.94658852,-0.57040566,3.60495949,12.21453094,1.93672788,-8.87345123,-8.41928005,6.95471478,-11.34202957,0.22142759,-11.31306839,6.07571220
1.00000000,-11.32289314,-3.87179017,-9.23076439,-1.53019261,5.70324039,-0.58539116,3.65775323,12.38051605,1.83514917,-8.87175083,-8.57898045,7.14765787,-11.31380081,0.26848117,-11.31215000,6.18271446
1.00000000,-11.12391758,-3.84981227,-9.25423431,-1.66369760,5.83503342,-0.63881606,3.52123547,12.13957119,1.66996074,-8.95020390,-8.42157936,7.09554052,-11.25829887,0.35517770,-11.30101204,6.08436012
1.00000000,-11.00331497,-3.81099439,-9.46645641,-1.58464277,5.78508568,-0.64825571,3.59780431,12.33204746,1.76179850,-8.81280613,-8.48398781,7.10688829,-11.32239532,0.36757684,-11.36475086,5.91765022
1.00000000,-11.23054409,-3.76219296,-9.27409554,-1.56612635,5.88845539,-0.65223241,3.61897826,12.38022423,1.98671079,-8.79830170,-8.44469070,6.97653675,-11.29428101,0.38811442,-11.42679501,6.08053780
1.00000000,-11.24024868,-3.83661175,-9.27066135,-1.57320571,5.82248878,-0.73571950,3.58903384,12.11665440,1.85476530,-8.85787201,-8.51396084,7.00692701,-11.15220642,0.32360515,-11.39726639,6.20877457
1.00000000,-11.21952534,-3.74119043,-9.42068481,-1.56396532,5.76270676,-0.55080789,3.67628217,12.39268684,1.90394878,-8.97330570,-8.37247372,7.05307961,-11.29438019,0.36278796,-11.39322662,5.89353371
1.00000000,-11.07413101,-3.91310263,-9.27379513,-1.55981207,5.92754745,-0.68513769,3.55514264,12.25310421,1.79507101,-8.89484310,-8.37997627,7.00293779,-11.26174355,0.35607010,-11.39765835,6.06721973
1.00000000,-11.13724613,-3.95205784,-9.36772537,-1.54593229,5.81439495,-0.65922970,3.55740356,12.29134369,1.94238806,-8.86342430,-8.50093555,7.11387968,-11.34851837,0.31270826,-11.30932522,6.23346806
1.00000000,-11.16918659,-3.88513565,-9.24615192,-1.59909534,5.86130524,-0.57735378,3.70234084,12.26667595,1.94554663,-8.93495083,-8.41190910,7.02959251,-11.37286568,0.39536273,-11.23592472,6.13542557
1.00000000,-11.26702976,-3.92295265,-9.27820683,-1.62184429,5.81773376,-0.66878039,3.50933290,12.29955387,1.96752632,-8.97504520,-8.55447674,7.02911043,-11.30837059,0.29124790,-11.31527996,6.14744568
1.00000000,-10.93722153,-3.90694189,-9.36982918,-1.55699623,5.84731197,-0.72701925,3.52369142,12.25499916,1.85982668,-8.76025867,-8.51727962,7.09501982,-11.32748032,0.34989148,-11.11549759,5.99404621
1.00000000,-11.10758018,-3.82321334,-9.27280426,-1.60521197,5.75464821,-0.65016657,3.57024598,12.14922047,1.78121316,-8.91076469,-8.34406662,7.00831366,-11.19505692,0.36649752,-11.23870564,6.16419411
1.00000000,-11.05594444,-3.82858181,-9.41048145,-1.62026858,5.90644455,-0.60817862,3.55857301,12.24850941,1.86991358,-8.81190014,-8.34357548,7.03289318,-11.26722145,0.32107106,-11.32330418,5.97124004
1.00000000,-10.99397850,-3.79449320,-9.30316067,-1.60770977,5.67675591,-0.74965101,3.52563810,11.97453785,1.78875482,-8.94189548,-8.42863846,7.04902029,-11.35285759,0.30989623,-11.15375233,6.01325035
1.00000000,-11.01342964,-3.72760773,-9.34731388,-1.55353045,5.69510841,-0.56379908,3.60637641,12.31496716,1.82480574,-8.99299145,-8.41254997,7.19519901,-11.11969757,0.30652258,-11.23101330,5.95763016
1.00000000,-11.14175510,-3.92864370,-9.31034184,-1.61188889,5.74645042,-0.44581851,3.58912396,12.27272129,1.93677068,-8.81622696,-8.41822338,7.05416298,-11.24021912,0.37074357,-11.21895409,6.13427639
2.00000000,-11.82535839,-3.81400156,-9.87495327,-1.15833402,5.82929897,-0.53421754,4.01376247,13.13498783,2.64941168,-8.82002831,-9.79610062,7.19002771,-10.76128769,0.18940370,-11.57229805,6.44501591
2.00000000,-12.03767014,-3.91907001,-10.10419369,-0.92298758,5.64859772,-0.52900863,4.48639202,13.44481373,2.64818859,-8.59374142,-9.98085690,6.92148113,-10.99784470,0.37120658,-11.54262829,6.51509190
2.00000000,-12.02680588,-4.16027594,-10.03169918,-0.80309463,5.30264568,-0.93105382,4.16028404,13.45689106,2.52652216,-8.52365017,-9.78361320,6.94481802,-11.02161789,0.41583338,-11.70022488,6.52701664
2.00000000,-11.89199352,-3.88101721,-10.05161381,-0.55265397,5.71363926,-0.84015161,4.32110262,13.35822296,2.47254658,-8.47127724,-10.02449512,7.06157684,-11.10924911,0.10713409,-11.61151314,6.22546577
2.00000000,-11.73570728,-3.87016273,-10.23134708,-1.02179348,5.79700279,-0.61478055,4.23703671,13.22064114,2.76799440,-8.81461143,-9.53406525,6.91733742,-10.76851845,0.53345466,-11.84622478,6.52014828
2.00000000,-11.89311218,-3.93669128,-9.96055698,-1.21057022,5.62125397,-0.22539502,3.86103678,13.06276417,2.70287514,-8.71910286,-9.52585506,6.89223242,-10.89344406,0.30588862,-11.77727509,6.67430210
2.00000000,-11.82374573,-3.96212268,-10.15638065,-0.96254736,5.79059887,-0.79459661,4.11516666,13.19016361,2.65634441,-8.52693558,-9.68327618,7.04874229,-10.85029411,0.24027161,-11.68378067,6.45201492
2.00000000,-11.98179150,-3.87291169,-9.93700886,-0.70487893,5.99457264,-0.74339944,4.44228840,13.36373329,2.49562025,-8.57128716,-9.98209286,7.04118443,-10.84685135,0.30820322,-11.82296467,6.54922104
2.00000000,-11.67745781,-4.08784580,-9.90624905,-1.13708973,5.77737045,-0.42678496,3.99918079,13.15942287,2.58921051,-8.93113995,-9.45492840,7.02306652,-11.19211578,0.65379512,-11.70167351,6.59221840
2.00000000,-11.60935593,-4.26304197,-10.13778496,-1.21334720,5.76422596,-0.54756838,3.73784328,13.00860405,2.47527695,-8.49487972,-9.29675961,7.03224468,-10.93635178,0.31945723,-11.59680462,6.39548016
2.00000000,-11.67906284,-4.05232239,-10.30374146,-0.96853781,5.88042641,-0.58305037,3.79708457,12.93777466,2.42611742,-8.82166576,-9.52306557,6.92215061,-11.01245308,0.23732156,-11.61242867,6.48110867
2.00000000,-11.71673584,-3.89213562,-10.11788654,-1.02455854,5.76403999,-0.42376313,3.96666026,13.08873558,2.44306326,-8.78817844,-9.57446194,7.17364120,-10.95611191,0.70894855,-11.44459343,6.40238476
2.00000000,-11.92049694,-3.94636536,-10.17544937,-0.91978931,5.97496700,-0.61710590,3.91819549,13.09363079,2.44252062,-8.83654404,-9.57353115,6.85369635,-11.25234985,0.36357909,-11.83699894,6.45261574
2.00000000,-11.83864689,-3.88722181,-10.34379196,-0.78827876,5.92405510,-0.58087343,4.06770420,13.67654419,2.43785286,-8.53752232,-10.07963085,6.88077688,-11.17942619,0.27169746,-11.66540623,6.46094513
2.00000000,-11.88289738,-3.75619721,-10.31315708,-0.79936373,5.57255459,-0.69480854,4.03481340,13.12766361,2.71570206,-8.77560425,-9.82112503,7.19487190,-10.81346512,0.29862154,-11.68445873,6.49896717
2.00000000,-11.95789719,-4.03083372,-9.86095810,-0.85385406,5.86432171,-0.69507807,4.23948574,13.22600365,2.31479979,-8.76700878,-9.58020020,7.07449722,-11.20076561,0.31009239,-11.65143871,6.47099972
2.00000000,-11.49675846,-4.21655941,-9.82556534,-1.14943314,6.07642078,-0.34643358,3.74418950,13.09073162,2.42342138,-8.86168671,-9.46465302,6.84135771,-11.27345276,0.54421294,-11.61244869,6.41244602
2.00000000,-11.89431572,-3.98904991,-10.09209442,-1.04639411,5.67726898,-0.72337753,4.22347593,13.42027378,2.56487370,-8.72766590,-9.87809944,7.14100266,-11.07772827,0.23577000,-11.62979794,6.32349586
2.00000000,-11.57161522,-3.69759607,-10.01398563,-1.03468668,5.79057026,-0.50617701,4.14442587,13.41916943,2.23415422,-8.71889782,-9.89751911,7.25659132,-10.91067505,0.30462486,-11.55980110,6.13009834
2.00000000,-11.78103256,-3.94148397,-10.19327450,-0.99582839,5.31988239,-0.36320266,3.91324520,13.07850552,2.65043449,-8.71662998,-9.52959061,7.09414625,-10.84499550,0.38027585,-11.57372570,6.14837933
2.00000000,-11.87493706,-3.99202394,-10.26534367,-1.05617297,5.40989304,-0.43831775,4.15400219,13.26985741,2.56237745,-8.44291019,-9.51910400,6.95440769,-10.86001587,0.11390752,-11.65045738,6.41561508
2.00000000,-11.56540489,-3.78686643,-9.83261204,-1.22646594,6.10124493,-0.44293794,3.95685935,13.04903889,2.37257290,-8.59130192,-9.61895847,7.03876305,-10.86965752,0.19845417,-11.80214310,6.23134995
2.00000000,-11.91462135,-3.90728974,-10.21251011,-0.86162901,5.68288898,-0.51394850,3.71079659,13.30935764,2.49563026,-8.84452534,-9.68415451,7.39587927,-10.76829720,0.39389530,-11.78238297,6.37353039
2.00000000,-11.73182869,-3.91371107,-9.97818470,-1.27720845,5.69317532,-0.50408405,3.77950454,12.88832569,2.48255491,-8.80971527,-9.23468304,6.96610832,-10.80118942,0.45687681,-11.46374798,6.22127247
2.00000000,-12.01854897,-4.02836752,-10.06531811,-0.92483610,6.18778992,-0.59933311,4.16732979,13.05653572,2.53658724,-8.70516300,-9.62014961,6.83261156,-10.82574463,0.32658976,-11.81729221,6.74376202
2.00000000,-11.78190517,-3.58450484,-10.33855534,-1.25505066,5.97072697,-0.48783728,3.94650793,12.77358532,2.54335690,-8.60873699,-9.48188496,6.95122337,-11.03749657,0.47657108,-11.68119717,6.45535469
2.00000000,-11.92355537,-3.88577271,-10.13713741,-0.80116129,5.79645729,-0.76127309,4.35855532,13.40945339,2.30141735,-8.47336864,-9.87415981,7.14053059,-11.02019691,0.13427547,-11.77415466,6.05534363
2.00000000,-11.64580917,-3.85785794,-10.07042599,-1.03845930,5.92377377,-0.71041083,4.23286152,13.28005028,2.53636074,-8.48939514,-9.60862350,6.89710808,-10.88945007,0.23558974,-11.70390415,6.34189987
2.00000000,-11.73413563,-4.32177496,-10.01417255,-1.16263723,5.59294319,-0.34214041,3.89772820,13.29146576,2.70095587,-8.88091278,-9.65095997,7.09218407,-10.99078751,0.49387529,-11.40403461,6.51723099
2.00000000,-11.62632656,-3.92332006,-10.37471676,-0.68297875,6.06066322,-0.78115535,4.35995197,13.30964088,2.35294008,-8.60802460,-9.98662281,7.00099611,-10.78090858,0.18125197,-11.50386238,6.20990276
2.00000000,-11.90154171,-3.95325184,-10.01087284,-0.71916908,5.87118435,-0.58651227,3.82501483,13.44579411,2.46259785,-8.87328339,-9.40261269,7.06344461,-11.19054413,0.19756317,-11.99932384,6.48362827
2.00000000,-11.69157505,-3.98219895,-10.07398987,-0.97444767,5.66090965,-0.57185531,3.74138069,13.08031750,2.23199224,-8.91018391,-9.39689827,7.04332113,-10.86189270,0.07882186,-11.58811665,6.36400986
2.00000000,-11.81530094,-4.01888037,-10.10623169,-0.91177535,5.94874668,-0.46917251,4.28388882,13.33815002,2.54731512,-8.65885639,-9.64459515,6.89520359,-10.66113281,0.60218817,-11.69674301,6.54854488
2.00000000,-11.71898365,-3.92093444,-10.10397148,-1.08630216,5.93820000,-0.69851857,4.09692287,13.37406731,2.67571068,-8.72619057,-9.76177597,6.88983202,-10.78519630,0.60120964,-11.75143147,6.68180943
2.00000000,-11.83450603,-3.77939439,-10.05240345,-0.93965441,5.83483696,-0.58736581,4.04891539,13.14714718,2.53076935,-8.71320724,-9.52677631,7.18213892,-10.87238121,0.31255269,-11.84868622,6.29871655
2.00000000,-11.64780426,-4.20075560,-10.16983318,-0.74454695,5.90764427,-0.65964609,3.97389007,13.24306393,2.63920164,-8.57602882,-9.67190647,6.94219351,-11.05772591,0.36880308,-11.52724934,6.34777164
2.00000000,-11.50067997,-4.03651524,-9.92371368,-0.95290458,5.76832390,-0.35360539,3.79107404,13.65246296,2.47878742,-8.61290264,-9.61438084,7.19297314,-11.01917648,0.07160134,-11.42466831,6.26456165
2.00000000,-11.80938435,-3.91924715,-10.01901245,-0.92876852,6.07653999,-0.48179743,3.95551372,13.48851204,2.56241608,-8.80364513,-9.70796013,6.56729460,-11.03882599,0.28805616,-11.73091888,6.65197659
2.00000000,-11.76981640,-3.87867951,-10.36273384,-0.62105954,5.86621094,-0.78160751,4.28372097,13.37339306,2.44414473,-8.51902199,-9.66121387,6.94088316,-10.84328270,0.19878852,-11.81149483,6.31570435
2.00000000,-11.63937569,-3.83536196,-10.16145706,-1.18867040,5.69991016,-0.51128834,3.93631768,12.98661041,2.50232458,-8.58023643,-9.29602337,6.97075367,-10.97521400,0.19860765,-11.82744694,6.50028419
2.00000000,-11.55759907,-4.31693792,-10.14920902,-0.73612213,6.13692474,-0.64047056,3.88644743,13.24426842,2.60243797,-8.68254280,-9.57342529,6.74017620,-11.02622032,0.47324786,-11.68870449,6.47214508
2.00000000,-11.51555443,-4.26351261,-10.19170094,-1.27788210,5.83875084,-0.43443087,3.81385946,12.94227695,2.50380969,-8.57169914,-9.43124199,6.92583656,-10.98736191,0.37463778,-11.55073643,6.40687943
2.00000000,-11.89715385,-4.03243923,-10.11850643,-0.61566329,5.85764694,-0.71790510,4.17543173,13.44673824,2.44944143,-8.53274632,-9.88219357,7.18157959,-11.01195335,0.17330313,-11.85896397,6.15592480
2.00000000,-11.37850094,-3.78533435,-9.97475910,-1.19956434,5.91644001,-0.54029387,3.86622357,12.84348679,2.42267418,-8.57721901,-9.46144009,6.94375038,-10.97908783,0.32670945,-11.53418922,6.46244621
2.00000000,-11.94489002,-3.93263125,-9.93923759,-1.18029284,6.15153694,-0.71762931,3.89916730,12.92195225,2.53708792,-8.34647942,-9.40047264,7.00565386,-11.03673744,0.12512343,-11.84329605,6.52949429
2.00000000,-12.12139416,-4.06160164,-10.17308617,-0.61132413,5.86696720,-0.74163592,4.23561621,13.35616684,2.56417179,-8.51109791,-9.71294975,6.80441523,-10.81185341,0.26397270,-11.67196941,6.34253025
2.00000000,-11.73638248,-3.86564994,-9.87025356,-1.35294247,6.02685261,-0.30209640,4.07071352,13.11342144,2.56065702,-8.62302303,-9.64555359,7.15070057,-10.96432877,0.15966550,-11.72908688,6.32081509
2.00000000,-11.70542336,-4.11364841,-10.11589813,-0.89744973,5.79101372,-0.62314218,4.39007425,13.26775646,2.46004963,-8.65932369,-9.85371113,6.67321301,-11.01150894,0.31557584,-11.62605572,6.48822117
2.00000000,-11.69935131,-3.94705915,-10.20213032,-0.89393032,5.75389004,-0.62537521,4.15798664,13.37152195,2.74173546,-8.62633610,-9.95023155,6.91686630,-10.82914734,0.41277063,-11.84790516,6.53805351
2.00000000,-11.63444614,-3.75570750,-10.17588997,-1.36249912,5.79463387,-0.83645469,3.90517902,12.79337215,2.52449799,-8.47968102,-9.38460445,6.90004683,-10.78516769,0.14207043,-11.71166611,6.48831558
2.00000000,-11.86101818,-4.01332283,-10.10141659,-1.12205839,5.91636181,-0.43212441,4.33216047,13.39327812,2.63570738,-8.90461540,-9.62272930,6.99585199,-11.02157021,0.46210489,-11.77398205,6.65002918
2.00000000,-11.46051121,-4.19537449,-10.02778625,-0.97762579,6.09158230,-0.45943967,3.68504930,12.96976185,2.57715559,-8.89236641,-9.39076519,6.84022474,-11.18607712,0.40820894,-11.50210476,6.51048946
2.00000000,-11.82806683,-3.79994678,-9.89404202,-0.74350661,5.81989956,-0.86176693,4.12464237,13.22342205,2.03562021,-8.41908741,-9.81367207,7.12638521,-11.17247581,0.28449214,-11.65369797,6.18147945
2.00000000,-11.87150764,-4.12878656,-10.23823547,-0.73892659,5.93353844,-0.54366767,4.00857067,13.40660191,2.54622412,-8.60596466,-9.62842369,6.82869196,-10.80317688,0.32639563,-11.60275936,6.52362919
2.00000000,-11.68290043,-4.17706919,-9.91128159,-0.95266885,5.76745892,-0.28472450,4.24957085,13.15989780,2.47226739,-8.73574352,-9.50808430,7.04837465,-11.15599823,0.30160931,-11.82485962,6.30004883
2.00000000,-12.18474197,-4.06622648,-10.01284599,-1.02766991,5.52513218,-0.54825681,3.94009352,13.25097561,2.46021891,-8.76928425,-9.55480003,7.08335304,-11.21538353,-0.00639790,-11.77620888,6.40710258
2.00000000,-11.88290501,-4.24139452,-10.07155037,-0.95488769,6.00905323,-0.48882207,4.27866125,13.59251785,2.63399553,-8.77275562,-10.04642773,6.86045027,-10.79521942,0.30486539,-11.54597187,6.51837158
2.00000000,-12.08063602,-3.89613366,-10.17663288,-0.82748908,6.00757313,-0.44840780,4.59643316,13.16031456,2.48989248,-8.76737881,-9.88832855,6.92438841,-11.15206528,0.38422200,-11.93523788,6.40775776
2.00000000,-11.86564445,-3.69515991,-10.23036957,-0.90936935,5.70138073,-0.77568817,3.78393984,12.92609406,2.69063187,-8.71280670,-9.43998718,7.05359697,-11.06574631,0.19993970,-11.80900764,6.50910568
2.00000000,-11.83904362,-3.92571640,-10.02728081,-1.02888143,5.72213936,-0.54993767,3.94069052,13.16966534,2.44238567,-8.90680599,-9.75007153,7.04744625,-10.77876663,0.62623483,-11.64557457,6.57801342
2.00000000,-11.68010426,-4.05698156,-10.22918320,-1.01254249,5.72533703,-0.55543840,4.10712147,13.04966831,2.43471622,-8.83036804,-9.39636040,7.19037390,-11.16752434,0.64312458,-11.79308414,6.31134701
2.00000000,-11.67382812,-3.70486498,-9.96777344,-1.15399361,5.89240837,-0.63905448,4.01207066,12.94390488,2.52978992,-8.41946220,-9.54058933,7.01716614,-11.07038498,0.04063308,-11.48642731,6.40425205
2.00000000,-11.99028778,-3.97053385,-10.10260296,-1.25169539,5.42854691,-0.28233865,4.09746981,13.29756451,2.73937273,-8.87997627,-9.70023441,7.04757452,-10.70899200,0.41353059,-11.57513428,6.47014523
2.00000000,-11.73608685,-3.61670089,-10.11197281,-0.85830569,5.93801594,-0.72222334,3.85368896,13.05047512,2.34975147,-8.73050880,-9.59879208,7.02725077,-10.84908295,0.08491182,-11.76834011,6.25037861
2.00000000,-11.61684799,-3.93658209,-10.01424026,-0.93745637,5.88550377,-0.38442227,4.09273100,13.12596035,2.49999380,-8.78653240,-9.55307198,7.05041218,-11.13078308,0.36429784,-11.46551037,6.50105858
2.00000000,-12.05025482,-3.96674252,-10.15418339,-0.90006471,5.95379639,-0.37804201,3.98160291,13.14257145,2.40578699,-8.71170902,-9.58245468,6.93879890,-11.15138817,0.31743675,-11.88668060,6.52874660
2.00000000,-11.79069614,-3.81883860,-10.27385712,-1.06249309,5.69150066,-0.58450842,4.01073265,13.09545803,2.54162741,-8.64824295,-9.74848652,6.93671227,-11.07548332,0.29444277,-11.85327435,6.14624882
2.00000000,-11.97111988,-4.21058798,-9.95856571,-0.78316003,5.47313881,-0.44694874,3.90207314,13.20604801,2.57652998,-8.51944351,-9.53412819,7.06846046,-10.96641350,0.16580388,-11.76172543,6.60821342
2.00000000,-11.97527504,-3.99921632,-9.83671665,-1.08981431,5.94494915,-0.63916653,4.04379940,12.91055202,2.46498704,-8.56569386,-9.64465332,6.91930342,-11.18992996,-0.02127647,-11.77524948,6.51966572
2.00000000,-12.02592659,-3.93846941,-10.03966331,-0.85863882,5.93037796,-0.77298123,4.44447279,13.33861065,2.36432171,-8.69230747,-9.90323257,6.96061087,-10.93493843,0.34728619,-11.72929668,6.41411686
2.00000000,-11.97717762,-4.13989258,-10.20429420,-0.75609207,5.69772434,-0.51484776,4.16060352,13.46535969,2.70599937,-8.67022705,-9.85360146,7.20197153,-11.06194687,0.47427437,-11.80935955,6.40951443
2.00000000,-11.87905598,-4.03932810,-9.82376671,-1.07862389,5.72676182,-0.47349539,3.96151328,12.98911190,2.30043769,-8.78963280,-9.55014992,6.99830341,-11.21487045,0.12382846,-11.94345665,6.53185368
2.00000000,-11.77179432,-3.94081736,-10.17430878,-0.82231712,5.79065895,-0.54421848,4.35284138,13.63188362,2.48382497,-8.43531513,-10.09141159,6.97486782,-10.83292961,0.27659509,-11.62624264,6.45602703
2.00000000,-11.74131584,-4.00787210,-10.16321850,-0.80745864,5.90889835,-0.59384811,4.27896023,13.25830078,2.38599205,-8.37727928,-9.86063004,6.87310600,-10.93743896,-0.04089928,-11.69921875,6.24624729
2.00000000,-11.86408520,-3.90065908,-10.28990459,-0.61462152,5.85022736,-0.48193601,4.12345886,13.15297222,2.46083689,-9.02310467,-9.67242432,6.98939180,-10.87088776,0.14826012,-11.83740616,6.41115379
2.00000000,-11.77518463,-4.16789246,-10.08542824,-1.31547976,5.95099258,-0.71602368,3.78682756,12.94467545,2.58997631,-8.43169498,-9.51745415,6.83920956,-10.94017410,0.29072070,-11.40605545,6.57275772
2.00000000,-11.54388237,-4.02036476,-9.93898201,-1.01448512,5.94774914,-0.57551575,3.91239929,13.14531898,2.42721272,-8.87379456,-9.42224789,6.72256088,-10.88349724,0.43686643,-11.88414764,6.40676785
2.00000000,-11.72638607,-4.05787706,-10.15142727,-0.81459045,5.88862705,-0.49650106,4.20244455,13.32260895,2.62759876,-8.88271809,-9.60280704,7.01454115,-10.89446449,0.53053981,-11.83764553,6.62189102
2.00000000,-11.98774147,-3.98202610,-10.02083492,-1.09230161,5.75272942,-0.38560084,4.26315594,13.28382492,2.49463391,-8.77461243,-9.75377369,7.37829733,-10.82771683,0.26338643,-11.74269009,6.62844467
2.00000000,-11.98325920,-3.94902301,-9.93096066,-1.22555804,5.61790562,-0.69233900,4.20351458,13.08914852,2.33018446,-8.79491997,-9.70874786,6.93481970,-10.92730331,0.54397643,-11.28874588,6.40834522
2.00000000,-12.02084446,-3.93661737,-10.10236263,-1.12415802,5.44433308,-0.53754598,3.93164635,13.25010300,2.34073448,-8.57093239,-9.61258411,7.21833611,-10.93317032,0.24600855,-11.68576813,6.50525761
2.00000000,-11.69726562,-3.79915690,-9.93819237,-1.28428984,5.93722630,-0.53610784,3.95450664,13.02921104,2.43109035,-8.59480000,-9.40182877,6.91969156,-10.96894455,0.55530965,-11.77372742,6.17026424
2.00000000,-12.14558411,-4.19326925,-10.08487988,-0.93792415,5.63192654,-0.51533884,3.94940305,13.34434414,2.75658655,-8.58728123,-9.95690727,7.34384966,-10.70123863,0.22323877,-11.81848145,6.79064178
2.00000000,-11.52270508,-3.80525804,-10.17151070,-1.24051499,5.67987442,-0.47101846,4.17844915,13.42903423,2.50136995,-8.66183472,-9.75388622,7.22677040,-10.99630165,0.46666107,-11.52551937,6.26704407
2.00000000,-11.99927425,-3.94818163,-10.19657993,-0.72130036,6.00245285,-0.57559949,4.38119841,13.51968765,2.44206619,-8.49895000,-10.07199192,6.78975487,-10.87467194,0.28531972,-11.59272385,6.26343727
2.00000000,-12.20362568,-3.86897469,-10.17009735,-1.03037524,5.50164032,-0.51272541,4.24178886,13.24634266,2.70989132,-8.86457920,-9.77427197,6.78868389,-10.63897705,0.27742854,-11.64776993,6.53236008
2.00000000,-11.66870975,-3.94902635,-10.20241261,-0.83964938,5.86713314,-0.60729712,3.95874429,13.06525040,2.35774851,-8.83313084,-9.25052261,7.03128338,-10.82639694,0.20355143,-11.73576546,6.35054874
2.00000000,-11.79900169,-3.85963845,-10.08008766,-0.89300054,6.01746941,-0.90801251,4.27015877,13.29576874,2.42610765,-8.41916180,-9.80047321,6.70702457,-11.01332474,0.43596658,-11.64360905,6.28979588
2.00000000,-11.68236351,-4.05693817,-10.37492943,-0.68935168,5.94964790,-0.74088657,4.15850639,13.05125999,2.42410183,-8.55112648,-9.78711414,6.86679983,-10.87271881,0.38808024,-11.75273895,6.04808903
2.00000000,-11.97615337,-4.16023254,-10.08237553,-0.80693853,5.98458958,-0.74668527,3.88077617,13.18325138,2.45108604,-8.81510067,-9.68070030,7.29173326,-10.83426476,0.35574129,-11.93779564,6.63971233
2.00000000,-12.04494667,-3.84087491,-9.99389267,-1.08414984,5.77084732,-0.66318762,3.92497945,13.20151520,2.40877581,-8.70469761,-9.54398918,6.98912382,-10.80272865,0.29254514,-11.72426319,6.75011635
2.00000000,-11.54545307,-4.01813745,-9.83606339,-1.31956887,5.79413223,-0.55252194,4.03901863,12.86191273,2.60224867,-8.56509781,-9.54733276,7.18200636,-10.81144524,0.18361507,-11.74739170,6.50005913
2.00000000,-11.82324696,-3.84694672,-9.97767353,-0.53398526,5.94507313,-0.85562491,4.44190836,13.60620213,2.21649480,-8.33315277,-9.85982132,6.95768595,-11.06863022,0.13711151,-11.88406563,6.30927849
2.00000000,-12.14923000,-4.07921219,-10.05748940,-0.89004093,5.81899357,-0.76136351,3.97972870,13.40151310,2.27686954,-8.59337711,-9.63804722,6.93160915,-11.03715324,0.27983278,-11.63847065,6.33692837
2.00000000,-11.46651173,-3.75111508,-10.13979149,-0.92888349,5.76423836,-0.68144941,3.97733831,12.93745232,2.46810460,-8.60177422,-9.52075768,7.00883007,-10.82954216,0.51497316,-11.55998898,6.30902386
2.00000000,-11.74786663,-4.00755405,-10.17669487,-0.92785537,5.86572075,-0.50486398,4.02230644,13.34618378,2.43569255,-8.77342987,-9.85177612,6.87817001,-10.86584854,0.35990208,-11.79627323,6.65092182
2.00000000,-11.50407505,-3.74254942,-9.91887283,-1.45092130,5.76653576,-0.52073741,3.67568135,12.76476383,2.39905763,-8.67069149,-9.31354046,6.92323589,-10.74931335,0.45362487,-11.39534760,6.28359413
2.00000000,-12.09900284,-3.96337175,-10.26828957,-1.20817733,5.56786633,-0.43838581,4.17624331,13.15550232,2.55748415,-8.67589951,-9.52273083,7.26068783,-10.88237953,0.28651488,-11.72930527,6.22238636
2.00000000,-12.02416706,-3.94532371,-9.89976025,-0.59642643,5.92359352,-0.62474215,4.33047676,13.50107384,2.40970278,-8.72071457,-9.75861549,7.41798067,-11.14630127,0.52411997,-11.89043999,6.41677380
2.00000000,-11.51177692,-3.82413220,-10.00515175,-1.19098711,5.88052368,-0.35264215,3.95800853,12.96815014,2.54513788,-8.78129387,-9.40479946,6.99983358,-10.83506584,0.28400797,-11.43207455,6.18197536
2.00000000,-11.80422878,-3.96565175,-10.04652119,-0.95331365,5.63237381,-0.47483292,4.17814207,13.39575577,2.46427441,-8.61424541,-9.77188587,7.17559814,-11.09072304,0.17696822,-11.82645416,6.41227818
2.00000000,-11.81106377,-4.18253994,-9.98246956,-1.06596434,5.83240509,-0.46194682,3.86371541,13.23074913,2.66517448,-8.85746670,-9.56017971,7.14908314,-10.94624138,0.39624569,-12.15137386,6.65622520
2.00000000,-12.18659210,-3.91564345,-9.91955566,-0.92715198,5.86511898,-0.35900363,4.07982731,13.38751316,2.63749409,-8.64064980,-9.70638466,7.22892761,-10.79983521,0.16774517,-11.96792412,6.66650963
2.00000000,-11.98808670,-3.83249712,-10.04485226,-0.63177836,5.93280792,-0.64122158,4.27814817,13.20493603,2.43661499,-8.41264629,-9.98187828,7.08089113,-11.02775764,0.26969349,-11.75739002,6.40286160
2.00000000,-11.75867081,-3.86729670,-10.22942734,-0.75103199,5.55151939,-0.70680058,4.22855568,13.21742344,2.41304493,-8.37970829,-9.52918243,6.89331102,-10.65605927,0.17763984,-11.72010040,6.42057228
2.00000000,-11.81309891,-3.93608236,-10.21286774,-0.69105703,5.59129620,-0.59368360,4.11016083,13.18795395,2.46497464,-8.83282375,-9.68864250,7.12218618,-10.86778069,0.40637684,-11.63070011,6.33572006
2.00000000,-11.61428261,-4.09590340,-10.15529537,-1.02072704,6.05309105,-0.69225889,3.80306053,13.24598122,2.62829542,-9.00484085,-9.52813339,6.70168400,-11.03870201,0.22856329,-11.69288158,6.62072659
2.00000000,-11.64052296,-4.10890055,-9.94517899,-0.79667211,5.97528076,-0.37249264,3.84445572,13.41180420,2.34964371,-8.91564846,-9.58649063,7.00612354,-11.03570175,0.46653315,-11.59748936,6.43767071
2.00000000,-11.53041649,-4.02673721,-9.87702084,-0.78641301,5.97407818,-0.63313001,4.13298702,13.18763351,2.33407760,-8.48075867,-9.76486683,7.21770525,-11.10735321,0.37578481,-11.55948162,6.23716831
2.00000000,-11.69971275,-3.81245971,-9.88152885,-1.15421128,5.91940403,-0.40919101,4.10913610,13.17868137,2.39078093,-8.62351704,-9.80672264,7.20489931,-11.05030251,0.08993714,-11.66787910,6.33949375
2.00000000,-11.57037163,-4.13922358,-9.98004627,-1.02233815,6.03653431,-0.77542526,4.34870005,13.33911324,2.74600363,-8.48644447,-9.74285316,6.99940348,-10.98595047,0.36475214,-11.80898762,6.27628994
2.00000000,-11.91800499,-3.94046187,-10.36414146,-1.22384691,5.91956902,-0.51853985,4.20016098,13.17191792,2.70177937,-8.58724785,-9.81075859,6.95343590,-10.99087524,0.44054186,-11.81605339,6.32740688
2.00000000,-12.20126247,-3.90020847,-9.92398834,-1.13730597,5.67816257,-0.38425896,3.87423730,13.15577030,2.53378963,-8.87528896,-9.45337868,6.86265659,-10.65437126,0.35890186,-11.80715656,6.71288300
2.00000000,-11.84732151,-3.92741704,-10.27452755,-0.99735910,5.89168739,-0.84648144,3.89428926,12.92218876,2.45339298,-8.66477299,-9.57239437,7.33660650,-10.95567894,0.24261238,-11.83018303,6.56262398
2.00000000,-11.60207653,-3.89978218,-10.05866146,-1.01811266,5.71387100,-0.47091576,3.98954058,12.75235176,2.42621088,-8.81544781,-9.44910526,7.03487492,-11.11265945,0.28525019,-11.36782932,6.37146664
2.00000000,-11.85263824,-3.93469048,-10.01225662,-0.87820232,5.58733368,-0.39229020,4.02645969,13.33516502,2.59623718,-8.90656090,-9.60998154,7.11474848,-10.75092697,0.28672856,-11.63418007,6.57311630
2.00000000,-11.80775356,-4.05490017,-10.19309902,-1.00527167,5.99941254,-0.60701191,4.06269503,12.94303131,2.50744438,-8.82765293,-9.58335018,7.01583958,-10.86609650,0.47795016,-11.68636036,6.29169464
2.00000000,-12.07747746,-4.00642014,-10.15701771,-1.24400830,5.59946728,-0.39892763,4.10141993,13.11606407,2.63398314,-8.73382378,-9.35837460,7.13294268,-10.94913292,0.21533719,-11.48515415,6.40518665
3.00000000,-14.54307175,-4.36163139,-11.00370216,0.41686201,7.94642353,-1.35823441,5.08263206,15.23894882,3.47562456,-8.19756126,-11.25262451,7.08654022,-10.77434349,1.19697785,-13.73083973,6.83431625
3.00000000,-15.09294415,-4.05775976,-10.66008091,-0.00023019,7.56346893,-1.27693903,5.51028824,15.15523243,4.12154055,-7.65839434,-11.40297222,7.19589949,-11.39206696,0.65381998,-14.14902592,6.41981125
3.00000000,-14.18930817,-4.81488466,-10.62526131,0.52305603,7.36207390,-1.43055475,5.04048300,15.12734318,3.47084713,-8.38966751,-11.26661015,7.45006371,-11.09605217,0.64800525,-13.42702007,6.14054012
3.00000000,-15.04208183,-3.93854117,-10.63820362,0.27838445,7.37824917,-1.14010441,5.17958498,14.94297314,3.85887337,-8.64145470,-11.25198650,7.38813877,-10.81839943,1.16007710,-13.53825569,6.62060165
3.00000000,-14.51885891,-4.18068027,-10.23893261,0.38671112,7.13710022,-1.44567442,5.14486265,15.21436405,3.53926945,-8.39797688,-11.54782963,6.93742704,-11.33761978,1.01921618,-13.30770206,7.07271767
3.00000000,-15.87008476,-4.88978577,-10.51053524,0.63766122,7.62203693,-1.50715733,5.58993244,14.99944305,4.36830568,-8.43500042,-12.45768356,7.33936834,-10.47646713,0.73603773,-13.61826134,7.32818985
3.00000000,-14.83608341,-5.25800180,-11.18414593,0.73201072,7.32034016,-0.57562310,5.18909740,15.52243996,3.92304516,-8.25584221,-11.73571968,6.69725561,-11.31975746,0.78826332,-13.67574024,6.74378872
3.00000000,-14.89503098,-4.11746597,-10.60687065,-0.07924730,7.50072956,-1.25415790,5.19777346,14.72967339,3.74022579,-8.17245007,-11.60860252,7.02706718,-11.32164383,0.83294445,-13.53057289,6.14826393
3.00000000,-15.18452835,-4.57262564,-11.62264919,0.91351056,7.32161808,-1.34435570,5.59215736,15.82244778,4.47150612,-6.78186893,-11.80362606,6.92520428,-11.31993675,0.32767826,-14.50902081,6.27192402
3.00000000,-13.69995022,-4.28859043,-10.16099739,0.34895742,7.13316631,-1.38046038,5.54812813,14.19559860,4.04221630,-8.19042206,-11.31885147,7.27832985,-11.29758453,0.47165686,-13.17588234,6.22692204
3.00000000,-14.23468208,-4.24153662,-10.34045315,-0.06474435,7.62718391,-1.50872457,5.05475760,15.19830132,3.67048788,-7.86518431,-11.36090279,6.83914614,-11.30152321,1.29222250,-14.04405880,6.97732925
3.00000000,-14.87203693,-4.93608809,-10.45269012,0.21942776,7.02864742,-1.52308083,5.25493336,14.67623806,4.12504148,-8.35091591,-12.06725121,7.37874603,-10.18381882,0.69806451,-13.52678776,6.62680054
3.00000000,-14.46000767,-5.05692387,-10.61328602,0.81590366,7.01602745,-1.55743718,5.25932264,15.65153980,3.62154579,-8.52880573,-11.85608959,7.24714470,-10.85847473,0.81275231,-13.26823139,6.87960625
3.00000000,-13.45049572,-4.35964727,-9.68633938,-0.13347542,6.50643921,-0.94999033,5.34810352,14.73043919,3.39890337,-8.07376385,-11.26730537,7.33526707,-10.70940018,0.46977651,-13.18928814,6.48951626
3.00000000,-14.47394848,-4.47648191,-10.22075081,0.26023674,7.90271187,-1.64253139,5.33243036,15.27929688,3.53642702,-8.32161427,-11.51117611,6.95842981,-11.20246887,0.76798671,-13.23559761,7.21635914
3.00000000,-14.27200413,-4.26897621,-10.39173222,0.27302718,7.70453358,-1.48948073,5.04763269,15.40897846,3.75295639,-8.11765480,-11.11905670,7.02918196,-11.38719559,1.34015417,-14.25039577,7.06049633
3.00000000,-16.46741486,-5.01403236,-11.46648026,1.20190263,7.78278160,-1.51824844,6.33614731,16.35403824,4.67883587,-8.12466431,-13.03456211,7.46399975,-10.99739265,0.46153793,-14.22963047,6.15811634
3.00000000,-14.16267872,-4.15313578,-10.44962883,-0.23434421,7.46232510,-0.97808129,5.00939035,14.52286625,3.89223385,-8.15893555,-10.89541149,7.03800201,-11.09582138,0.80331999,-13.70230103,6.64475632
3.00000000,-13.80349541,-4.16172457,-10.47344875,-0.45912802,7.49111462,-1.57250237,5.32492208,14.35855103,3.87065029,-8.33219814,-10.88542271,7.28075409,-11.17760658,0.50621605,-13.62445736,6.74971294
3.00000000,-13.93499088,-4.70088291,-10.44360256,0.15773547,6.65357590,-1.21822548,5.43597984,15.26599216,3.92103243,-8.52864838,-11.37381840,7.48276520,-10.96123123,0.90879828,-14.15037060,6.67414570
3.00000000,-14.55489349,-5.16966581,-10.62064171,1.05166888,7.22412682,-1.29895067,5.43524122,15.91722298,3.85496902,-8.60390186,-12.10187912,7.26816320,-10.72866440,1.15221286,-13.36490250,6.97759628
3.00000000,-14.32426548,-4.58538103,-9.88610840,0.21945763,8.10221195,-0.99231285,5.26939011,15.01559639,3.72962141,-8.47111320,-11.83051395,7.37013149,-10.91128540,1.38272262,-13.40319347,7.13393116
3.00000000,-14.70725822,-4.15953636,-10.73237324,-0.07507563,7.11974239,-1.53974533,5.26358080,14.81933117,3.79826403,-8.15177822,-11.67927647,7.02610826,-10.97436905,0.79908353,-13.65378284,6.04375935
3.00000000,-14.86509991,-5.07308578,-11.07666588,0.56623626,7.29499435,-1.00362444,6.13922787,15.47427082,4.85874653,-8.39713001,-12.09562588,7.15383863,-10.24957275,0.98434281,-13.96611691,6.91787243
3.00000000,-14.13153648,-4.70744467,-11.56954575,0.41446912,7.30714798,-1.65912771,5.03603935,15.38356686,3.56720972,-8.49448204,-11.21054173,7.42872143,-10.81173897,0.97028440,-13.24796391,6.65292358
3.00000000,-14.29493141,-4.67640543,-10.73667431,0.18567652,7.53057671,-1.29036438,5.28007936,14.85649300,4.41974926,-8.00497818,-11.70945358,6.78587818,-11.30868912,0.48833209,-13.16700840,6.15981674
3.00000000,-13.87548065,-4.08162498,-10.23411465,-0.13716310,7.19918823,-1.53548992,5.43050575,14.50689030,4.15353489,-8.29782200,-11.34479237,7.09329510,-11.00247192,0.63731152,-13.24870777,7.05184937
3.00000000,-15.24218750,-4.42225552,-11.35143280,0.89504707,8.20184994,-1.48740423,5.66862440,16.44808578,4.72154045,-7.69655085,-12.20405293,7.06614304,-11.39409828,1.19777608,-14.77866840,6.66835308
3.00000000,-14.02154255,-4.23984718,-10.24036026,0.26016939,7.18408298,-1.56815052,5.33831215,14.71758652,3.69806671,-8.37737179,-11.51606846,7.23336315,-11.21713829,0.80578762,-13.17816544,6.38883209
3.00000000,-16.39148140,-4.79983759,-11.38204861,1.17669570,8.19970989,-1.60294175,5.99173498,16.79747581,4.43286514,-8.32159615,-12.46489525,6.95913410,-11.31590080,0.68189573,-13.90542221,6.82838345
3.00000000,-15.16915321,-4.44135284,-11.65820312,1.01804471,7.88646412,-1.46769321,5.44560099,16.07449722,4.97897387,-7.24673891,-12.08652020,7.34254503,-11.54436874,0.56144935,-14.92648029,6.48271942
3.00000000,-14.34228039,-4.60765982,-10.63081741,0.37736154,6.71766663,-1.47817552,5.57878065,15.63204002,4.20072412,-7.62958384,-11.69529152,7.52527380,-10.74366760,1.02682042,-13.69505024,6.32451153
3.00000000,-14.69955158,-4.67047358,-10.95301247,0.38309646,7.53072643,-1.32556307,5.04228163,14.45778656,3.36308193,-8.58114052,-11.52262020,7.44458771,-11.13812256,0.34247109,-13.26084328,6.59376812
3.00000000,-15.25045776,-5.02016306,-11.57326412,0.70598817,6.34778214,-0.88688630,5.45382977,16.29094315,4.37815332,-7.78753948,-11.98502922,7.14063025,-11.59487915,0.38242462,-14.21299458,6.18976021
3.00000000,-14.96097565,-4.81061125,-11.47938919,0.59664488,6.65300751,-0.84287125,5.32777739,16.55302620,4.36313343,-7.77959061,-11.98946857,7.14730310,-11.23322487,0.40771765,-14.00233173,6.20365715
3.00000000,-14.42542458,-3.88436246,-10.58818913,0.35937738,6.91992569,-1.22020936,4.75625134,14.84559059,3.62934065,-8.43577576,-11.66928291,7.10085249,-10.60568237,1.08431983,-14.10217667,6.86001205
3.00000000,-15.52186584,-4.73719263,-10.59267998,0.98092568,7.94844246,-1.35620260,5.65777540,15.11976242,4.34680080,-8.53382683,-13.02044201,7.64907360,-11.09272385,0.59672910,-13.88629627,7.20234108
3.00000000,-14.97428989,-5.40257120,-11.94139004,0.74080420,7.16554356,-1.35922050,5.41637945,15.72726250,4.27092648,-7.70649910,-12.22838688,7.19723988,-11.12824631,0.40969923,-13.69833279,5.85511494
3.00000000,-14.05046940,-3.87674189,-9.72464657,-0.06105018,8.08157253,-1.20842421,5.49788189,14.43113422,3.33205223,-8.44618893,-11.13057137,7.17203379,-11.04792023,0.93683338,-13.41533375,6.75698948
3.00000000,-14.22416496,-3.89469981,-10.00911999,-0.04381824,8.17984295,-1.29037631,5.24195528,14.34839058,3.30726194,-7.98730135,-11.15512371,6.94869900,-10.92600441,0.71218324,-13.70400047,6.91685009
3.00000000,-14.45439816,-4.54670000,-10.66901588,0.10023499,7.18839741,-1.59970450,5.44727516,15.44024754,3.93065786,-7.65779114,-11.43124294,7.05920124,-11.15627861,0.45551270,-13.78530598,5.99347401
3.00000000,-14.51174831,-3.98156667,-10.33314133,-0.37298065,7.21405411,-1.32623339,5.35373259,14.89737225,3.94362545,-7.81821728,-11.15627670,7.39626169,-10.98748779,0.53495336,-13.54797745,6.76669025
3.00000000,-15.25599861,-4.82628059,-12.27665710,0.97208691,7.29544353,-1.48148251,5.79959965,16.58850479,4.55297613,-6.55325937,-12.12804604,7.12102032,-11.17243385,0.04696071,-14.65631485,5.58626175
3.00000000,-15.14031124,-4.02870274,-11.08495045,0.09744489,7.25591946,-1.95058346,5.74861288,14.91929626,3.97362614,-8.61815739,-12.02885151,7.05677080,-10.93973923,0.63928717,-13.87017250,6.04466057
3.00000000,-13.16262913,-4.15669680,-9.68264675,-0.32442182,6.48740101,-1.10675764,5.04610777,14.27031803,3.13927841,-8.32114792,-10.80289078,7.21006155,-11.01252556,0.32247865,-12.96285915,6.38393116
3.00000000,-15.23223400,-5.21564198,-11.82898045,0.37047815,6.56464767,-1.19686091,5.80711031,16.10276985,4.28713942,-7.23967409,-12.27742195,6.46647024,-11.64940453,-0.02664635,-14.39902401,6.30132008
3.00000000,-13.96846867,-4.38072681,-10.47946548,0.04403377,7.18501854,-1.33302736,4.91367960,14.89221287,3.75951862,-8.59811211,-11.07463264,7.20746136,-10.99903107,1.26586890,-14.17891598,6.53433132
3.00000000,-14.37886810,-4.22787476,-10.42850399,0.27210438,7.12321663,-0.91266638,5.72989559,15.32545090,3.74936581,-8.85175800,-11.62919140,7.96297312,-10.96423149,0.80999571,-13.13849735,6.55924129
3.00000000,-13.65352058,-4.22470522,-10.37717533,0.17029732,7.22965050,-1.42098927,5.05691433,14.29477406,3.92049360,-8.08011436,-11.11762619,7.20198298,-11.26018715,0.63386667,-13.07791710,6.36427021
3.00000000,-14.47303486,-3.78314519,-10.06040287,-0.26416343,7.11549759,-1.29474294,5.29701567,14.56595516,3.63596630,-7.99356413,-11.53292751,7.02924442,-10.92922401,1.07476783,-13.36421299,6.72654247
3.00000000,-15.29329681,-4.96723700,-11.18323803,0.55546367,7.86128521,-1.54287815,5.69555664,15.25242043,4.67915392,-8.09268761,-12.77383137,7.26501226,-10.72241402,0.47389004,-13.68543720,6.99290657
3.00000000,-16.14319038,-4.94726324,-11.82083130,1.17621994,7.72375202,-1.53339481,6.11245966,17.14279366,4.63547850,-8.23809338,-12.87812233,7.45989752,-11.02726555,0.51793921,-14.38743305,6.28247070
3.00000000,-14.86320496,-4.67476749,-11.21736431,1.01978517,7.08217239,-1.58255684,6.17678928,15.92647839,4.56050444,-7.61979818,-12.04877949,7.59268379,-11.21723747,0.60611027,-14.26643848,5.86291409
3.00000000,-14.37919140,-4.42864227,-10.63257027,0.87907052,7.45965862,-1.63658845,5.13656378,14.69493294,4.15835142,-8.44548607,-11.53275204,7.18945169,-11.23056984,0.75718319,-13.31414700,6.19100571
3.00000000,-15.56912804,-4.67167711,-10.46795940,0.34978318,7.50415611,-1.33809948,5.64519644,15.04416752,4.44212437,-8.36316872,-12.51688957,7.44765472,-10.27943039,0.81742930,-13.51513672,7.02154350
3.00000000,-14.40177917,-3.76858020,-10.53396797,0.24079227,6.55046654,-0.90545177,4.97283220,14.91508579,3.78504848,-8.45164490,-11.70209980,7.19457960,-10.53662872,0.68076152,-13.69357681,6.68364525
3.00000000,-13.93808079,-4.88572550,-10.30280685,0.64662337,7.77399826,-1.13509917,5.31152248,14.59257030,3.60046387,-8.25107574,-11.38702679,7.10239935,-10.98563385,0.84561104,-13.24609089,6.47871017
3.00000000,-13.44150734,-4.08354902,-10.24806976,-0.51216847,7.48424625,-1.42479539,5.02378702,14.00437164,3.08179045,-8.12798786,-10.94108677,7.51624775,-10.94904518,0.92681909,-13.30563164,6.87852383
3.00000000,-14.41211605,-3.97881532,-10.36272430,-0.11453342,7.13333607,-1.55361331,5.26491976,14.61397457,4.10605335,-8.26730251,-11.88061619,7.51943970,-11.30290985,0.66900074,-13.19126415,6.89163303
3.00000000,-13.77670193,-4.61667728,-10.16378307,0.20642698,7.41778946,-1.35014653,5.21504498,14.85509586,4.11164570,-8.18275642,-11.24814606,7.21933222,-11.04152679,1.13271117,-13.57668591,6.94800663
3.00000000,-15.78994656,-4.84260654,-11.54048347,0.99244320,7.40570068,-1.32917845,5.83574438,16.89111137,4.39505959,-8.37798691,-12.47926998,7.36824322,-11.08136559,0.66906554,-13.95828056,6.45909500
3.00000000,-13.95330906,-4.57967997,-10.13884640,0.47529423,7.55363655,-0.72078043,5.09456730,15.41511917,3.84170389,-8.18127728,-11.46641541,7.31088924,-11.40991020,1.38892651,-13.83412933,7.31846237
3.00000000,-14.07566738,-4.60831547,-10.76984692,0.66508412,7.01000977,-1.08781123,5.33194256,15.44717598,3.61785173,-8.83625889,-11.66623783,7.42061758,-10.97174263,0.66590875,-13.03096676,6.41606426
3.00000000,-14.00167465,-4.58283663,-10.02489567,0.20980370,7.60491276,-0.75296932,5.14741898,15.58092308,3.88834333,-7.95319033,-11.64042187,7.41484404,-11.22591782,1.56261063,-14.18004322,7.09992886
3.00000000,-14.75265694,-4.53299665,-11.29829311,0.93397677,7.12318897,-1.19207203,6.07319021,15.91601276,4.68470287,-7.51248169,-12.17705059,7.54142380,-11.35174942,0.89720637,-14.30268764,6.13008118
3.00000000,-15.45259762,-5.17343426,-11.66782379,0.85643768,7.67310810,-1.64958024,5.83834410,16.21261215,4.66731930,-7.97513723,-12.16561699,7.14988470,-11.27270508,0.51028544,-13.95183849,6.12242508
3.00000000,-14.79753876,-4.59508657,-10.55252838,0.51068306,6.73638630,-1.21418083,5.39506960,15.09673405,4.00148916,-8.48898602,-11.79888248,7.36720943,-10.30954361,0.71910095,-13.46379471,6.25782776
3.00000000,-14.44075108,-4.95611143,-11.45753098,0.47744608,7.78461170,-1.54199779,6.24759054,16.03761101,4.47290325,-7.90631771,-12.42418861,7.60865164,-10.16706848,1.19210958,-13.83059978,6.81591415
3.00000000,-14.30521297,-4.61492920,-10.69848919,0.39238524,6.52760410,-1.54895890,5.57816601,15.62159634,4.03522062,-7.81440306,-11.70130920,7.40974092,-10.82239151,0.92467260,-13.71245480,6.40243912
3.00000000,-13.52605057,-4.37191963,-10.23206234,-0.20405763,7.21503162,-1.29260588,5.49276686,14.88623905,3.93477154,-8.08939743,-11.50398827,7.37164211,-10.90488434,0.35151753,-13.15149403,6.65555382
3.00000000,-15.64011955,-4.82727003,-11.48966885,0.75026166,7.86951160,-1.54075301,5.52485132,16.15584564,4.54293728,-7.67171240,-11.67443371,6.74927998,-11.48011208,0.60601628,-14.05154610,6.32393169
3.00000000,-15.43878365,-4.93036509,-11.56379604,0.92581010,7.83396149,-1.55545914,5.44780207,16.46447563,4.30125141,-7.58578157,-11.75293922,6.66369963,-11.46306610,0.55811548,-14.22179413,6.19377613
3.00000000,-15.15246487,-4.12080145,-10.70294285,0.49834013,7.52203846,-1.26945508,4.96412945,15.51227951,3.46127081,-8.80657673,-11.65648270,7.55573225,-10.95636749,1.21665859,-14.00226116,6.95695114
3.00000000,-15.18818188,-5.34002304,-11.57056618,0.82658648,7.11451912,-1.24363339,5.81537247,15.84820938,4.51030064,-7.84317827,-12.06790161,6.98191786,-11.29894257,0.60518658,-14.26045513,5.93430805
3.00000000,-14.78043842,-4.45510197,-10.84525585,0.81546891,7.77622700,-1.41372871,5.38229132,15.36321259,3.63552141,-8.57097244,-11.98816490,7.51588249,-11.07240677,1.19346046,-13.51122189,6.67775154
3.00000000,-13.96986866,-4.62034750,-10.25409317,-0.23866642,6.82060242,-0.81808054,5.58794117,15.19018841,3.86204910,-7.51098680,-10.91349506,6.89711142,-11.12290573,0.65628242,-13.47680378,6.18717957
3.00000000,-14.06699371,-4.42928600,-10.24303913,-0.06349486,7.00174999,-1.19323528,5.63862610,15.23509312,3.83927441,-8.59917259,-11.42417431,7.48301744,-11.18222809,0.94443995,-13.88646412,6.64447880
3.00000000,-14.26457405,-4.20379925,-10.88406181,0.52346122,7.09916115,-1.68291569,5.55791569,15.90460491,4.26744127,-7.52965879,-11.99766636,7.48745060,-11.17298508,0.58261228,-14.40418720,6.51841640
3.00000000,-14.25940609,-3.73865771,-10.20787239,0.12756658,7.46716213,-1.33551764,5.78952932,14.58328438,4.28823471,-8.85283089,-11.35006332,7.51193762,-11.56031990,0.69449711,-13.13447666,6.62121487
3.00000000,-16.36534882,-4.55665207,-11.06521416,0.95902443,8.05554867,-1.65415478,6.13951206,16.35236549,4.36957598,-8.14689255,-12.64321995,7.27171183,-11.14749908,0.75074357,-13.94745827,6.74321651
3.00000000,-14.66767311,-4.74909115,-11.03352833,-0.02230573,7.92498302,-1.49056196,5.20071173,14.85647011,4.21750593,-8.42161655,-11.59985256,6.57384300,-11.20924759,0.36913595,-13.35702419,6.16721725
3.00000000,-16.44499779,-4.77574539,-12.24237251,1.48500538,8.35828400,-1.83246553,6.57613277,16.33412552,4.70592594,-7.17466784,-12.16525650,7.68207312,-11.45388222,0.09217590,-15.02082634,6.51051044
3.00000000,-15.22501087,-4.87096786,-12.05974007,1.38986063,8.08612442,-1.79377687,5.78053284,16.02875900,4.83125305,-6.93838072,-12.52729034,6.85611963,-11.28367233,0.28081381,-14.77029610,6.06346798
3.00000000,-14.36070061,-5.23016882,-10.73122597,0.68962264,7.10611057,-0.80578357,5.24565697,15.47752666,4.08461905,-7.93763161,-11.74432659,7.06426382,-11.13797379,0.90441370,-13.43307495,6.59432220
3.00000000,-13.96938133,-4.45527363,-11.15988827,0.40842867,7.54112053,-1.80183852,5.09426737,14.98451900,3.58019352,-8.44322872,-11.03007507,7.08232164,-10.46461296,0.99394923,-13.49955177,6.58253574
3.00000000,-14.42212486,-4.93168974,-11.50691414,0.69976974,7.41960335,-1.63613641,4.95514679,15.39735794,3.81861687,-8.31181240,-11.49356174,7.44925690,-10.55172920,0.84594798,-13.41349411,6.54522896
3.00000000,-13.91556168,-4.14702845,-10.18114567,0.12878603,7.08391380,-1.53030419,5.44670534,14.65942383,3.78399467,-8.24767113,-11.45627213,7.04185438,-11.29563141,0.91318506,-13.05218887,6.11462116
3.00000000,-15.43819904,-4.39832449,-10.97537327,0.79831612,7.21089935,-1.39814079,5.52485371,16.00310326,3.99017143,-8.95747662,-12.11251068,7.57016754,-10.69474220,1.23885775,-14.24419880,6.62145996
3.00000000,-13.60913944,-4.41825581,-10.41686535,0.54692709,7.00268936,-1.32231987,5.60538530,14.33311462,3.87918854,-8.38393879,-11.32408047,7.26469278,-11.37012291,0.52368557,-12.94157696,6.10374928
3.00000000,-13.75639057,-4.40397549,-10.31571007,-0.22494915,7.85578823,-1.28087461,5.28807592,14.28437424,3.49116468,-8.16381168,-11.15204620,7.46586084,-11.02164078,0.56486875,-13.29217815,6.56238079
3.00000000,-14.41449451,-4.42516947,-10.50945950,0.36983442,7.81300735,-1.01426101,5.30161524,15.06533527,3.47770691,-8.40227890,-11.49253845,7.16834021,-10.87049103,1.09915459,-13.90819836,7.07273293
3.00000000,-14.51313114,-4.08928537,-11.94115639,1.05141425,8.18011856,-1.74365020,5.86246061,16.05821419,4.51830482,-7.08004808,-11.93959904,7.07247734,-11.05728149,0.37568626,-14.63315296,5.91830158
3.00000000,-15.61924267,-5.22805786,-11.47620487,0.23114133,7.99428177,-1.41333246,5.54591131,15.12801647,4.24470043,-8.15066814,-12.52308559,7.00454330,-10.78744316,0.57579172,-13.96463776,7.15041828
3.00000000,-15.30602646,-5.44268370,-11.52231979,1.18803644,6.83964062,-1.53972471,6.08385515,16.14010620,4.96889830,-7.80067348,-12.78733253,7.14279985,-11.13192749,0.54636806,-14.17395687,6.35844135
3.00000000,-14.74564934,-4.80722237,-11.62532234,0.58537960,7.73414516,-1.51514173,6.44857168,16.02023888,4.59607983,-7.99342442,-12.42759705,7.68615580,-10.15779305,1.32058477,-13.82578754,6.90631104
3.00000000,-13.92002201,-4.27215099,-10.51196575,0.39859259,7.44780827,-1.35006714,5.29875374,14.46378517,4.20826626,-8.58100605,-11.40551376,7.23827934,-11.45473099,0.29340014,-13.09215355,6.18604374
3.00000000,-13.51852989,-4.80602694,-10.34037399,0.30017996,6.19559765,-1.23388875,5.40183163,14.69952106,3.70090437,-8.62211514,-11.38627052,7.30197954,-11.05023766,0.50633419,-13.44835377,6.61807346
3.00000000,-14.60747337,-4.73908043,-10.65443993,0.63310575,7.29503918,-1.31457388,5.03689623,15.59870434,3.83823109,-8.11059380,-11.64698696,7.49630690,-11.17927170,1.32102633,-14.38923359,6.95264816
3.00000000,-15.54353046,-4.84333324,-11.82501602,1.09905577,7.80613136,-1.73094904,6.50354195,16.97293091,4.54498053,-8.01414776,-12.72327423,7.55756283,-10.57807732,1.04246891,-14.24568748,6.61024189
3.00000000,-13.98535442,-4.10465717,-10.51271248,0.31080920,7.57155514,-1.44399691,5.23236275,14.95004463,3.73309994,-8.18176079,-11.13456345,7.15368652,-11.09035301,1.27912140,-14.01939106,6.77031040
3.00000000,-15.15406704,-5.05760193,-11.62390614,0.79338479,7.59172058,-1.34748328,6.34311056,16.30853081,4.79010582,-8.01162720,-12.75819302,7.39730215,-10.40650940,0.72527903,-13.70225525,6.15550613
3.00000000,-14.72673416,-4.48136616,-10.46415615,0.30135870,6.79527664,-1.44397140,5.10369444,14.67378044,3.92260408,-8.47831917,-11.59741020,7.23253536,-10.11164665,0.77906829,-13.49481392,6.32823658
3.00000000,-14.75238895,-4.28998184,-11.05464554,0.37854624,8.21042824,-1.35010397,5.18968010,14.59821320,4.77907610,-8.36798859,-11.58396244,6.70870066,-11.26324081,0.37615564,-13.72752762,6.39479446
3.00000000,-14.52008533,-4.41979647,-10.61022949,0.46186411,8.27685356,-0.73892456,4.95142794,15.19882679,3.52049398,-8.62145901,-11.68093872,7.16146946,-11.08068085,1.47449064,-13.43634510,7.05948639
3.00000000,-14.71892262,-4.65486908,-11.36094284,1.11966348,7.33228683,-1.49384296,5.76620054,16.72573280,4.48361397,-7.66521454,-12.93346882,7.70968199,-11.20974922,0.81943709,-14.20845604,6.38115120
3.00000000,-14.62136364,-4.49765539,-11.55003548,0.78155100,7.43237782,-1.23622787,5.79979944,15.64163876,4.05962276,-7.18428898,-11.53483295,7.10172701,-11.14510727,0.47344011,-14.69155884,5.84937477
3.00000000,-14.54878998,-4.41181421,-11.40291405,0.68101716,6.98356819,-1.69189525,5.59583187,16.20621109,4.26461077,-7.33649826,-11.99485207,7.37406349,-11.13912010,0.64064360,-14.74333858,6.44348431
3.00000000,-14.33937645,-4.64011383,-10.81721592,0.43734312,7.02477741,-1.63981259,5.66934586,15.63453579,4.16929674,-8.21854496,-12.05255127,7.15423012,-10.73851395,1.40366507,-14.02709961,6.77492905
3.00000000,-14.15170097,-4.38999271,-10.44562531,-0.30826724,6.31778431,-1.12109447,5.76534653,15.11839104,3.63730049,-8.88464355,-11.37495041,7.36596251,-11.00030708,0.79915392,-13.44474316,6.34622002
3.00000000,-14.70097733,-4.83298445,-10.40332794,0.97292328,7.16254425,-1.44424224,5.47071171,15.66528416,3.37898207,-8.68913460,-12.05809307,7.51246834,-10.70281601,0.98533684,-13.31932831,6.93728256
3.00000000,-14.25485992,-4.70778513,-10.84504414,0.63832295,7.07409096,-1.28250551,5.12125349,15.02759647,3.45724726,-8.76896381,-11.73750782,7.56972933,-10.76971436,0.78812915,-12.95435715,6.59913349
3.00000000,-14.35802746,-4.75669527,-10.80134964,0.44560826,6.37868404,-1.01094854,5.39844656,15.65939903,4.07413197,-8.61297226,-11.92030525,7.39389133,-10.97769928,0.48856920,-14.20469189,6.71203899
3.00000000,-14.88329124,-4.00819969,-11.84465122,0.98466992,7.96563721,-1.89399719,5.71833134,16.07042885,4.22204304,-6.94348431,-11.81048107,7.03917789,-11.18197632,0.54542840,-14.68928719,6.22742176
3.00000000,-14.41190052,-4.67713118,-10.56529331,-0.26787683,6.31681919,-0.86474413,5.67300177,15.04852104,3.99022055,-7.57273293,-11.04813480,6.98153782,-10.97648811,0.30252343,-13.72193909,6.35499859
3.00000000,-15.89221096,-4.72752857,-12.05591583,1.49608207,8.19790363,-1.68233120,5.71613073,16.41791534,4.54039192,-6.96465492,-12.73630142,7.04721737,-11.36149406,0.46918041,-15.08113289,6.08781242
3.00000000,-14.88594151,-5.16248846,-11.30806351,0.39110780,7.21668243,-0.63112897,5.11965513,15.32074451,4.02022266,-8.09066486,-11.57641125,6.83530664,-11.38167953,0.60227013,-13.54090977,6.33645630
3.00000000,-14.94968319,-4.07135868,-10.56999969,0.31011987,7.51879692,-1.03677416,5.15414524,15.53145695,3.54562187,-8.54960251,-11.42321491,7.44606590,-11.04931641,0.93961734,-13.73321152,6.75722885
3.00000000,-14.27099419,-4.68867350,-10.25936413,-0.16756785,6.84558201,-1.02862406,5.28789759,15.09888077,4.02205181,-8.78654289,-11.38680363,7.41597652,-11.17137337,0.64989948,-13.87603092,6.86674500
3.00000000,-14.60385513,-4.55678797,-9.82969475,-0.04909295,6.92446518,-1.48077703,5.31860065,14.15419388,3.23732901,-8.20597839,-11.50717068,7.00934696,-10.57064056,0.52928072,-13.48126221,7.13292027
